Time,True-Roll,True-Pitch,True-Yaw,Acc-X,Acc-Y,Acc-Z,Gyro-X,Gyro-Y,Gyro-Z,Acc-X-True,Acc-Y-True,Acc-Z-True,Gyro-X-True,Gyro-Y-True,Gyro-Z-True
0.0,0.0,0.15,0.0,-1.2542591929319291,0.32316742728293446,9.994477087697529,0.15202969154310655,-0.017952792481581138,0.09127277295532514,-1.4659880795660083,0.3,9.699844274552575,0.12566287931117903,-0.0006661933657531316,0.1
0.01,0.0012566287931117903,0.14999333806634246,0.001,-1.2217476796705011,0.31851286312386595,9.749941458057524,0.14915395378334415,-0.01697885333875371,0.11887201226216473,-1.4596404398727558,0.31216542592960644,9.699846382056679,0.1256603988335261,-0.0013323571439322057,0.1
0.02,0.0025132079766705217,0.14997335285712135,0.002,-1.2596704083918384,0.2868968761270497,9.873573174972663,0.157173367155045,-0.016830268700785286,0.09451067626659386,-1.4531645581876085,0.32428305529396295,9.699852702247643,0.12565295749849223,-0.00266459594019941,0.1
0.03,0.0037696879430816352,0.14994004614753847,0.003,-1.4478197409725613,0.24225893923035616,9.896008773733678,0.15371782676769588,-0.005042471405186516,0.0909371001468356,-1.4465614425641322,0.3363524724589594,9.699863228162538,0.12564055559984874,-0.003996598051649036,0.1
0.04,0.005026019088667497,0.14989342089608837,0.004,-1.2978824269032025,0.24819161939079704,9.898904070481308,0.15633949193445007,-0.03187885969755677,0.1130150896616942,-1.4398321114410604,0.34837326921537376,9.699877948200205,0.12562319362720117,-0.005328245162149192,0.10000000000000005
0.05,0.006282151815625659,0.1498334812442955,0.005000000000000001,-1.3716130078673834,0.31845451453372575,9.912404207554804,0.16572310463225856,-0.03473872180610191,0.1233058564740395,-1.4329775934848679,0.36034504474921125,9.69989684612683,0.12560087226597058,-0.006659418987106647,0.1
0.06,0.007538036533986908,0.14976023251634624,0.006,-1.2892942217302241,0.23652694114475278,9.948288412379164,0.15872011858623059,-0.004914586104767287,0.11233918479940005,-1.4259989274320946,0.37226740561095695,9.699919901083755,0.12557359239736615,-0.007990001283963988,0.1
0.07,0.008793623663572982,0.1496736812186162,0.007000000000000001,-1.1878094318058876,0.1291990180651822,9.895223069998309,0.14313365304819864,-0.03168378593210189,0.10553854936428293,-1.418897161931429,0.38413996568377295,9.6999470875975,0.1255413550983502,-0.009319873862707884,0.1
0.08,0.010048863635953913,0.14957383503909208,0.008,-1.2351182800052825,0.33109430556742403,9.867491296967554,0.12877824837259472,-0.044904260534342155,0.1097400095441717,-1.411673355385585,0.3959623461506711,9.699978375592035,0.12550416164159617,-0.01064891859636763,0.09999999999999991
0.09,0.011303706896404905,0.14946070284668886,0.009,-1.1599625999525431,0.21241968146449475,9.864072473027665,0.17067297259782024,-0.03456908887749026,0.10707900774330464,-1.4043285757929882,0.407734175460695,9.70001373040322,0.12546201349543815,-0.011977017431503978,0.10000000000000009
0.1,0.012558103905862676,0.149334294690462,0.010000000000000002,-1.2176065870157908,0.2395070656220167,9.847784241604925,0.14205985336497368,-0.033475444588387845,0.08819342368936495,-1.3968639005892949,0.4194550892941411,9.70005311279551,0.12541491232381274,-0.01330405239870075,0.10000000000000009
0.11,0.01381200514288116,0.14919462179871484,0.011000000000000001,-1.3422872026748127,0.32898846586172464,9.958531494249467,0.1383891930470191,-0.006451819976818356,0.08637962620301436,-1.3892804164887655,0.43112473052685213,9.700096478980806,0.1253628599861935,-0.01462990562303701,0.09999999999999991
0.12,0.015065361105586546,0.14904169657800126,0.012,-1.432178827268862,0.33101890836066716,9.842524865555042,0.11939956884418076,-0.017258756425329272,0.1038146535599128,-1.381579219325513,0.442742749193615,9.70014378063955,0.1253058585375175,-0.015954459334564797,0.1
0.13,0.01631812231363151,0.14887553261202355,0.013000000000000001,-1.210591699141938,0.23796736989676837,9.962211385219437,0.15054224367842015,-0.015345496277676753,0.10638941379598196,-1.3737614138946441,0.4543088024506936,9.700194964943975,0.12524391022810458,-0.017277595878763263,0.10000000000000009
0.14,0.017570239310148637,0.148696144660426,0.014000000000000002,-1.2317928655654624,0.3753853919239182,9.894566110728759,0.14744944482657862,-0.0216400695085164,0.10539856812395242,-1.3658281137933197,0.4658225545375311,9.700249974583535,0.1251770175035676,-0.018599197726995587,0.09999999999999991
0.15,0.018821662663702863,0.14850354865748364,0.015,-1.2855065790847369,0.45043772309131025,9.852461695034663,0.1224760186413229,-0.021076016401495132,0.11536436758288494,-1.3577804412617422,0.4772836767376503,9.700308747792498,0.12510518300471712,-0.019919147486945066,0.09999999999999991
0.16,0.02007234297024298,0.1482977617106871,0.016,-1.33489656737909,0.29252435504693786,9.944021211399296,0.15196613488833452,-0.04693219074826905,0.10213001076146482,-1.349619527024104,0.4886918473387871,9.700371218379717,0.12502840956745612,-0.021237327913038728,0.10000000000000009
0.17,0.021322230855051985,0.14807880209922286,0.017,-1.249737909870609,0.495268329389295,9.837030093831531,0.1376963710124503,-0.040819002748596796,0.11371023356016552,-1.3413465101295001,0.5000467515922868,9.70043731576049,0.12494670022266795,-0.02255362191686955,0.09999999999999991
0.18,0.02257127697469634,0.1478466892723497,0.018,-1.1971027997228119,0.280888607109624,9.945511562774529,0.18542939406329195,-0.05403303736924536,0.1029961841841272,-1.3329625377928338,0.5113480816717959,9.700506964990604,0.12486005819609819,-0.023867912577595074,0.10000000000000009
0.19,0.02381943201897395,0.14760144384767096,0.019000000000000003,-1.1200886948558617,0.5866669230605832,9.912523596150567,0.13647869620312053,-0.043707563282449936,0.1325809105075561,-1.3244687652357257,0.5225955366312798,9.700580086802434,0.12476848690822565,-0.0251800831523194,0.10000000000000026
0.2,0.02506664671286085,0.1473430876093033,0.020000000000000004,-1.1501451987565035,0.3953877838266847,9.846769707194632,0.13828769801112922,-0.031426697833235165,0.10635159871204626,-1.3158663555274495,0.5337888223624,9.700656597643201,0.12467198997412765,-0.026490017086465423,0.09999999999999991
0.21,0.026312871818456502,0.14707164350594165,0.021,-1.0290766360306585,0.4518893330227884,9.938202519649373,0.13161446609321134,-0.04089791843169325,0.1401946679410147,-1.3071564794259036,0.5449276515512795,9.700736409715253,0.12457057120333834,-0.027797598024124903,0.09999999999999991
0.22,0.02755805813692762,0.14678713564882082,0.022000000000000002,-1.2318261862024265,0.3009649124590854,9.940083569805926,0.16388316753335802,-0.024672485573526463,0.11050921440441096,-1.2983403152186415,0.5560117436346894,9.700819431018433,0.1244642345996966,-0.029102709818398798,0.10000000000000009
0.23,0.028802156510450434,0.14648958930957368,0.023000000000000003,-1.0702170034541352,0.4587471896668988,9.990582131158172,0.13901354748874686,-0.06282810260544988,0.10199396480198182,-1.2894190485639712,0.5670408247556855,9.700905565394507,0.12435298436118974,-0.03040523654171262,0.09999999999999991
0.24,0.030045117824151413,0.14617903091798656,0.024,-1.1279284651757118,0.4945350958207571,9.972741725761114,0.1336962045447724,-0.03956156194515002,0.09163246694796767,-1.2803938723321415,0.5780146277187298,9.700994712573593,0.12423682487978718,-0.031705062496109604,0.09999999999999991
0.25,0.03128689300804618,0.14585548805965148,0.025,-1.0661890463066364,0.48036886456917105,9.93454493472502,0.15503102420178272,-0.06720438517236631,0.08366291237179174,-1.2712659864466298,0.5889328919443204,9.701086768222604,0.12411576074126528,-0.03300207222353552,0.10000000000000009
0.26,0.03252743303897672,0.14551898947351585,0.026000000000000002,-1.1473626157997443,0.45109024929718716,9.804910920855457,0.12353880154642016,-0.048278112720651606,0.09045555372507957,-1.262036597725543,0.5997953634231677,9.701181623995682,0.12398979672503009,-0.03429615051608326,0.10000000000000009
0.27,0.03376668894254678,0.14516956504932982,0.027000000000000003,-1.0170202062533487,0.4326958992706663,10.090584429378723,0.1533914414451986,-0.03987738580098589,0.09221149363149314,-1.25270691972315,0.6106017946699407,9.701279167586597,0.12385893780392475,-0.03558718242623882,0.10000000000000009
0.28,0.035004611795055214,0.14480724582499108,0.028000000000000004,-1.0705164019482725,0.6091115832789672,9.783423690753239,0.17058120420707823,-0.055368485197956674,0.11143004011441349,-1.2432781725715525,0.621351944676616,9.70137928278308,0.12372318914403435,-0.036875053277084235,0.09999999999999974
0.29,0.03624115272542747,0.14443206398378813,0.028999999999999998,-1.1386346405506123,0.5312978985008947,9.97226987575468,0.1523105843965084,-0.045214608706913226,0.09750727499754988,-1.2337515828225127,0.6320455788654595,9.701481849523079,0.12358255610448524,-0.03815964867248112,0.09999999999999974
0.3,0.03747626291714492,0.14404405285154145,0.03,-1.0755206869878358,0.6636990529891401,9.930234368498956,0.15317307102008845,-0.06913907453140405,0.10825824002312373,-1.2241283832894492,0.6426824690416661,9.701586743952912,0.12343704423722901,-0.039440854507240275,0.10000000000000009
0.31,0.03870989361017205,0.14364324689364333,0.031,-1.084332325136506,0.5085080906350962,9.800443852935803,0.1562879574389211,-0.08097695297202782,0.12469981859298888,-1.2144098128896088,0.65326239334569,9.701693838487286,0.12328665928682432,-0.04071855697725113,0.10000000000000009
0.32,0.039941996102881405,0.14322968171199643,0.032,-1.0159247716902733,0.5266269016806945,9.884545444464528,0.16869966809319673,-0.04881111719020399,0.10419519589024087,-1.2045971164864322,0.663785136205292,9.70180300187116,0.123131407190211,-0.04199264258959168,0.10000000000000009
0.33,0.04117252175397627,0.1428033940418515,0.033,-1.1397701950703212,0.6357079980581541,9.887879740724747,0.16117336314042383,-0.032298359651440484,0.1367934193910164,-1.1946915447321207,0.6742504882873317,9.701914099243433,0.12297129407647621,-0.04326299817261209,0.10000000000000009
0.34,0.04240142198441093,0.1423644217485442,0.034,-1.0380817149844355,0.45022794242295466,9.998578196136473,0.14961853840382144,-0.0745345306335705,0.08785969004958352,-1.1846943539104131,0.684658246449332,9.702026992202413,0.1228063262666123,-0.044529510885985,0.10000000000000009
0.35000000000000003,0.04362864827930851,0.1419128038241318,0.035,-0.9936173996155965,0.49522502371372984,9.837355831332697,0.15638667997816483,-0.04255801764470546,0.10328702698255487,-1.1746068057795909,0.6950082136908453,9.702141538873065,0.12263651027326523,-0.04579206823072529,0.09999999999999974
0.36,0.044854152189876234,0.14144858038392968,0.036,-1.0121659264974985,0.6903184297322476,9.87166238672877,0.12943326296936467,-0.06158195830993168,0.0974628702054058,-1.1644301674157118,0.7053001991046424,9.702257593975968,0.12246185280048033,-0.04705055805919317,0.09999999999999974
0.37,0.04607788533531812,0.14097179266294793,0.037,-0.8968145490376452,0.5190589666191948,9.708313075875532,0.15398520592229029,-0.08337879829284241,0.11954892572635863,-1.1541657110560863,0.7155340178277572,9.702375008897997,0.12228236074343507,-0.048304868585041794,0.10000000000000044
0.38,0.047299799404744935,0.14048248301222885,0.038000000000000006,-0.932489390514788,0.47776662023983196,10.0340635788241,0.1270787293320418,-0.08159698976724225,0.07201905493751302,-1.1438147139430126,0.725709490992409,9.702493631764682,0.12209804118816815,-0.049554888393156526,0.10000000000000044
0.39,0.04851984615908148,0.1399806948950848,0.03900000000000001,-0.9857420984421015,0.784032654008817,9.81051670471481,0.13618384219931698,-0.06563491773718427,0.08395861817958755,-1.1333784581677626,0.735826445676828,9.702613307514197,0.12190890141130124,-0.050800506449558136,0.10000000000000009
0.4,0.04973797743297096,0.13946647288323769,0.04000000000000001,-0.9564972473030666,0.5321939488574194,9.92383039806525,0.09521142968132992,-0.07300710666357463,0.1039064122346047,-1.1228582305148445,0.7458847148560088,9.702733877972962,0.12171494887974754,-0.052041612111240754,0.10000000000000009
0.41000000000000003,0.05095414513667643,0.13893986265285999,0.04100000000000001,-0.9409780738388114,0.6690151921438197,9.891876662134065,0.14734972918738784,-0.08783472474199763,0.12891343231176475,-1.112255322306543,0.7558841373524188,9.702855181932849,0.12151619125042139,-0.05327809513602233,0.09999999999999974
0.42,0.05216830125797939,0.13840091098051724,0.042,-0.9226735928903526,0.669186578400166,9.89237073583128,0.13139993034128547,-0.09485666675523474,0.1091400009979297,-1.1015710292477394,0.7658245577866798,9.702977055229896,0.12131263636993399,-0.054509845692339576,0.09999999999999974
0.43,0.05338039786407511,0.1378496657390132,0.043000000000000003,-1.0907292985542756,0.44714010296328505,9.965190610533098,0.1575593767711596,-0.0835282698670598,0.0854252311719606,-1.0908066512710317,0.7757058265282533,9.70309933082457,0.1211042922742829,-0.05573675436898046,0.10000000000000009
0.44,0.054590387103465046,0.13728617589313763,0.044000000000000004,-0.9590179073875015,0.6609005719878347,10.033305732392412,0.146570600881813,-0.06905852621688117,0.08767302103025137,-1.0799634923821524,0.7855277996461458,9.703221838883499,0.12089116718853737,-0.05695871218482085,0.10000000000000009
0.45,0.05579822120784586,0.13671049149531678,0.045000000000000005,-1.0411803628999505,0.727138279720766,9.919524735626409,0.1570698268822463,-0.07322624872600615,0.1306033333942847,-1.0690428605056927,0.7952903388596597,9.70334440686263,0.12067326952650906,-0.05817561059850568,0.10000000000000009
0.46,0.05700385249399523,0.13612266368116752,0.046000000000000006,-0.8083524512557971,0.7280820785970623,9.95216139610529,0.12353004477573779,-0.08214377031153032,0.09627286395568657,-1.058046067331142,0.80499331148921,9.703466859591826,0.12045060789042522,-0.05938734151807734,0.10000000000000009
0.47000000000000003,0.058207233365654365,0.13552274466495523,0.04700000000000001,-0.9031041067266156,0.7800547784632933,9.926373271260532,0.15514522842842368,-0.0728259144652438,0.09158433778717966,-1.0469744281592497,0.8146365904072309,9.703589019360814,0.12022319107058803,-0.060593797310593,0.09999999999999974
0.48,0.05940831631540699,0.13491078773495566,0.048,-0.9022983718959627,0.6871391050203116,9.98034919817161,0.17098885247921472,-0.06129326507848443,0.12775010323617234,-1.0358292617487097,0.8242200539891869,9.703710706006483,0.11999102804502136,-0.061794870811673897,0.09999999999999974
0.49,0.06060705392655479,0.13428684724872175,0.049,-0.8051903943864925,0.7851842392212627,9.862331389566467,0.15062302668445104,-0.07233902408075756,0.12073303167732909,-1.0246118901631838,0.8337435860647133,9.703831737001464,0.11975412797912456,-0.06299045533502412,0.10000000000000009
0.5,0.06180339887498948,0.13365097862825517,0.05,-0.8316094527582876,0.682847496421174,9.984836110099645,0.15074939797666387,-0.08119787979127635,0.12468202763064035,-1.013323638618656,0.8432070758689064,9.703951927544,0.11951250022530814,-0.0641804446819133,0.10000000000000009
0.51,0.06299730393106096,0.1330032383550835,0.051000000000000004,-0.9440961407199346,0.6348528431527241,9.987049666685104,0.14125412280334457,-0.06657111407590449,0.09153599764538949,-1.0019658353311374,0.852610417993774,9.704071090649009,0.11926615432262117,-0.06536473315060937,0.10000000000000009
0.52,0.0641887219614419,0.132343683965243,0.052000000000000005,-0.8461860100942203,0.6536888936782598,9.983739281222075,0.13055754195716754,-0.09616253337427777,0.08293464959569295,-0.990539811364715,0.8619535123398745,9.70418903724034,0.11901509999637724,-0.06654321554576126,0.10000000000000009
0.53,0.0653776059309885,0.13167237404416826,0.053000000000000005,-0.8551774744567524,0.6488463973751779,9.845228114748114,0.14950947841485093,-0.08616294749950716,0.10778040974745443,-0.9790469004799596,0.8712362640681545,9.704305576244188,0.1187593471577715,-0.06771578718774846,0.10000000000000009
0.54,0.06656390890459733,0.13098936822148802,0.054000000000000006,-0.9552096906108448,0.8549837483876072,9.885651247964718,0.11518335027722762,-0.08701916174652813,0.11088164614546596,-0.9674884389826859,0.8804585835520068,9.704420514683603,0.11849890590348924,-0.06888234392197906,0.10000000000000009
0.55,0.06774758404905828,0.13029472716572868,0.05500000000000001,-0.8588337038447986,0.6630348531691745,9.920285553879232,0.13122737297293782,-0.10378174647733585,0.11149031639669583,-0.955865765573084,0.8896203863295596,9.704533657774054,0.11823378651530381,-0.07004278212813658,0.10000000000000009
0.56,0.06892858463490341,0.12958851257892529,0.05600000000000001,-0.8068546746852695,0.8144713117081032,9.790682468006834,0.11057244377199857,-0.09267622002880926,0.12825927899086942,-0.9441802211952113,0.8987215930562171,9.704644809020037,0.11796399945967623,-0.07119699872939061,0.10000000000000009
0.5700000000000001,0.07010686403825181,0.12887078719114087,0.05700000000000001,-0.7904362614199166,0.7802377036221975,10.02839356150746,0.12614587256394894,-0.11860236922999287,0.07997450283861192,-0.9324331488868627,0.9077621294574644,9.704753770312646,0.1176895553873368,-0.07234489120155063,0.0999999999999994
0.58,0.07128237574265014,0.12814161475489427,0.057999999999999996,-0.8877347547383727,0.8031067333454631,9.89993739578774,0.14613458262569118,-0.0600330347834301,0.11894571186138703,-0.9206258936298115,0.9167419262819498,9.704860342028102,0.11741046513286599,-0.07348635758216981,0.0999999999999994
0.59,0.07245507334090913,0.12740106003949747,0.059,-0.6637033686938582,0.9290615389771623,9.926457899741948,0.14391166477863,-0.10382570756978632,0.08962604209453527,-0.9087598022004371,0.9256609192548605,9.704964323127168,0.11712673971427182,-0.07462129647960031,0.10000000000000009
0.6,0.07362491053693558,0.12664918882530227,0.06,-0.7514556135215014,0.7928997382042895,9.856613609185587,0.13678299009233824,-0.06715874133196612,0.11905855103873936,-0.8968362230207321,0.9345190490316018,9.705065511255423,0.11683839033254789,-0.075749607082011,0.10000000000000009
0.61,0.07479184114756009,0.12588606789785725,0.061,-0.7278209332510636,0.8854758018403519,9.79743595169743,0.13821238808690375,-0.09160447440916843,0.09916470755150936,-0.8848565060096977,0.9433162611517936,9.70516370284436,0.11654542837123208,-0.07687118916632901,0.10000000000000009
0.62,0.07595581910436022,0.1251117650419757,0.062,-0.6862661071175838,0.8482161609560097,9.854511962259608,0.10699122725242076,-0.08491254030318751,0.09393512075475538,-0.8728220024351334,0.9520525059935939,9.705258693213224,0.11624786539596102,-0.07798594310714849,0.10000000000000009
0.63,0.07711679845547931,0.12432634903571428,0.063,-0.7707904480524379,0.8412782981776086,9.921318670361005,0.12934031908592664,-0.10183359754161045,0.0970204662616411,-0.8607340647658209,0.9607277387283646,9.70535027667163,0.11594571315401356,-0.07909376988557842,0.10000000000000009
0.64,0.0782747333674405,0.12352988964426412,0.064,-0.6588817579036836,1.0448057823477472,9.957917791247644,0.12449688024221958,-0.09243076660701546,0.08446576663227537,-0.8485940465241063,0.9693419192756816,9.705438246622808,0.11563898357384098,-0.0801945710980391,0.10000000000000009
0.65,0.07942957812695613,0.1227224576137535,0.065,-0.712180145670802,0.7531701482864235,9.91722468362622,0.12450014460415276,-0.08683502950668501,0.10688361075771867,-0.8364033021388831,0.9778950122587065,9.705522395667519,0.11532768876460209,-0.08128824896500159,0.10000000000000009
0.66,0.08058128714273254,0.12190412466496409,0.066,-0.7422426931827795,0.9789570391820347,9.932457189078733,0.14307650305010786,-0.08775745835069146,0.09458778920020125,-0.8241631867989859,0.9863869869599231,9.705602515708545,0.11501184101568446,-0.0823747063396732,0.10000000000000009
0.67,0.08172981494726982,0.12107496348696004,0.067,-0.6117911354442053,0.9378528991467404,9.878886842204128,0.12071030498941143,-0.08711665712524143,0.11803016137597624,-0.8118750563069872,0.9948178172772513,9.70567839805577,0.1146914527962152,-0.08345384671663014,0.10000000000000009
0.68,0.08287511619865684,0.12023504773063148,0.068,-0.5273759062028728,0.8544102137003718,9.94613530822142,0.1242805224459472,-0.1053478420953331,0.115977222602555,-0.7995402669334103,1.0031874816805384,9.705749833531709,0.11436653675457181,-0.0845255742403836,0.10000000000000009
0.6900000000000001,0.08401714568236125,0.11938445200215236,0.069,-0.575829587415185,1.0319412238404544,10.028981562769134,0.10166685362607064,-0.10799693908190865,0.13169486289110413,-0.7871601752713566,1.0114959631684433,9.70581661257753,0.1140371057178853,-0.08558979371389719,0.10000000000000009
0.7000000000000001,0.08515585831301455,0.11852325185635354,0.07,-0.5469828043923208,0.7631297851514938,9.967754003398841,0.12816627650324436,-0.12570155273596686,0.11190838296254614,-0.7747361380915535,1.019743249225714,9.705878525359498,0.11370317269152677,-0.08664641060704345,0.0999999999999994
0.71,0.08629120913619179,0.1176515237900115,0.071,-0.6493534409835012,0.8771080748691568,9.976950004800711,0.11595783643618404,-0.09498141530505093,0.11421984790745941,-0.7622695121978215,1.02792933178086,9.70593536187576,0.11336475085860151,-0.08769533106500124,0.0999999999999994
0.72,0.08742315333018658,0.11676934523505351,0.072,-0.7237775380916801,0.830058887888193,9.935274152324892,0.1333593835023444,-0.08751672498992394,0.12748346126817475,-0.7497616542829701,1.0360542071642367,9.705986912063473,0.11302185357942585,-0.08873646191659146,0.10000000000000009
0.73,0.0885516462077803,0.11587679455167967,0.073,-0.4641273503529817,0.970082468888401,9.789679223462539,0.11756853959825078,-0.08044521350690786,0.09711882312799625,-0.7372139207851218,1.0441178760665282,9.706032965906209,0.11267449439099353,-0.08976971068255235,0.10000000000000009
0.74,0.08967664321800645,0.11497395102140247,0.074,-0.4057046477375601,0.8544604151636392,9.82592672234959,0.1330541070733624,-0.10116298052069514,0.08420179864228564,-0.7246276677444683,1.0521203434976472,9.706073313541584,0.11232268700645254,-0.09079498558375171,0.10000000000000078
0.75,0.09079809994790936,0.11406089484000463,0.07500000000000001,-0.4329289293073947,0.9861562142654117,9.94484679590276,0.12864240271350488,-0.11823391651469473,0.10947823511354599,-0.712004250660464,1.0600616187460443,9.706107745369076,0.11196644531455621,-0.09181219554934492,0.10000000000000078
0.76,0.09191597212429757,0.11313770711041557,0.07600000000000001,-0.5712724237256026,0.9451558796017033,9.90687954785003,0.15569192078466268,-0.13320028233884487,0.08501842584644984,-0.6993450243494574,1.0679417153384312,9.706136052157976,0.11160578337911578,-0.09282125022486293,0.10000000000000009
0.77,0.09303021561549167,0.11220446983550737,0.07700000000000001,-0.623870155569258,0.9295869849563363,9.94231247557454,0.13769950793974384,-0.09322426105713041,0.14321434872011798,-0.6866513428027672,1.0757606509999227,9.706158025155458,0.11124071543844663,-0.09382205998023432,0.10000000000000009
0.78,0.0941407864330665,0.11126126591081088,0.07800000000000001,-0.6018832964496279,1.0074187956884713,10.039229206536772,0.10230630534730634,-0.13669010252944763,0.12815865482825184,-0.6739245590452045,1.0835184476145883,9.70617345619465,0.11087125590480765,-0.09481453591774908,0.10000000000000009
0.79,0.09524764073358782,0.11030817911715239,0.07900000000000001,-0.6383822976672607,0.961872183197829,9.964059327990494,0.11055710504284348,-0.11597557133569249,0.13885597492478385,-0.6611660249940483,1.0912151311864242,9.706182137802754,0.11049741936382806,-0.09579858987995779,0.10000000000000009
0.8,0.09635073482034306,0.10934529411321173,0.08000000000000002,-0.5002775687937961,0.9037919898409958,10.007194057296896,0.1300322461674166,-0.11515707666412613,0.10733319647834279,-0.6483770913184713,1.098850731800736,9.706183863309096,0.11011922057393153,-0.096774134457496,0.10000000000000009
0.81,0.09745002514506645,0.10837269642800247,0.08100000000000002,-0.3495493034611852,1.2213668718346584,9.913717734403276,0.11491533798755214,-0.11364081594126212,0.11462658630821561,-0.6355591072994304,1.106425283585933,9.706178426953084,0.10973667446576296,-0.09774108299685225,0.10000000000000009
0.8200000000000001,0.09854546830965832,0.10739047245327468,0.08200000000000002,-0.47696580935930666,0.9651438698787573,9.843318620326086,0.08396451695409843,-0.1131288291140947,0.09938902482724216,-0.6227134206900151,1.1139388246757354,9.706165623992026,0.10934979614158624,-0.09869934960806959,0.10000000000000009
0.8300000000000001,0.09963702106789818,0.10639870943584108,0.08300000000000002,-0.4281699419569564,0.8329002066506398,9.904164070551518,0.14835182417755777,-0.11243276097874337,0.11949940030790723,-0.6098413775762673,1.1213913971717826,9.706145250808797,0.10895860087469234,-0.09964884917236447,0.0999999999999994
0.84,0.10072464032715217,0.10539749546982739,0.084,-0.3272888053056733,0.9513651530805071,9.842865702435603,0.13849290130481381,-0.15171675995721798,0.08796890437625568,-0.5969443222384715,1.1287830471066487,9.706117105019217,0.10856310410880463,-0.10058949734969708,0.0999999999999994
0.85,0.10180828315007427,0.10438691948884714,0.085,-0.4572276962439175,0.925948601638192,10.031165655169309,0.13513390864783134,-0.11634791137906525,0.06818374867256721,-0.5840235970129208,1.1361138244072544,9.706080985579217,0.1081633214574558,-0.10152121058625632,0.10000000000000009
0.86,0.10288790675630129,0.10336707125810227,0.08600000000000001,-0.24867068047285867,1.1014669784960969,9.968762121591185,0.11773881487950368,-0.15086188882587892,0.094342487362621,-0.5710805421541678,1.1433837828586702,9.70603669289163,0.1077592687033814,-0.10244390612188375,0.10000000000000009
0.87,0.1039634685241419,0.10233804136640946,0.08700000000000001,-0.23924112331028338,1.0650754718497533,9.946094783578308,0.1329223892342828,-0.10728138553260083,0.08440946472789036,-0.5581164956977593,1.15059298006831,9.705984028912662,0.10735096179789322,-0.10335750199743018,0.10000000000000009
0.88,0.10503492599225915,0.10129992121815366,0.08800000000000001,-0.3963664487816145,1.077140997405883,10.004900419675467,0.11542984501599321,-0.1274709942116555,0.12829216228606968,-0.5451327933234624,1.157741477430504,9.705922797257903,0.1069384168602458,-0.10426191706202556,0.10000000000000009
0.89,0.10610223686134682,0.10025280302516895,0.08900000000000001,-0.4205083990822029,1.02228999416992,9.744481196962669,0.12862606637382554,-0.1522918803611245,0.1334380932625885,-0.5321307682189917,1.164829340091445,9.705852803307925,0.10652165017700915,-0.10515707098029403,0.10000000000000009
0.9,0.10716535899579933,0.09919677979854778,0.09000000000000001,-0.3040663236856187,1.0351352063442252,9.954220960989517,0.1113250048016751,-0.13313269356034305,0.08522355412140449,-0.5191117509442358,1.1718566369145038,9.705773854313348,0.10610067820141719,-0.1060428842394899,0.10000000000000009
0.91,0.10822425042537516,0.09813194534037915,0.09100000000000001,-0.3746024480890908,1.0337940327005135,9.802692270798035,0.14745485742263958,-0.13057917896422194,0.12572148730305138,-0.5060770692959938,1.1788234404459,9.705685759499366,0.1056755175527245,-0.10691927815655658,0.10000000000000009
0.92,0.10927886934685382,0.09705839423541665,0.09200000000000001,-0.4260767892346302,1.0632792358159568,9.906935850420437,0.10072522503250528,-0.10491420621689104,0.12050700089086008,-0.49302804817322843,1.185729826880726,9.70558833016968,0.10524618501554506,-0.10778617488511888,0.10000000000000009
0.93,0.11032917412568606,0.09597622184267678,0.09300000000000001,-0.21837655445387563,1.1435609318698137,9.883134879214964,0.14201187442871965,-0.12065454850540878,0.08271873223523357,-0.4799660094428374,1.1925758760293073,9.705481379809811,0.10481269753918887,-0.10864349742239973,0.10000000000000009
0.9400000000000001,0.1113751232976376,0.09488552428696866,0.09400000000000001,-0.20890010130051995,1.1091682697968186,9.963026793334631,0.12350466194137041,-0.1193829626146408,0.10068689131641445,-0.466892271805955,1.1993616712838981,9.705364724189689,0.10437507223700279,-0.10949116961605013,0.10000000000000009
0.9500000000000001,0.11241667557042612,0.09378639845035577,0.09500000000000001,-0.2826429306399577,1.1288651063728212,9.928804621966124,0.11510661267824807,-0.10759616292382837,0.09777338246578339,-0.4538081506647887,1.2060872995856948,9.705238181465576,0.10393332638568564,-0.11032911617092564,0.0999999999999994
0.96,0.11345378982535131,0.09267894196355014,0.096,-0.3827388546967675,1.1348636449497314,10.017814281303417,0.12429878218284501,-0.12760182406552797,0.11766920882103057,-0.44071495798999444,1.2127528513921584,9.70510157228116,0.10348747742460196,-0.11115726265576928,0.0999999999999994
0.97,0.11448642511891816,0.09156325319724039,0.097,-0.3674638196291732,1.1716705317758673,9.862755884223619,0.13230403617172384,-0.11567657726877743,0.08804401440521263,-0.4276140021886046,1.219358420644636,9.704954719867892,0.103037542955111,-0.11197553550982148,0.10000000000000009
0.98,0.11551454068445353,0.09043943125335371,0.098,-0.24705894675619028,1.1298199146049244,9.96837913842086,0.14133600320408343,-0.11766620713161405,0.10504123376305179,-0.4145065879725099,1.2259041047362722,9.704797450144428,0.10258354073985274,-0.11278386204935723,0.10000000000000009
0.99,0.11653809593371521,0.08930757595625324,0.099,-0.28220710132424626,1.1427745189587686,9.92508961511479,0.12487895828734015,-0.14822451041464352,0.0963092236381699,-0.40139401622750764,1.2323900044801843,9.704629591815191,0.10212548870205465,-0.11358217047413716,0.10000000000000009
1.0,0.11755705045849463,0.08816778784387097,0.1,-0.2572174158015083,1.2150372109974392,9.781857214415092,0.1064099899113942,-0.10762667328281714,0.11355881409771583,-0.3882775838829216,1.2388162240779128,9.704450976468,0.1016634049248323,-0.11437038987379203,0.10000000000000009
1.01,0.11857136403221186,0.0870201681587774,0.101,-0.13444355845882772,1.073074783677966,9.839118908924982,0.12006799467837276,-0.1518302886834186,0.10304722647476233,-0.3751585837818034,1.2451828710881054,9.7042614386707,0.10119730765045729,-0.11514845023411699,0.10000000000000009
1.02,0.11958099661150377,0.08586481883918863,0.10200000000000001,-0.1431483213439548,1.0635346646405992,9.900964457702315,0.14594144613521617,-0.1174678614155481,0.09841315192740425,-0.36203830455172326,1.251490056395446,9.704060816066795,0.10072721527965428,-0.1159162824432923,0.10000000000000009
1.03,0.12058590833780494,0.08470184250991156,0.10300000000000001,-0.07863317087482073,1.0431504996828957,10.002825006630605,0.13838870648391538,-0.1546663437305979,0.10305098284497027,-0.3489180304761597,1.2577378941797976,9.703848949469986,0.10025314637086558,-0.11667381829802148,0.10000000000000009
1.04,0.12158605953892108,0.0835313424732282,0.10400000000000001,-0.2541900377261605,1.1596595100492193,9.952021667538645,0.1313929057658555,-0.12371926340777992,0.13682180853372392,-0.33579904136649785,1.2639265018855517,9.703625682957641,0.0997751196395183,-0.11742099050959035,0.10000000000000009
1.05,0.12258141073059531,0.08235342269971975,0.10500000000000001,-0.18925807257743035,1.003539216938981,9.820978671272478,0.12919001797177324,-0.10541379285707442,0.0999402279344974,-0.32268261243464413,1.2700560001911687,9.703390863963092,0.09929315395728958,-0.1181577327098407,0.10000000000000009
1.06,0.12357192261806688,0.08116818781903139,0.10600000000000001,-0.08764744682482214,1.1947504936546414,9.90300391430783,0.1273233390528628,-0.13729139337114238,0.09056281365423047,-0.30957001416627034,1.2761265129788928,9.703144343366766,0.09880726835136064,-0.11888397945707327,0.10000000000000009
1.07,0.12455755609762252,0.07997574311057828,0.10700000000000001,-0.09881705618358451,1.154236152052323,10.077487747950057,0.13370473847439868,-0.1387423022609139,0.11492798556923609,-0.29646251219469194,1.2821381673046264,9.702885975586094,0.09831748200366253,-0.11959966624185137,0.10000000000000009
1.08,0.12553827225814013,0.07877619449419436,0.10800000000000001,2.2234780185745318e-05,1.258481513048584,9.925848852785435,0.10897405159516643,-0.12642130685440714,0.10403206250512155,-0.2833613671754004,1.2880910933679461,9.702615618664145,0.09782381425011907,-0.12030472949273521,0.10000000000000009
1.09,0.1265140323826249,0.07756964852072358,0.10900000000000001,-0.07504006414638273,1.1204754031570545,9.891110801194484,0.09507946217910401,-0.14112087991119246,0.08485136125128602,-0.2702678346612476,1.2939854244822482,9.70233313435699,0.09732628457989195,-0.12099910658193436,0.10000000000000009
1.1,0.12748479794973797,0.07635621236255567,0.11000000000000001,0.05223815061983127,1.1629019433521202,9.956417076881682,0.11602631098155151,-0.10970801540724322,0.13961110083113387,-0.25718316497830535,1.2998212970450012,9.702038388219705,0.09682491263459936,-0.12168273583085462,0.10000000000000009
1.11,0.1284505306353169,0.07513599380410649,0.11100000000000002,-0.04001175340637374,1.2756963460454998,9.977695156077539,0.10228431412024624,-0.13496326459541388,0.10086076954395011,-0.24410860310240529,1.3055988505080929,9.701731249691004,0.09631971820754509,-0.12235555651559718,0.10000000000000009
1.12,0.12941119231388887,0.07390910123224373,0.11200000000000002,0.013997935632111519,1.3019689221227908,9.880223515852341,0.0981668800153162,-0.143386519843142,0.10061499715139946,-0.23104538853636908,1.3113182273482542,9.701411592176493,0.09581072124294349,-0.12301750887234036,0.10000000000000009
1.1300000000000001,0.13036674506017576,0.07267564362665968,0.11300000000000002,-0.08436974712212124,1.1417450064141093,9.956834353765895,0.1026098653752699,-0.14741992306148083,0.10868813873344171,-0.21799475518794847,1.316979573037537,9.701079293130437,0.09529794183512214,-0.12366853410264306,0.10000000000000009
1.1400000000000001,0.1313171511505913,0.07143573055019087,0.11400000000000002,-0.044063783918067895,1.2157962140821594,9.889501114782547,0.1502457702593341,-0.1539640723302831,0.13235899704751974,-0.20495793124847955,1.3225830360138398,9.700734234136085,0.09478140022773224,-0.12430857437868426,0.10000000000000009
1.1500000000000001,0.1322623730647304,0.070189472139086,0.11500000000000002,0.04092263355194065,1.2289048809860175,9.971593085736565,0.11454074505388129,-0.15023298968072302,0.08115811891525014,-0.19193613907226753,1.3281287676514442,9.70037630098446,0.09426111681295063,-0.12493757284838397,0.0999999999999987
1.16,0.13320237348685032,0.06893697909322319,0.11599999999999999,0.10937243468652513,1.2405183426493998,9.927562320560668,0.11734730419595168,-0.14664673048097435,0.11023160484870576,-0.17893059505671693,1.3336169222315701,9.700005383751618,0.09373711213067903,-0.12555547364046168,0.0999999999999987
1.17,0.13413711530734398,0.06767836266627676,0.11699999999999999,0.05313657873439326,1.195908411758995,9.952000348679926,0.09331044025339384,-0.14925486129802,0.13741578721469522,-0.16594250952321427,1.3390476569129053,9.69962137687431,0.09320940686772805,-0.12616222186939696,0.10000000000000009
1.18,0.13506656162420488,0.06641373465583525,0.118,0.0010942877512899792,1.3237960817786976,9.852292528036038,0.08357635973747488,-0.15217408067322294,0.10812470966334438,-0.15297308659878506,1.344421131702105,9.699224179224048,0.09267802185699281,-0.12675776364030333,0.10000000000000009
1.19,0.13599067574448384,0.0651432073934707,0.119,0.1305957357296615,1.0757482275215604,9.846086585015533,0.0985067020018791,-0.11139004651684754,0.08764961718736078,-0.1400235240985303,1.3497375094242443,9.698813694179522,0.09214297807664251,-0.12734204605371752,0.10000000000000009
1.2,0.13690942118573773,0.0638668937347609,0.12,-0.14150150193108946,1.200026272609151,9.986896655483475,0.13177916445504273,-0.15897967347522468,0.09683497267253323,-0.12709501340886464,1.3549969556931953,9.69838982969734,0.09160429664929332,-0.12791501721029427,0.10000000000000009
1.21,0.1378227616774697,0.06258490704926481,0.121,-0.06661398378984952,1.275443977195507,9.904066608811718,0.11454300926349488,-0.14189795466339095,0.10904569665557223,-0.11418873937156421,1.3601996388819177,9.697952498381062,0.09106199884116317,-0.12847662621542702,0.10000000000000009
1.22,0.138730661162561,0.06129736121045236,0.122,0.11480246590890394,1.2813461871411238,9.932867893956505,0.11798100251650469,-0.13576345836080272,0.125919210973657,-0.10130588016864217,1.3653457300926408,9.697501617548511,0.09051610606124055,-0.12902682318375497,0.10000000000000009
1.23,0.13963308379869452,0.06000437058558971,0.123,0.07348565969240174,1.3581031078428925,9.885586970461667,0.11947888737506926,-0.13543070359628565,0.10100312616283616,-0.08844760720806777,1.370435403126917,9.697037109297298,0.08996663986044207,-0.1295655592435989,0.10000000000000009
1.24,0.14052999395976984,0.05870605002558038,0.124,0.1350817490876073,1.3517331190045154,9.983671720278481,0.09885268391036288,-0.1462653701557491,0.11843214017626982,-0.07561508501034048,1.3754688344555328,9.696558900568588,0.08941362193074925,-0.13009278654131198,0.10000000000000009
1.25,0.1414213562373095,0.05740251485476347,0.125,0.10383152514374372,1.2388814468932705,9.86284014460118,0.1278844125678796,-0.1496464815080384,0.08454505247815594,-0.06280947109593815,1.380446203188248,9.696066923209012,0.08885707410436205,-0.13060845824551628,0.10000000000000009
1.26,0.14230713544185708,0.056093880860670055,0.126,0.159321937072999,1.3698276659700512,9.899271312791049,0.09694462104491296,-0.13967001826508144,0.08451918756138649,-0.05003191587365502,1.3853676910433579,9.69556111403076,0.0882970183528356,-0.1311125285512641,0.10000000000000009
1.27,0.14318729660436622,0.05478026428373819,0.127,0.060643016523601684,1.2114565225347842,9.971953382816723,0.12710407029408516,-0.14302306869346668,0.09898048933610727,-0.03728356252984322,1.3902334823170452,9.695041414869793,0.08773347678621563,-0.1316049526841223,0.10000000000000009
1.28,0.1440618049775814,0.05346178180698761,0.128,0.18339301203914735,1.3480115279822735,10.002719487481759,0.11214135753478142,-0.1514334280021725,0.12771575329874116,-0.024565546918574377,1.395043763852515,9.694507772642162,0.08716647165215585,-0.13208568690413203,0.10000000000000009
1.29,0.14493062603740933,0.05213855054565555,0.129,0.23187000771442617,1.4240877206271576,9.86585679136705,0.07826165362852468,-0.17142347607451539,0.10724203883841994,-0.011878997452742956,1.3997987250088808,9.69396013939839,0.08659602533504646,-0.1325546885096944,0.10000000000000009
1.3,0.14579372548428232,0.05081068803679372,0.13,0.2617164415575921,1.3816332026943,10.06265035297619,0.09322111606211507,-0.15559330911198618,0.11049914220176348,0.0007749650038795242,1.4044985576297981,9.693398472375947,0.08602216035513283,-0.13301191584138075,0.10000000000000009
1.31,0.146651069244512,0.04947831222882793,0.131,0.33960845782058163,1.2987236433305682,9.929890055936873,0.07707751724179293,-0.16632454017751575,0.11032218372100205,0.013395227243617303,1.409143456011813,9.692822734049715,0.08544489936762323,-0.13345732828561538,0.10000000000000009
1.32,0.1475026234716348,0.04814154147108141,0.132,0.2089243117770407,1.2696637441416339,9.82069207778221,0.12055134250214984,-0.15967924370781522,0.1228562006510278,0.02598068382087232,1.413733616872413,9.692232892180494,0.0848642651617923,-0.13389088627828483,0.10000000000000009
1.33,0.14834835454774783,0.046800494503262235,0.133,0.22509669289282683,1.1768599369692165,9.932447155272154,0.10220747374851795,-0.14963435458558544,0.09696299409325133,0.03853023715710158,1.418269239317763,9.691628919861495,0.08428028066008175,-0.13431255130826567,0.10000000000000009
1.34,0.14918822908483642,0.0454552904449161,0.134,0.09384781299853161,1.328518677789202,9.871214864456096,0.0684633163632782,-0.14519872244055185,0.11650503295780715,0.05104279764477032,1.4227505248101047,9.69101079556279,0.08369296891720529,-0.1347222859208328,0.10000000000000009
1.35,0.15002221392609194,0.04410604878484558,0.135,0.18628603407920252,1.2178176604137072,9.935805608715336,0.1070268649594663,-0.12432039430481433,0.09360216713005826,0.06351728375025989,1.4271776771348021,9.69037850317372,0.08310235311921738,-0.13512005372098393,0.10000000000000009
1.36,0.15085027614722077,0.04275288937049642,0.136,0.22590801424691703,1.2484719296285365,9.897716773675473,0.09276608562503816,-0.15955640041052258,0.13576267166281047,0.07595262211571752,1.431550902367014,9.68973203204325,0.08250845658262229,-0.1355058193766863,0.10000000000000009
1.37,0.1516723830577444,0.04139593239731185,0.137,0.3366506278018263,1.2194484309589502,9.907704190500366,0.07810183551522608,-0.14016693790030058,0.09402351269077387,0.08834774765982728,1.4358704088379823,9.689071377018205,0.08191130275344155,-0.13587954862200533,0.10000000000000009
1.3800000000000001,0.1524885022022896,0.040035298398056314,0.138,0.21643114372218145,1.2813942201317203,9.829711138595028,0.12480083144798348,-0.1475374420442512,0.09289980543812366,0.10070160367748149,1.4401364071009077,9.688396538479449,0.08131091520627992,-0.1362412082601433,0.10000000000000009
1.3900000000000001,0.15329860136186998,0.03867110823210899,0.139,0.3414456481244066,1.3213800535648508,9.981222009557092,0.10059947095545889,-0.1329013238484852,0.11450996671557555,0.11301314193833689,1.4443491098964005,9.6877075223759,0.08070731764341366,-0.13659076616640528,0.10000000000000009
1.4000000000000001,0.15410264855515787,0.03730348307472821,0.14,0.2919376379582129,1.351421736280604,9.80857477545977,0.09414830146295107,-0.14400475892612402,0.10752048515471888,0.12528132278423826,1.4485087321174956,9.687004340256449,0.08010053389383986,-0.13692819129103478,0.0999999999999987
1.41,0.15490061203974678,0.03593254440628829,0.141,0.2910892894983003,1.2862441735605237,9.813015073800246,0.09208987353019352,-0.16805593410659236,0.11117632136636901,0.13750511522548187,1.4526154907742035,9.68628700929971,0.07949058791233976,-0.1372534536619809,0.0999999999999987
1.42,0.15569246031340467,0.03455841400148859,0.142,0.3363877145879933,1.4245675665486377,9.931432060893195,0.07472411479016655,-0.17906361836686802,0.10955418606264651,0.1496834970359135,1.4566696049575873,9.685555552341611,0.07887750377854191,-0.13756652438756017,0.10000000000000009
1.43,0.15647816211531762,0.03318121391853709,0.143,0.2955569056015951,1.3251868817309254,10.027485986117094,0.07722454935964951,-0.1487401989921228,0.08956947076303365,0.16181545484682625,1.4606712958033528,9.684809997900834,0.07826130569595635,-0.13786737565901902,0.10000000000000009
1.44,0.1572576864273238,0.03180106648830821,0.144,0.30434155809279195,1.283492540616248,9.871793737931,0.11560069513178306,-0.16151225712776268,0.13007976121975443,0.17389998423965353,1.4646207864549239,9.684050380202033,0.07764201799102255,-0.1381559807530108,0.10000000000000009
1.45,0.15803100247513807,0.030418094303476872,0.145,0.21439186585518746,1.3701398477736155,9.953925229049112,0.08865068651579862,-0.1685662168567718,0.11940550940874269,0.18593608983742516,1.4685183020260035,9.68327673919689,0.07701966511216296,-0.13843231403395748,0.10000000000000009
1.46,0.15879807972956705,0.02903242020762906,0.146,0.34122171485036046,1.5129109129153382,9.983311104216872,0.0955628199075588,-0.1732792202302131,0.1264453518307592,0.19792278539497532,1.4723640695625924,9.682489120582945,0.07639427162880741,-0.13869635095634328,0.10000000000000009
1.47,0.15955888790771422,0.027644167284350006,0.147,0.33456421348950527,1.384366337896468,9.961727980249087,0.0639178750667313,-0.15209435605189728,0.09806332203499912,0.2098590938878812,1.476158318004458,9.681687575820229,0.07576586223041332,-0.1389480680668827,0.10000000000000009
1.48,0.16031339697417532,0.026253458846291405,0.148,0.34226367024519844,1.332937675074175,9.871207746703183,0.07435486487482174,-0.13202874178373267,0.11216216142598576,0.22174404760010752,1.4799012781460328,9.680872162145649,0.07513446172550814,-0.13918744300660152,0.10000000000000009
1.49,0.16106157714222438,0.024860418424217975,0.149,0.42778475522423753,1.2429472543079376,9.80693223937919,0.10250560546438604,-0.16104002122835834,0.10891828545338907,0.23357668821034427,1.48359318259674,9.680042942585175,0.07450009504070959,-0.13941445451283832,0.10000000000000148
1.5,0.1618033988749895,0.02346516975603464,0.15000000000000002,0.45884216600967276,1.3521874025841472,9.715783488833258,0.09841080683137819,-0.1461451960024414,0.1229567898851094,0.24535606687701517,1.4872342657407176,9.679199985963763,0.0738627872197209,-0.13962908242111868,0.10000000000000148
1.51,0.1625388328866188,0.022067836775795602,0.15100000000000002,0.4369563941182541,1.3915948786058128,9.869710562247006,0.11850249151575469,-0.15670278562760095,0.12330154259650858,0.25708124432193324,1.4908247636959406,9.678343366913055,0.07322256342236488,-0.13983130766694554,0.10000000000000009
1.52,0.1632678501434368,0.020668543602695728,0.15200000000000002,0.5095770652135282,1.3442990655526816,9.983560941347397,0.11168352415746359,-0.17459331735746011,0.10878843037058356,0.26875129091259015,1.4943649142727238,9.677473165876828,0.07257944892358481,-0.14002111228750852,0.10000000000000009
1.53,0.1639904218650905,0.01926741453004543,0.15300000000000002,0.48640492198187657,1.2475295335856311,9.7985322398708,0.08748284382143445,-0.14443965783553267,0.08302042016370888,0.28036528674305605,1.4978549569315913,9.676589469114187,0.07193346911243403,-0.14019847942326363,0.10000000000000009
1.54,0.1647065195256855,0.017864574014230455,0.15400000000000003,0.42761278219341575,1.3163692292042863,9.943472877989889,0.09737665785166069,-0.17201621780046392,0.13241904667572685,0.29192232171346844,1.5012951327405069,9.675692368700512,0.07128464949109348,-0.14036339331943132,0.10000000000000009
1.55,0.16541611485491237,0.016460146663656805,0.15500000000000003,0.42546697881580925,1.5047822555265666,9.811290989319925,0.08485809779568798,-0.1555178300133281,0.11417585436652,0.3034214956080942,1.5046856843314484,9.67478196252615,0.0706330156738516,-0.14051583932741096,0.10000000000000009
1.56,0.16611917983916252,0.015054257227682236,0.15600000000000003,0.4984311820305471,1.5059046122382107,9.894590337904575,0.11974542885529754,-0.160959724721454,0.09686236202535488,0.3148619181719444,1.508026855856321,9.673858354292856,0.06997859338609413,-0.1406558039060664,0.10000000000000009
1.57,0.16681568672263425,0.013647030585535477,0.15700000000000003,0.5283856417305882,1.3220302444270804,9.943158034408574,0.10549321249722982,-0.14266907256800682,0.1118784599324491,0.3262427091859168,1.511318892942194,9.672921653507958,0.06932140846329232,-0.14078327462292947,0.10000000000000009
1.58,0.16750560800842837,0.012238591735223646,0.15800000000000003,0.6072770745689955,1.4497760346035102,9.833401949260496,0.0899961430986939,-0.17218984798843218,0.08325177159440697,0.337562998540455,1.5145620426458586,9.6719719754763,0.0686614868499788,-0.1408982401553193,0.10000000000000009
1.59,0.16818891645963382,0.01082906578242909,0.15900000000000003,0.6023135515234719,1.3079430604162297,9.899957399388363,0.08980573871644991,-0.1505180241679465,0.12152642873236698,0.34882192630770004,1.5177565534076904,9.671009441289904,0.06799885459873312,-0.1410006902913325,0.10000000000000009
1.6,0.16886558510040303,0.009418577929396996,0.16000000000000003,0.47477066632062204,1.5167647669139666,9.85052960819981,0.10768745787968917,-0.16897925155697985,0.08365663396735228,0.3600186428121122,1.5209026750048178,9.670034177815388,0.06733353786914226,-0.14109061593075056,0.10000000000000009
1.61,0.16953558721701667,0.00800725346381408,0.16100000000000003,0.5212651339543205,1.4263799649393851,9.93773869400706,0.09402567580725574,-0.16406977755093363,0.10257587253159692,0.3711523086995509,1.5240006585035777,9.669046317679154,0.06666556292676679,-0.1411680090858631,0.10000000000000009
1.62,0.17019889635893837,0.006595217747679734,0.16200000000000003,0.5935302741789189,1.4847009667012387,9.900838997976992,0.10801871732559686,-0.2109891195951371,0.10957446634810952,0.3822220950047892,1.527050756211262,9.668045999250298,0.06599495614211803,-0.14123286288216264,0.10000000000000009
1.6300000000000001,0.17085548633985903,0.005182596206170827,0.16300000000000003,0.637175399999817,1.2745166718118772,9.887001549962472,0.05130057698667661,-0.12534188191100146,0.12155856758523656,0.3932271832174417,1.530053221627143,9.667033366621316,0.06532174398960477,-0.1412851715589552,0.10000000000000009
1.6400000000000001,0.17150533123873046,0.0037695143165006294,0.16400000000000003,0.637870085687982,1.468028911304772,10.007647259862,0.09043644863504646,-0.14844808823118946,0.10750840479662131,0.4041667653462935,1.5330083093927718,9.66600856958656,0.06464595304648546,-0.1413249304698865,0.10000000000000009
1.6500000000000001,0.17214840540078874,0.0023560975967730972,0.16500000000000004,0.5690544902444892,1.4150747377504715,9.934736609793928,0.07510326218460395,-0.1681727190681625,0.11574596877439833,0.41504004398200717,1.5359162752415492,9.664971763618464,0.06396760999183154,-0.14135213608334013,0.10000000000000009
1.6600000000000001,0.1727846834385671,0.0009424715948338265,0.16600000000000004,0.48377347479951166,1.485321289483546,9.826401492884996,0.1085803902018177,-0.1736317985632992,0.10575664607526311,0.4258462323581879,1.5387773759475603,9.663923109841567,0.06328674160546444,-0.14136678598275132,0.0999999999999987
1.67,0.17341414023289803,-0.0004712381228819293,0.167,0.5168281155872215,1.4917723134203986,9.874263164510712,0.10470199244584463,-0.1643783517328406,0.10566335141867203,0.43658455441079375,1.5415918692736716,9.662862775004312,0.0626033747669022,-0.14136887886683455,0.0999999999999987
1.68,0.17403675093390514,-0.0018849059825028645,0.168,0.6285727546883756,1.4261266839920004,9.873396136288257,0.08138599387009604,-0.14630738631212298,0.10753314770316717,0.44725424483586906,1.544360013918886,9.661790931448646,0.06191753645429926,-0.1413584145496911,0.10000000000000009
1.69,0.174652490961984,-0.0032984064138757516,0.169,0.6438764334368062,1.3755681148803636,9.883979480417038,0.10328841618693033,-0.18549225596151345,0.10340096717142332,0.45785454914558504,1.5470820694649574,9.660707757077448,0.06122925374337923,-0.14133539396081884,0.10000000000000009
1.7,0.17526133600877272,-0.004711613861719242,0.17,0.53940466861087,1.488636169330248,10.078181386931048,0.10646980154839944,-0.15912581877002135,0.08093916070347722,0.46838472372256734,1.549758296322258,9.659613435319743,0.06053855380636214,-0.14129981914503614,0.10000000000000009
1.71,0.17586326203811126,-0.006124402796776475,0.171,0.640416335844652,1.4235020028255514,9.905538907219185,0.08012232560024306,-0.1303866376038938,0.0946616855884551,0.4788440358724985,1.5523889556748998,9.658508155093774,0.059845463910897234,-0.14125169326230894,0.10000000000000009
1.72,0.17645824528699067,-0.007536647726965421,0.17200000000000001,0.6982373607213538,1.3600993650011652,9.711981838173486,0.11517930466534843,-0.17369057026444504,0.10987369311049994,0.4892317638749749,1.5549743094251134,9.657392110767907,0.059150011418988846,-0.1411910205874565,0.10000000000000009
1.73,0.17704626226649103,-0.008948223208525605,0.17300000000000001,0.5667080998440359,1.3571808881974052,9.830846877588382,0.07697220788226065,-0.15540817634077572,0.10239174376142121,0.49954719703259953,1.5575146201368781,9.656265502119398,0.05845222378591253,-0.14111780650977135,0.10000000000000009
1.74,0.17762728976270892,-0.010359003857160848,0.17400000000000002,0.7567858235157149,1.315686042919558,9.717780801341164,0.0735058232423875,-0.12363849519236855,0.10401913123082873,0.5097896357182996,1.5600101509788136,9.65512853429103,0.057752128559127036,-0.1410320575325563,0.10000000000000009
1.75,0.17820130483767357,-0.01176886435917673,0.17500000000000002,0.646547429088463,1.3938593757091289,9.844887676178425,0.08888589994441387,-0.14721078834423323,0.10146193650153795,0.5199583914208513,1.562461165666322,9.653981417745634,0.05704975337719187,-0.1409337812725315,0.10000000000000009
1.76,0.17876828483025275,-0.013177679482611478,0.17600000000000002,0.7877130878488419,1.524400478271698,9.71176826129562,0.07001513031248802,-0.15469195976901273,0.09323465207253838,0.5300527867885907,1.5648679284030003,9.652824368218498,0.05634512596868063,-0.1408229864591575,0.10000000000000009
1.77,0.1793282073570472,-0.01458532408835988,0.17700000000000002,0.6527856920010829,1.4527081941818452,9.79864806423773,0.07602066993501343,-0.14878486666469853,0.09884597954459289,0.5400721556713048,1.5672307038213102,9.65165760666773,0.0556382741510722,-0.14069968293387503,0.10000000000000009
1.78,0.1798810503132742,-0.01599167314128898,0.17800000000000002,0.6226237004135952,1.3984668455040958,9.744680918741972,0.0952446147615682,-0.16202215603876233,0.10185850478291199,0.5500158431602815,1.5695497569225225,9.65048135922251,0.05492922582966964,-0.14056388164921654,0.10000000000000009
1.79,0.18042679187364058,-0.01739660172134421,0.17900000000000002,0.6775855867789845,1.5085186259349683,9.895309061387392,0.07361149281657946,-0.13620403125339975,0.10657644487584453,0.5598832056265038,1.571825353015931,9.649295857129328,0.05421800899648582,-0.14041559466783216,0.10000000000000009
1.8,0.18096541049320392,-0.01879998503464562,0.18000000000000002,0.717250793362677,1.3786347189294514,9.863954679905072,0.04723449545296028,-0.16169691845322037,0.11238293435822366,0.5696736107569793,1.5740577576573491,9.64810133669618,0.05350465172914154,-0.14025483516143367,0.10000000000000009
1.81,0.1814968849082234,-0.020201698424572884,0.18100000000000002,0.7049386461200096,1.4525787050433605,9.886148322777759,0.07737280126691345,-0.18483866860744427,0.10388111287793217,0.5793864375891868,1.576247236586892,9.646898039234749,0.05278918218976081,-0.14008161740961048,0.10000000000000009
1.82,0.18202119413699913,-0.02160161738283783,0.18200000000000002,0.7289486360174995,1.4325240269718142,9.8527065447316,0.060493604562385034,-0.16113703391086126,0.09125672455631138,0.5890210765436268,1.5783940556660523,9.6456862110006,0.05207162862385789,-0.13989595679855976,0.10000000000000009
1.83,0.18253831748070057,-0.02299961756054408,0.18300000000000002,0.7818978294415668,1.5114159217724235,9.748151050696148,0.08317879844671865,-0.1694975119565802,0.08576543933967865,0.5985769294544656,1.5804984808140792,9.644466103131409,0.05135201935921874,-0.13969786981973525,0.10000000000000009
1.84,0.1830482345241835,-0.024395574779232536,0.18400000000000002,0.7521305300892162,1.3252239200246796,9.899886051366781,0.07995510629345448,-0.15903103993783066,0.14557656996867518,0.6080534095982624,1.5825607779436623,9.643237971583236,0.050630382804783824,-0.13948737406836806,0.10000000000000009
1.85,0.18355092513679624,-0.02578936504191144,0.18500000000000003,0.7695205433131418,1.3849191987612768,10.01091385394178,0.09074747740856191,-0.15840556956316781,0.08966973222963026,0.6174499417207592,1.5845812128959447,9.642002077064877,0.04990674744952961,-0.13926448824190268,0.10000000000000009
1.86,0.1840463694731741,-0.02718086454407059,0.18600000000000003,0.6477818953764459,1.323433219696977,9.888919278171068,0.0815499998853003,-0.13636509358056628,0.09880706378008489,0.6267659620617321,1.5865600513748552,9.6407586849703,0.0491811418613361,-0.139029232138352,0.10000000000000009
1.87,0.18453454797402297,-0.02856994968467848,0.18700000000000003,0.8271662057082942,1.4365337668891667,9.820531660743887,0.08366782363227017,-0.14368296960203264,0.1142073368654295,0.6360009183778895,1.588497558880792,9.639508065309217,0.04845359468587662,-0.13878162665452373,0.10000000000000009
1.8800000000000001,0.18501544136689163,-0.029956497077161064,0.18800000000000003,0.799048666120199,1.5557040713143433,9.737064557392246,0.05662261311247688,-0.1499239329843933,0.11186838105775897,0.6451542699638014,1.590394000643654,9.638250492635784,0.04772413464546599,-0.13852169378416307,0.10000000000000009
1.8900000000000001,0.1854890306669323,-0.03134038356036174,0.18900000000000003,0.9430714997703039,1.4183389432420226,9.777048813675535,0.07814827567600767,-0.15364691535560115,0.11429737567000922,0.6542254876708608,1.592249641555236,9.636986245975475,0.04699279053793359,-0.138249456616016,0.10000000000000009
1.9000000000000001,0.1859552971776503,-0.032721486209481385,0.19000000000000003,0.7480898325839461,1.4214115468167,9.884993634010524,0.09476415592648761,-0.16922305397946302,0.09990458684312385,0.6632140539242597,1.5940647461010078,9.635715608750138,0.046259591235496555,-0.13796493933176182,0.10000000000000009
1.9100000000000001,0.18641422249164222,-0.03409968234699698,0.19100000000000003,0.687277727969205,1.5346084535785391,9.93111202827085,0.05401707503125615,-0.18574095577437041,0.11013379305296278,0.672119462737972,1.5958395782912806,9.634438868701288,0.04552456568360508,-0.1376681672038655,0.0999999999999987
1.92,0.1868657884913224,-0.035474849553558695,0.192,0.8904442053114455,1.5528601528146238,9.863370742969206,0.09061020399848198,-0.15091321053810935,0.10750902080846739,0.6809412197277394,1.5975744015917852,9.633156317811615,0.04478774289981419,-0.13735916659334718,0.0999999999999987
1.93,0.1873099773496385,-0.03684686567886392,0.193,0.8786022636995987,1.4623240764260772,9.904789078667205,0.05478309451719778,-0.14046914996103899,0.10192048778845834,0.689678842122049,1.5992694788536714,9.631868252224795,0.04404915197262077,-0.13703796494743056,0.10000000000000009
1.94,0.18774677153077482,-0.038215608852507306,0.194,0.7794912591072216,1.528113236378648,9.896300941206736,0.04951189397581612,-0.1537873275623578,0.11037923392835688,0.6983318587710974,1.6009250722429433,9.630574972163567,0.043308822060329766,-0.13670459079710012,0.10000000000000009
1.95,0.1881761537908451,-0.039580957494805925,0.195,0.7466021563183203,1.388336694811294,9.87806139830856,0.0662248969620475,-0.15984131772041008,0.12257907311187476,0.7068998101537313,1.6025414431693568,9.62927678184616,0.04256678238990369,-0.13635907375457237,0.10000000000000009
1.96,0.1885981071785729,-0.04094279032759875,0.196,1.0012865852185704,1.5854523300150811,9.7836295331689,0.07178527826712905,-0.14456469962348834,0.10623351053130409,0.7153822483823665,1.6041188522147838,9.627973989401056,0.04182306225579413,-0.13600144451067359,0.10000000000000009
1.97,0.18901261503596098,-0.0423009863850194,0.197,0.9993425093891118,1.6491285734880483,9.8492478812322,0.07390692529947543,-0.15255170127058934,0.10650371678598625,0.7237787372058738,1.6056575590610738,9.626666906780155,0.04107769101879821,-0.135631734832101,0.10000000000000009
1.98,0.18941966099894886,-0.043655425024240774,0.198,0.6965647921928895,1.519919580225675,9.765882843918487,0.04504573324499993,-0.12566839004101893,0.12284825499625841,0.7320888520104264,1.6071578224174212,9.625355849670319,0.040330698104897034,-0.13524997755860052,0.10000000000000009
1.99,0.18981922899805892,-0.04500598593619141,0.199,0.8661480546409617,1.3124935714929244,9.834209972691838,0.06512951080432239,-0.13214654323487043,0.1212530520973257,0.7403121798183107,1.6086198999472687,9.624041137403406,0.0395821130040927,-0.13485620660006642,0.10000000000000009
2.0,0.1902113032590307,-0.0463525491562421,0.2,1.0448343894472234,1.4350836631318322,9.85883630032197,0.0476808199375477,-0.13578892933947456,0.13061652582874875,0.7484483192846951,1.6100440481947529,9.622723092864728,0.038831965269242597,-0.1344504569335131,0.10000000000000148
2.0100000000000002,0.19059586830344377,-0.04769499507486167,0.20100000000000004,0.8830182197087411,1.5305680190764053,9.967225667775445,0.034886435687917675,-0.13835782256257256,0.08053419098761437,0.7564968806923491,1.6114305225107337,9.62140204240005,0.038080284514895035,-0.1340327645999624,0.10000000000000009
2.02,0.1909729089493286,-0.04903320444824135,0.202,0.8890410616617034,1.447927753333908,9.725041958307223,0.04243304346972979,-0.1686421396716397,0.12034706338645709,0.7644574859443177,1.6127795769784028,9.620078315721091,0.037327100416117975,-0.13360316670127242,0.10000000000000009
2.0300000000000002,0.19134241031176613,-0.05036705840888712,0.20300000000000004,0.9150376210952079,1.5853885304636988,9.866959472153567,0.04435403325888413,-0.13895132241376568,0.11604791448222722,0.7723297685545505,1.6140914643385225,9.618752245809631,0.036572442707327735,-0.13316170139681047,0.10000000000000009
2.04,0.19170435780347517,-0.05169643847617756,0.20400000000000001,0.8560501831123463,1.5308147098070282,9.948055463994304,0.06268137518892936,-0.1429384690397419,0.09372600981382509,0.7801133736364723,1.615366435914289,9.617424168820166,0.03581634118112326,-0.1327084079000701,0.09999999999999731
2.05,0.1920587371353886,-0.05302122656688852,0.205,0.8171636869105738,1.4285917890070825,9.889660379716496,0.07143507311021327,-0.13885456965910184,0.11072566931011564,0.7878079578895154,1.6166047415358713,9.616094423981245,0.03505882568710095,-0.13224332647521417,0.10000000000000009
2.06,0.1924055343172172,-0.05434130500568184,0.20600000000000002,1.0458357722334162,1.489116785883081,9.893466648934137,0.03113662636221905,-0.1400032865398717,0.12258061688591299,0.7954131895835974,1.6178066294646267,9.61476335349543,0.034299926130668124,-0.13176649843345545,0.10000000000000009
2.07,0.19274473565800196,-0.05565655653555763,0.207,0.8221840621899128,1.4180766847191333,9.873859974646273,0.057710272720530066,-0.14013821976885726,0.09436944348693199,0.8029287485415522,1.6189723463170314,9.61343130243799,0.033539672471880055,-0.13127796612941514,0.10000000000000009
2.08,0.1930763277666548,-0.056966864328270146,0.20800000000000002,0.9984194950630343,1.4755951270921523,9.928388853074921,0.03408772251892504,-0.10598483179951053,0.11341789083433843,0.8103543261195196,1.6201021369883497,9.61209861865429,0.03277809472425203,-0.13077777295736268,0.10000000000000009
2.09,0.193400297552487,-0.05827211199470488,0.209,1.0567736504606178,1.446984290630544,9.73728506596405,0.060410177634723075,-0.14711384448626627,0.11985954225243237,0.8176896251852914,1.6211962445760615,9.610765652655969,0.0320152229535714,-0.1302659633473476,0.10000000000000009
2.1,0.19371663222572622,-0.0595721835952171,0.21000000000000002,0.8753014574075263,1.587920909930274,9.711918283096788,0.040912402685115985,-0.13131823418749067,0.09076320709005989,0.8249343600946193,1.6222549103030837,9.609432757515917,0.03125108727670828,-0.12974258276125492,0.10000000000000009
2.11,0.19402531929802116,-0.06086696364992998,0.211,0.9241851046129366,1.6632322892205702,9.81929835971148,0.033763415265894645,-0.15205145929808628,0.10469923791127156,0.83208825666549,1.6232783734408034,9.608100288762074,0.030485717860428974,-0.12920767768877586,0.10000000000000009
2.12,0.1943263465829348,-0.062156337148992616,0.21200000000000002,1.1030668779607131,1.380518073773576,9.644290477271255,0.06080969608103668,-0.13250771222085275,0.11127881387016157,0.8391510521503719,1.6242668712319608,9.606768604270108,0.02971914492020805,-0.1286612956432745,0.10000000000000009
2.13,0.19461970219642533,-0.06344018956279547,0.213,1.054320244791551,1.3417738204178025,9.915973591301418,0.039177239140481795,-0.12977713720749712,0.09487595702737021,0.8461224952064371,1.6252206388133974,9.605438064155003,0.028951398719032073,-0.12810348515756229,0.10000000000000009
2.14,0.19490537455731544,-0.06471840685214386,0.21400000000000002,0.9689263099290468,1.475433456938669,9.913604366049295,0.04257611790453559,-0.13787210103671033,0.09372142785547405,0.8530023458637709,1.6261399091387125,9.604109030661572,0.028182509566207492,-0.1275342957795897,0.10000000000000009
2.15,0.19518335238774948,-0.06599087547838726,0.215,1.1210043928062996,1.3717621118996752,9.779897648528769,0.013258087092352377,-0.11773169892426756,0.10486191839095382,0.8597903754915667,1.627024912900844,9.602781868053961,0.027412507816163,-0.12695377806804797,0.10000000000000009
2.16,0.1954536247136387,-0.06725748241350482,0.21600000000000003,1.1278123871543,1.4984794680182247,9.78542807574784,0.06005977101459506,-0.15541019134347572,0.11913976571521559,0.8664863667623253,1.6278758784546121,9.601456942504166,0.026641423867247715,-0.12636198358788112,0.10000000000000009
2.17,0.19571618086509443,-0.06851811515014489,0.217,1.0605440566004942,1.5552456934231098,9.8068730790353,0.05731777023976703,-0.14879953607070517,0.1167182598785607,0.8730901136140594,1.6286930317392514,9.600134621979581,0.02586928816053491,-0.12575896490569644,0.10000000000000009
2.18,0.1959710104768494,-0.06977266171161875,0.21800000000000003,0.976091690329049,1.6157049389957097,9.815517112524523,0.044225924405836545,-0.13769241804843263,0.09415479417082463,0.8796014212105138,1.6294765962009647,9.598815276129669,0.025096131178620196,-0.1251447755850961,0.10000000000000009
2.19,0.19621810348866683,-0.07102101066184681,0.219,1.0214231718829885,1.5132334331869166,9.82006901365502,0.020748012242584598,-0.12705912571492198,0.11674548551240659,0.8860201058994138,1.6302267927155274,9.597499276171716,0.024321983444418327,-0.12451947018192813,0.10000000000000009
2.2,0.19645745014573776,-0.07226305111525731,0.22000000000000003,1.0831622349396224,1.4818396383559365,9.853208634003586,0.06105445718522936,-0.1371508837590219,0.09441467491491323,0.8923459951687531,1.6309438395109765,9.596186994775774,0.023546875519955823,-0.12388310423943408,0.10000000000000009
2.21,0.19668904099906595,-0.07349867274663549,0.221,1.0508532167526343,1.3389925298148129,9.793538198613351,0.03214553372823612,-0.11982911103637353,0.08289858681245213,0.8985789276011291,1.6316279520904104,9.594878805948792,0.022770838005166383,-0.12323573428331472,0.10000000000000009
2.22,0.1969128669058411,-0.0747277658009236,0.22200000000000003,1.1469422253508124,1.5015135191286375,9.878849080293046,0.03451188934176553,-0.14839758958339255,0.10146736813358412,0.9047187528261411,1.6322793431549418,9.593575084917978,0.021993901536683513,-0.12257741781671744,0.10000000000000009
2.23,0.19712891902979962,-0.07595022110296984,0.223,0.9565818101799226,1.5069866526021096,9.835697171047912,0.07510224093312926,-0.15488072488168933,0.12369170371821896,0.9107653314708638,1.6328982225268232,9.59227620801345,0.021216096786626226,-0.12190821331511878,0.10000000000000009
2.24,0.1973371888415736,-0.07716593006722598,0.22400000000000003,0.9650331703068353,1.5526153505751437,9.748763106050095,0.029046928410811655,-0.13256960679330837,0.11674153974518255,0.9167185351084091,1.6334847970727904,9.590982552550187,0.02043745446139722,-0.12122818022112375,0.10000000000000009
2.25,0.19753766811902757,-0.07837478470739231,0.225,1.104125835959318,1.44426365502519,9.904593409746791,0.05013531835783728,-0.13778859349942546,0.10669325250417427,0.9225782462045887,1.6340392706276496,9.58969449670932,0.019658005300460246,-0.12053737893920752,0.10000000000000009
2.2600000000000002,0.19773034894758282,-0.07957667764601013,0.22600000000000003,1.0570343841874326,1.467932623514135,9.688563432206232,0.04664083893881514,-0.12778485566387915,0.10048811329158205,0.9283443580627031,1.634561843918142,9.588412419418844,0.018877780075131356,-0.1198358708303357,0.10000000000000009
2.27,0.1979152237205302,-0.08077150212399903,0.227,1.0507374130486984,1.384463001411371,9.789064381606417,0.0432364353614939,-0.1356467571383079,0.10092901454475552,0.9340167747664532,1.6350527144871236,9.58713670023372,0.018096809587371532,-0.11912371820651108,0.10000000000000009
2.2800000000000002,0.19809228513933025,-0.08195915201014035,0.22800000000000004,0.9638132732362362,1.320572117846122,9.872281732141758,0.04093621877706035,-0.13980879063043594,0.10837032623051078,0.9395954111210152,1.6355120766180928,9.585867719215464,0.017315124668557114,-0.118400984325253,0.10000000000000009
2.29,0.19826152621390133,-0.08313952181050409,0.229,1.1119314390177528,1.416334779743311,9.736264892569999,0.04159105145618455,-0.1351911040161104,0.09088510731808813,0.9450801925922749,1.6359401212600957,9.584605856811228,0.016532756178266883,-0.11766773338396236,0.10000000000000009
2.3000000000000003,0.1984229402628956,-0.0843125066778196,0.23000000000000004,1.1111772592799958,1.3809447263631323,9.816539766297954,0.03917776972873544,-0.13289473341731908,0.10174566163744034,0.9504710552442529,1.6363370359530511,9.583351493732438,0.01574973500307053,-0.11692403051422398,0.10000000000000009
2.31,0.19857652091396275,-0.08547800242078857,0.231,1.1735888125136216,1.5344668451954635,9.83368645297775,0.03347711405634034,-0.13733275490352348,0.10369086444236883,0.9557679456747339,1.636703004753524,9.582105010832999,0.014966092055304636,-0.11616994177602522,0.09999999999999731
2.32,0.19872226210400168,-0.0866359055133401,0.23199999999999998,1.132351992903789,1.4651632268595438,9.72106318095266,0.05624384657178326,-0.13507429798920065,0.08657364605584979,0.9609708209491208,1.637038208160987,9.580866788987123,0.01418185827185281,-0.11540553415189739,0.10000000000000009
2.33,0.1988601580793998,-0.08778611310382652,0.233,1.1211551014418433,1.463336872850003,9.783926302029164,0.01319246486014931,-0.1373396362277965,0.0942120230877936,0.9660796485325355,1.6373428230445997,9.579637208966815,0.013397064612918896,-0.11463087554093865,0.10000000000000009
2.34,0.19899020339626006,-0.08892852302415888,0.23399999999999999,1.2302338926414127,1.4265085377915505,9.774427026358687,0.04743386788922646,-0.11757384356585468,0.11318452007672619,0.971094406220181,1.6376170225705446,9.578416651319076,0.012611742060809894,-0.1138460347528035,0.10000000000000009
2.35,0.199112392920616,-0.09006303379888259,0.23500000000000001,1.036603143219462,1.2456198710914896,9.74335194373455,0.04374403397798797,-0.12660256804846096,0.1071189991836466,0.9760150820659956,1.637860976129958,9.5772054962428,0.011825921618723034,-0.11305108150159449,0.10000000000000009
2.36,0.19922672182863452,-0.09118954465419077,0.236,1.1872563278388881,1.6268002950981062,9.970634604735102,0.04099601219779529,-0.09485036779661679,0.10235561170815691,0.9808416743096152,1.6380748492674855,9.576004123465506,0.011039634309499557,-0.11224608639965675,0.10000000000000009
2.37,0.199333185606806,-0.09230795552687572,0.23700000000000002,1.0152892210276336,1.4257528286323595,9.724660033064076,0.04638014238323475,-0.12549365061460888,0.0933555587731601,0.9855741913016651,1.638258803610495,9.574812912119826,0.01025291117441457,-0.11143112095130386,0.10000000000000009
2.38,0.1994317800521228,-0.09341816707321685,0.238,1.0865128692345165,1.4740383599370313,9.865036521013863,0.02748537147664719,-0.1352917887485568,0.13070881419308156,0.9902126514274096,1.6384129967989995,9.573632240619885,0.009465783271953021,-0.11060625754648334,0.10000000000000009
2.39,0.19952250127224505,-0.09452008067780539,0.23900000000000002,1.0612639823875518,1.3904015657069682,9.751991316431898,1.5488069658800563e-06,-0.08618549804119283,0.09436648344925413,0.9947570830287835,1.6385375824163027,9.572462486537562,0.008678281676575972,-0.10977156945433039,0.10000000000000009
2.4,0.19960534568565433,-0.09561359846230345,0.24,1.2255901988985016,1.5829323255168253,9.693977857190587,0.02634240335349224,-0.11919544932429622,0.1106875784727905,0.9992075243248227,1.638632709920421,9.571304026478689,0.007890437477497958,-0.10892713081666477,0.10000000000000009
2.41,0.199680310021795,-0.09669862329413868,0.24100000000000002,1.1629017404744468,1.5168888930985742,9.787803117897976,0.011677845076656812,-0.10940029322113766,0.09948831723953522,1.0035640233305303,1.6386985245763068,9.570157235959202,0.007102281777458808,-0.10807301664141622,0.10000000000000009
2.42,0.1997473913212035,-0.09777505879513178,0.242,1.1713353479713708,1.439689579832291,9.829830942838402,0.0147365493146316,-0.11446532274739066,0.1074105642467916,1.0078266377741956,1.6387351673889172,9.569022489281343,0.006313845691496844,-0.10720930279594296,0.10000000000000009
2.43,0.19980658693562495,-0.09884280935005754,0.24300000000000002,1.0872674610340503,1.4746238866493737,9.849443535443552,0.006385250214759032,-0.11294770440953944,0.11378113675186823,1.0119954350131952,1.6387427750371548,9.567900159409852,0.005525160345717928,-0.10633606600029752,0.10000000000000009
2.44,0.19985789452811786,-0.09990178011513773,0.244,1.156313930068598,1.6385327704942183,9.900703592366485,0.016966865895941756,-0.11340107141135637,0.08639392502189575,1.0160704919483037,1.6387214798087257,9.566790617848309,0.004736256876068656,-0.10545338382042316,0.10000000000000009
2.45,0.19990131207314632,-0.100951877026466,0.24500000000000002,1.1236661859491541,1.4986467816352542,10.011228394360078,0.014595415518036255,-0.1372148820419617,0.10696878784823423,1.0200518949365442,1.6386714095359396,9.565694234515552,0.003947166427106796,-0.10456133466125797,0.10000000000000009
2.46,0.19993683785666,-0.10199300680836289,0.246,1.22097313061274,1.4908813012380637,9.792726096341134,-0.012890031360496209,-0.11418555790187926,0.12491876177357064,1.0239397397026015,1.638592687532501,9.564611377622303,0.0031579201507744847,-0.10365999775976062,0.10000000000000009
2.47,0.1999644704761618,-0.10302507698166122,0.24700000000000003,1.1135242531773661,1.4293773917773083,9.718594713110516,0.032403230549019266,-0.1385857813132449,0.13354580354396356,1.0277341312488297,1.63848543253131,9.563542413547951,0.0023685492051617185,-0.10274945317789164,0.10000000000000009
2.48,0.19998420884076323,-0.10404799587192072,0.248,1.303413804755827,1.3522600009095271,9.807004093094296,0.05451247099455135,-0.12040996338281204,0.10511308334042457,1.0314351837638864,1.6383497586233253,9.562487706717633,0.001579084753280946,-0.10182978179548649,0.10000000000000009
2.49,0.19999605217122743,-0.10506167261757095,0.24900000000000003,1.06583627340327,1.490247897832157,9.747030362583251,0.029355795535978006,-0.12766812886584258,0.10773089999574956,1.0350430205300163,1.6381857751975104,9.561447619479546,0.0007895579618388826,-0.10090106530306966,0.10000000000000009
2.5,0.2,-0.10606601717798211,0.25,1.1379526428295688,1.527545927783254,9.840403708254037,0.01633224206039498,-0.11053799248853563,0.14022900143532518,1.0385577738290233,1.6379935868819069,9.560422511982612,0.0,-0.09996338619461323,0.10000000000000148
2.5100000000000002,0.19999605217122743,-0.10706094034146321,0.25100000000000006,1.3411257230379194,1.5883041836586214,9.664175886293307,0.01761704906822804,-0.11002336137143645,0.12396948719460812,1.0419795848469535,1.6377732934858622,9.559412742054482,-0.0007895579618388826,-0.09901682776019619,0.10000000000000009
2.52,0.19998420884076323,-0.10804635373318604,0.252,1.1759609190351232,1.3203942363337224,9.955563358639884,0.011292682290542776,-0.10693658278827861,0.09752365393970519,1.045308603577527,1.6375249899434543,9.558418665079945,-0.001579084753280946,-0.09806147407860968,0.10000000000000009
2.5300000000000002,0.1999644704761618,-0.1090221698230354,0.25300000000000006,1.1095184207459639,1.4094143914203006,9.833724421444359,0.018370888639920965,-0.10875500441670453,0.09742026877308964,1.0485449887243488,1.63724876625814,9.55744063387977,-0.0023685492051617185,-0.09709741000989702,0.10000000000000009
2.54,0.19993683785666,-0.10998830193338398,0.254,1.2379384423171775,1.4525626916284267,9.630707890475152,0.015703014664870684,-0.12115239780366041,0.12117237104866786,1.0516889076019271,1.6369447074486645,9.556478998590011,-0.0031579201507744847,-0.09612472118780274,0.10000000000000009
2.5500000000000003,0.19990131207314632,-0.11094466424679146,0.25500000000000006,1.1847297899454847,1.498376708544192,9.70953180830111,0.002771302840996451,-0.11487463216310553,0.09160378164075218,1.054740536035537,1.6366128934962667,9.555534106541838,-0.003947166427106796,-0.0951434940121669,0.10000000000000009
2.56,0.19985789452811786,-0.11189117181362732,0.256,1.1582241040398205,1.4885054354627145,9.831320551550943,0.03970767844180961,-0.09609154537717579,0.1232143157039304,1.0577000582599618,1.6362533992932102,9.554606302141902,-0.004736256876068656,-0.09415381564126107,0.09999999999999731
2.57,0.19980658693562495,-0.11282774055961668,0.257,1.1397292014066718,1.4906183389685248,9.860203771576547,-0.00837307350035062,-0.09300156850587302,0.1119828058586236,1.0605676668171402,1.6358662945926727,9.553695926753278,-0.005525160345717928,-0.09315577398404801,0.10000000000000009
2.58,0.1997473913212035,-0.11375428729330828,0.258,1.452266460318485,1.5310162431565726,9.662697491552215,0.023879547713051365,-0.1251365129819393,0.11458706890764142,1.0633435624527634,1.6354516439600337,9.552803318577045,-0.006313845691496844,-0.09214945769235247,0.10000000000000009
2.59,0.199680310021795,-0.11467072971346373,0.259,1.2131092927772094,1.4255885389450975,9.82126473582044,0.010671897091842877,-0.1299617669331993,0.10297814679960134,1.0660279540118456,1.6350095067255832,9.551928812534525,-0.007102281777458808,-0.09113495615300435,0.10000000000000009
2.6,0.19960534568565433,-0.11557698641636836,0.26,1.0819588612877082,1.5707783890405143,9.60795960343952,0.03985007490089904,-0.11681269108608514,0.09748447124993179,1.0686210583333104,1.6345399369386857,9.55107274015019,-0.007890437477497958,-0.09011235947990054,0.10000000000000009
2.61,0.19952250127224505,-0.11647297690306174,0.261,1.3586136583903805,1.5307861058304617,9.756843394025491,0.01572268021868271,-0.08903875686965668,0.1289033184395983,1.0711231001436259,1.6340429833234391,9.550235429435336,-0.008678281676575972,-0.08908175850599262,0.10000000000000009
2.62,0.1994317800521228,-0.11735862158648822,0.262,1.2912476840392273,1.4704582153558907,9.852065620257134,0.0043019369057996,-0.08531875876526053,0.10321185114471075,1.073534311949521,1.6335186892358444,9.5494172047725,-0.009465783271953021,-0.08804324477521205,0.10000000000000009
2.63,0.199333185606806,-0.11823384179856598,0.263,1.1817043581955837,1.6239954574430717,9.718389484195999,0.005288825934537873,-0.11620898976151052,0.10079455300547799,1.075854933929822,1.6329670926225333,9.548618386800694,-0.01025291117441457,-0.08699691053435446,0.10000000000000009
2.64,0.19922672182863452,-0.1190985597971753,0.264,1.1708740043160968,1.6185804857204142,9.64009680763356,0.008666695312450297,-0.09676643065662431,0.10588879758257728,1.078085213826448,1.632388225981068,9.547839292301465,-0.011039634309499557,-0.08594284872487992,0.10000000000000009
2.65,0.199112392920616,-0.11995269877306358,0.265,1.3025947009651235,1.5680531664771087,9.77227021775656,-0.00987696510807989,-0.0727899478618427,0.11006206803315993,1.080225406834592,1.631782116321856,9.547080234085849,-0.011825921618723034,-0.08488115297464877,0.10000000000000009
2.66,0.19899020339626006,-0.12079618285666828,0.266,1.2310420981069818,1.2513334213655214,9.712395095317861,-0.004954335715781381,-0.09297963033407225,0.091683492304477,1.0822757754921348,1.631148785131701,9.546341520882216,-0.012611742060809894,-0.08381191758962056,0.10000000000000009
2.67,0.1988601580793998,-0.121628937124856,0.267,1.0981621081785016,1.6185691544126446,9.809956934988127,-0.021042041773572807,-0.07672428328749616,0.09872815374527184,1.0842365895683237,1.6304882483390217,9.545623457225082,-0.013397064612918896,-0.082735237545465,0.10000000000000009
2.68,0.19872226210400168,-0.12245088760757758,0.268,1.3966565709784766,1.5548373246112335,9.68829117101685,-0.008923059370302045,-0.08187369371710805,0.09791784163827166,1.0861081259517495,1.6298005162807625,9.544926343344883,-0.01418185827185281,-0.08165120847912627,0.10000000000000009
2.69,0.19857652091396275,-0.12326196129443852,0.269,1.2202619307970803,1.6523101673463574,9.695735858833723,0.005460791329329457,-0.10949218813287268,0.11976965323233428,1.0878906685376668,1.6290855936710327,9.544250475058778,-0.014966092055306024,-0.08055992668033543,0.10000000000000009
2.7,0.19842294026289556,-0.12406208614118429,0.27,1.3761338746258132,1.5896127985101847,9.596659270823931,0.00774393589426565,-0.097467118866791,0.09372050062513017,1.0895845081146902,1.628343479571486,9.543596143662485,-0.01574973500307053,-0.07946148908304987,0.10000000000000009
2.71,0.19826152621390133,-0.12485119107609952,0.271,1.3605649212571995,1.6171455777027537,9.76981696516586,-0.027212808869041347,-0.0930562534483177,0.08064739037463056,1.0911899422509017,1.6275741673634867,9.542963635823234,-0.016532756178265495,-0.0783559932568477,0.10000000000000009
2.72,0.19809228513933025,-0.12562920600632124,0.272,1.1799937442556987,1.5612636596716032,9.742820874859454,-0.0005144116012470823,-0.0909251677667071,0.07745811925942855,1.092707275179414,1.6267776447220652,9.542353233473799,-0.017315124668555726,-0.07724353739826384,0.10000000000000009
2.73,0.19791522372053022,-0.1263960618240648,0.273,1.3452247198424485,1.5975256879683586,9.661443823936466,0.009267257082334284,-0.07760058911792088,0.0847889964703899,1.0941368176834216,1.6259538935917104,9.541765213707702,-0.01809680958737292,-0.07612422032206162,0.10000000000000009
2.74,0.1977303489475828,-0.12715169041276247,0.274,1.2140950941252793,1.6479462893473253,9.771007627143547,-0.0023001257439966985,-0.08406814281173537,0.12728761088496507,1.0954788869807794,1.6251028901640026,9.541199848675609,-0.018877780075132744,-0.07499814145245087,0.10000000000000009
2.75,0.19753766811902757,-0.1278960246531138,0.275,1.1195827552745437,1.5064420559976863,9.836604050873877,-0.010144415990684804,-0.13316046350907818,0.10712941706847906,1.0967338066081471,1.6242246048571316,9.54065740548293,-0.01965800530045886,-0.07386540081426862,0.10000000000000009
2.7600000000000002,0.1973371888415736,-0.12862899842904785,0.276,1.235698861816584,1.3621518462324884,9.735329281443537,-0.007551893797086508,-0.10784544122775297,0.11435117829459172,1.0979019063047393,1.623319002297301,9.54013814608867,-0.02043745446139722,-0.07272609902408966,0.10000000000000009
2.77,0.19712891902979962,-0.1293505466335956,0.277,1.3016406788849475,1.461396315995535,9.772764456454608,-0.010285063968290997,-0.11979217205262595,0.11499908899989633,1.0989835218957131,1.6223860413020605,9.539642327205573,-0.021216096786626226,-0.07158033728128232,0.10000000000000009
2.7800000000000002,0.1969128669058411,-0.1300606051746735,0.278,1.233771535295282,1.5164626842434739,9.774254373924482,-0.012579550861770488,-0.08324865598058984,0.10774327845789654,1.099978995175244,1.6214256748655766,9.539170200201577,-0.021993901536683513,-0.0704282173590351,0.10000000000000009
2.79,0.19668904099906595,-0.1307591109807763,0.279,1.246137924434309,1.4912545407212856,9.655380909740154,-0.0012783288239716175,-0.08114816273418092,0.10585588045424091,1.1008886737893107,1.620437850145862,9.538722011002605,-0.02277083800516777,-0.06926984159530136,0.10000000000000009
2.8000000000000003,0.19645745014573773,-0.13144600200657952,0.28,1.3629618489218869,1.385198054479108,9.914707428543668,0.029848220649062937,-0.07929979294593077,0.12247530612828081,1.101712911118244,1.6194225084539966,9.538297999996756,-0.023546875519955823,-0.06810531288371086,0.10000000000000009
2.81,0.19621810348866683,-0.13212121723845052,0.281,1.2811176485378124,1.3535611307558204,9.712605429684414,-0.016753843244651918,-0.0967944620515584,0.10916483436298693,1.1024520661590669,1.6183795852453402,9.537898401939886,-0.02432198344441694,-0.06693473466443667,0.09999999999999731
2.82,0.1959710104768494,-0.13278469669986825,0.282,1.2060778711043185,1.4261382522879764,9.801750016181527,-0.011172111945674095,-0.07134197855695591,0.1277614689465652,1.1031065034076688,1.6173090101127734,9.537523445862645,-0.025096131178620196,-0.06575821091500816,0.10000000000000009
2.83,0.19571618086509443,-0.13343638145675069,0.28300000000000003,1.3297432542786816,1.548328986400267,9.80989237420818,-0.007945195569661211,-0.06946645932720626,0.1161250015227247,1.1036765927408514,1.6162107067819702,9.537173354978957,-0.02586928816053491,-0.0645758461410656,0.10000000000000009
2.84,0.1954536247136387,-0.13407621362268957,0.284,1.289243603171761,1.610199906445246,9.738283037725678,-0.01823542169053846,-0.09773330604857682,0.09749164911908757,1.1041627092982838,1.615084593108736,9.536848346596047,-0.026641423867246328,-0.06338774536708142,0.10000000000000009
2.85,0.1951833523877495,-0.13470413636409231,0.28500000000000003,1.071532951470826,1.5551117662781924,9.798165950885997,0.007866838984374737,-0.0998661133106951,0.09921108807996014,1.1045652333644016,1.6139305810784081,9.53654863202595,-0.027412507816161613,-0.06219401412704134,0.10000000000000009
2.86,0.19490537455731546,-0.1353200939052304,0.286,1.307296662531123,1.5658314676918004,9.769216594120046,-0.04512068455761368,-0.07670574444044913,0.09575150021946836,1.1048845502503002,1.6127485768073462,9.536274416498607,-0.02818250956620888,-0.06099475845505742,0.10000000000000009
2.87,0.19461970219642533,-0.13592403153319346,0.28700000000000003,1.3030954818570346,1.4751094478100983,9.637687236047585,-0.01828077051729917,-0.048616173128446336,0.12483393731246212,1.1051210501756366,1.6115384805465296,9.536025899076552,-0.02895139871903346,-0.05979008487594778,0.10000000000000009
2.88,0.1943263465829348,-0.13651589560274935,0.288,1.2729001648906981,1.3405821016275075,9.724579839411142,0.0011730527975644806,-0.04893652628636575,0.10063127558653132,1.105275128150604,1.610300186687267,9.5358032725712,-0.02971914492020805,-0.05858010039578587,0.10000000000000009
2.89,0.19402531929802116,-0.13709563354110918,0.28900000000000003,1.3430330335071763,1.4429229931278078,9.703971238751182,-0.01631000342057379,-0.06481530272113449,0.09488884196156452,1.1053471838579978,1.609033583769034,9.535606723460791,-0.030485717860427586,-0.057364912492391396,0.10000000000000009
2.9,0.19371663222572624,-0.13766319385259718,0.29,1.217718990725417,1.4565461601245167,9.714486096753012,-0.025100767247134267,-0.08310859352634643,0.11155298249797445,1.1053376215354187,1.607738554489455,9.535436431810002,-0.03125108727670828,-0.05614462910577822,0.10000000000000009
2.91,0.193400297552487,-0.13821852612322474,0.29100000000000004,1.297608758859494,1.4361264083815584,9.648756143078563,-0.006947754362832893,-0.05758756992015048,0.10537277283229639,1.1052468498576453,1.606414975716435,9.535292571191276,-0.032015222953572786,-0.05491935862857594,0.10000000000000009
2.92,0.1930763277666548,-0.1387615810251687,0.292,1.1446428467229708,1.479137727296046,9.843057409165674,-0.0004696293873868197,-0.07667136829785216,0.11130968067542384,1.1050752818192187,1.6050627185024589,9.535175308607846,-0.03277809472425203,-0.05368920989639314,0.10000000000000009
2.93,0.19274473565800196,-0.1392923103211526,0.29300000000000004,1.303503273159761,1.5112215808819853,9.880480751232858,-0.011722537045003475,-0.08022133367246678,0.13517638433237864,1.104823334617266,1.6036816481010587,9.53508480441856,-0.033539672471880055,-0.052454292178147344,0.10000000000000009
2.94,0.1924055343172172,-0.13981066686873164,0.294,1.4263594736058753,1.5437833519115016,9.831179876279164,-0.027751504746290075,-0.099460201101456,0.12060946759560529,1.1044914295346135,1.6022716239854622,9.53502121226444,-0.034299926130666736,-0.05121471516637416,0.10000000000000009
2.95,0.19205873713538862,-0.1403166046244801,0.29500000000000004,1.1919614593796115,1.4524373517720135,9.854186150772914,-0.009646729520397765,-0.06438573787776102,0.10716731092467109,1.1040799918232085,1.6008324998694343,9.534984678997079,-0.03505882568709956,-0.049970588967472584,0.10000000000000009
2.96,0.1917043578034752,-0.1408100786480811,0.296,1.2108659106133783,1.322026515911213,9.72578417367347,-0.02341110481895533,-0.07433871298770726,0.08556586039304004,1.1035894505879018,1.5993641237303118,9.53497534460886,-0.03581634118112603,-0.04872202409192394,0.10000000000000009
2.97,0.1913424103117661,-0.14129104510631857,0.29700000000000004,1.2147869078548932,1.435265939613007,9.703641706981854,-0.0069424937599586786,-0.06218106855248217,0.09920770788910663,1.1030202386706114,1.5978663378342401,9.534993342165029,-0.03657244270732912,-0.047469131444480284,0.10000000000000009
2.98,0.1909729089493286,-0.1417594612769707,0.298,1.2827227142056852,1.476514339732623,9.69213362752812,0.0032328228925886937,-0.09678046508453514,0.1173967996372396,1.1023727925349143,1.5963389787636169,9.535038797737666,-0.03732710041611659,-0.04621202231431115,0.10000000000000009
2.99,0.19059586830344377,-0.1422152855526048,0.29900000000000004,1.1867014276158727,1.5704915493935745,9.805201882042514,-0.05877959038621862,-0.058670761820787426,0.08919664159001536,1.1016475521510936,1.594781877446746,9.535111830341531,-0.03808028451489365,-0.04495080836511567,0.10000000000000286
3.0,0.19021130325903074,-0.142658477444273,0.30000000000000004,1.305010201778908,1.4252619311788077,9.771971198810748,-0.018900384231296842,-0.09645950495446902,0.13893024811975876,1.10084496088168,1.5931948591897078,9.535212551871878,-0.038831965269242597,-0.0436856016252124,0.10000000000000009
3.0100000000000002,0.18981922899805892,-0.14308899758510904,0.30100000000000005,1.3394565634696074,1.5102640324142438,9.747803369351809,-0.04734344375767163,-0.042489650546209734,0.10703256942995515,1.0999654653675173,1.5915777437104435,9.53534106704419,-0.03958211300409409,-0.04241651447757788,0.10000000000000009
3.02,0.18941966099894886,-0.14350680773382457,0.30200000000000005,1.3121413388142673,1.4915664291437676,9.858394880288177,0.014417655444162018,-0.04959250426591253,0.10752851848661456,1.0990095154143877,1.5899303451750575,9.535497473335914,-0.040330698104897034,-0.04114365964986849,0.10000000000000009
3.0300000000000002,0.18901261503596098,-0.1439118707781064,0.30300000000000005,1.1290516308760699,1.4698857886491314,9.7875818429797,-0.029866179262201656,-0.06037698807256328,0.09674375709526195,1.0979775638802334,1.5882524722363378,9.535681860930172,-0.041077691018796825,-0.03986715020441456,0.10000000000000009
3.04,0.18859810717857292,-0.14430415073791286,0.30400000000000005,1.3492801645062804,1.5406853206631475,9.688211079871781,-0.012470502543539303,-0.046388550530543936,0.11412355822553456,1.096870066562999,1.5865439280744942,9.535894312661515,-0.04182306225579413,-0.038587099528164526,0.10000000000000009
3.0500000000000003,0.1881761537908451,-0.1446836127686697,0.30500000000000005,1.3437525814857916,1.4122438382523075,9.701258184967916,-0.024875114655712755,-0.06825522940595019,0.08910486844607615,1.0956874820891338,1.5848045104401114,9.536134903963703,-0.04256678238990508,-0.037303621322619385,0.10000000000000009
3.06,0.18774677153077482,-0.14505022316436525,0.30600000000000005,1.3334724542323018,1.4175198092731363,9.811632785844811,-0.037190701549779936,-0.051329601824325624,0.13895167465279973,1.0944302718027843,1.5830340116993167,9.536403702819552,-0.043308822060331154,-0.0360168295937352,0.10000000000000009
3.0700000000000003,0.18730997734963847,-0.1454039493605444,0.30700000000000005,1.2945290368905753,1.460913836253064,9.840008896195222,-0.03983459923251112,-0.03911103551962964,0.1262294478000227,1.0930988996557074,1.5812322188811545,9.536700769712866,-0.04404915197261938,-0.034726838641792324,0.10000000000000009
3.08,0.18686578849132243,-0.1457447599372011,0.30800000000000005,1.2821067812056708,1.407297689634337,9.800571152585666,-0.002974966455007628,-0.096088320028581,0.12133001560160306,1.0916938320979335,1.5793989137271691,9.53702615758247,-0.0447877428998128,-0.03343376305124657,0.09999999999999731
3.09,0.18641422249164222,-0.14607262462156934,0.309,1.345981705665718,1.4988508763714496,9.90847583776978,-0.01315991580781637,-0.05516342134663123,0.08553173687519178,1.090215537969215,1.5775338727431834,9.537379911778368,-0.045524565683607854,-0.03213771768054985,0.10000000000000009
3.1,0.18595529717765027,-0.1463875142908121,0.31000000000000005,1.4151653837192582,1.4011386603173264,9.886459455539788,0.0008511440725801969,-0.04755753909957478,0.10948007676420442,1.0886644883912837,1.5756368672532781,9.537762070020046,-0.046259591235496555,-0.03083881765194585,0.10000000000000009
3.11,0.1854890306669323,-0.14668940097460825,0.311,1.1812189299548421,1.4748091919389505,9.790850287181856,-0.028238531201267212,-0.048791848805810924,0.12447387535042115,1.0870411566609521,1.5737076634559475,9.538172662356919,-0.046992790537932205,-0.02953717834124625,0.10000000000000009
3.12,0.18501544136689163,-0.14697825785763702,0.31200000000000006,1.3409958273536102,1.4474377492901902,9.689163817123102,-0.025488585134160385,-0.022568255428225235,0.11526834289197266,1.0853460181440813,1.5717460224824393,9.538611711130976,-0.0477241346454646,-0.028232915367577827,0.10000000000000009
3.13,0.184534547974023,-0.1472540592819598,0.313,1.2455178812450656,1.4693710215514193,9.65279124608201,-0.034550716732260595,-0.060036723355216474,0.09127680219242847,1.0835795501704513,1.5697517004572623,9.539079230941624,-0.04845359468587662,-0.026926144583121203,0.10000000000000009
3.14,0.1840463694731741,-0.14751678074929944,0.31400000000000006,1.2408542878604352,1.413271205004046,9.728942342086503,-0.035661684794911074,-0.05124053329932227,0.09663259901617968,1.081742231929554,1.567724448560848,9.539575228612705,-0.0491811418613361,-0.025616982062813543,0.10000000000000009
3.15,0.18355092513679627,-0.14776639892321608,0.315,1.1253279044636206,1.4193374924095346,9.82002252388019,-0.047731550150669204,-0.06948471938043249,0.09978178020502564,1.0798345443673405,1.5656640130943642,9.540099703161804,-0.04990674744952961,-0.024305544094037346,0.10000000000000009
3.16,0.1830482345241835,-0.1480028916311802,0.31600000000000006,1.2234440466332042,1.4522947593130642,9.906208921063936,-0.0315347321357831,-0.016919481629022095,0.09746506986506229,1.0778569700839482,1.563570135546661,9.540652645771745,-0.050630382804783824,-0.022991947166299542,0.10000000000000009
3.17,0.1825383174807006,-0.14822623786654207,0.317,1.1647510813019615,1.457400856058692,9.79549807606856,-0.0453441318390934,-0.04178203512249372,0.12933750867222013,1.075809993232433,1.5614425526633382,9.541234039764385,-0.05135201935921874,-0.02167630796087172,0.10000000000000009
3.18,0.18202119413699913,-0.14843641779039762,0.31800000000000006,1.2052258785866636,1.439854482020661,9.856552683012849,-0.027498804276043735,-0.04320630304077928,0.07752776362370924,1.07369409941853,1.5592809965179164,9.541843860576662,-0.052071628623860666,-0.020358743340435914,0.10000000000000009
3.19,0.18149688490822338,-0.1486334127333508,0.319,1.1527517516469863,1.574993589120428,9.744516184301633,-0.0323225897515898,-0.036201667877893466,0.11616140168683259,1.071509775601475,1.557085194585112,9.54248207573895,-0.05278918218976081,-0.01903937033870262,0.10000000000000009
3.2,0.18096541049320392,-0.14881720519717168,0.32000000000000006,1.2030844485184884,1.3584044748612711,9.814825403501304,-0.03127664091796936,-0.024483861028272283,0.08704708231512531,1.0692575099958983,1.5548548698161722,9.543148644855695,-0.053504651729138764,-0.017718306150005247,0.10000000000000009
3.21,0.1804267918736406,-0.1489877788563509,0.321,1.2048975766781735,1.4301722599701803,9.833007411789424,-0.011253089351561031,-0.027691041877311043,0.09201073614935844,1.0669377919748266,1.552589740716283,9.543843519588394,-0.05421800899648582,-0.016395668118908413,0.10000000000000009
3.22,0.1798810503132742,-0.14914511855954984,0.32200000000000006,1.242063726412073,1.3089189629376778,9.60945428946489,-0.03762767077358523,0.008165806431212619,0.0762508406333428,1.0645511119738091,1.5502895214240116,9.54456664364088,-0.05492922582966964,-0.015071573729767695,0.10000000000000009
3.23,0.17932820735704721,-0.14928921033094625,0.323,1.101259418273925,1.4623683077841008,9.734816984791575,-0.026407569595734724,-0.02326644083178601,0.09819919808588681,1.0620979613961898,1.547953921792774,9.54531795274696,-0.05563827415107081,-0.013746140596301859,0.10000000000000009
3.24,0.17876828483025278,-0.14942004137147588,0.32400000000000007,1.113119470109954,1.3403581682827905,9.844201358204154,-0.007730021337362555,-0.03577752623193363,0.12907900409059023,1.0595788325195494,1.5455826474743022,9.546097374660404,-0.05634512596868063,-0.012419486451147044,0.10000000000000009
3.25,0.1782013048376736,-0.1495376000599692,0.325,1.2532399087408654,1.4044535169333572,9.788566369473115,-0.019444360671550122,-0.0359097686124565,0.11038841352002163,1.0569942184033383,1.543175400004099,9.546904829147296,-0.05704975337719326,-0.011091729135394301,0.10000000000000009
3.2600000000000002,0.17762728976270892,-0.14964187595418377,0.32600000000000007,1.15625820928771,1.3952700829178701,9.67250889776223,-0.022496677773180575,-0.03194216095283945,0.08863661040353797,1.0543446127977187,1.5407318768888474,9.547740227980759,-0.057752128559127036,-0.00976298658812852,0.10000000000000009
3.27,0.17704626226649106,-0.14973285979173176,0.327,1.3037269966894136,1.4440594377362532,9.574635847157266,-0.0450495804046531,-0.04724044349347018,0.12187292700753154,1.051630510053635,1.53825177169576,9.548603474938052,-0.05845222378591253,-0.008433376835942363,0.10000000000000009
3.2800000000000002,0.17645824528699067,-0.14981054349090261,0.32800000000000007,1.2330044836736296,1.373689511963439,9.742177566755098,-0.037940829650284925,-0.02271005257174069,0.12509869248697172,1.0488524050341321,1.5357347741438463,9.54949446580009,-0.059150011418990234,-0.0071030179824627115,0.10000000000000009
3.29,0.17586326203811126,-0.149874920151381,0.329,1.2615596282123258,1.3675131614309213,9.766658679339974,-0.061812238151093324,-0.010296150525782656,0.10815138006113001,1.0460107930269438,1.5331805701970624,9.55041308835332,-0.05984546391089862,-0.0057720281978562715,0.10000000000000009
3.3000000000000003,0.1752613360087727,-0.14992598405485974,0.33000000000000007,1.323177801268845,1.5253726714671603,9.702370655443428,-0.035288570145289036,-0.02981496134033102,0.13707404423417227,1.0431061696583566,1.5305888421593354,9.551359222394053,-0.06053855380635936,-0.004440525708329646,0.10000000000000009
3.31,0.17465249096198407,-0.1499637306655476,0.331,1.181896427592675,1.4296383041804372,9.785223703440161,-0.03913781740035652,-0.03135022501064656,0.11874870046525306,1.040139030808382,1.527959268771417,9.552332739735165,-0.06122925374337923,-0.0031086287856335604,0.10000000000000009
3.3200000000000003,0.1740367509339051,-0.1499881566305724,0.3320000000000001,1.1594828843496043,1.3599619921800958,9.814717433746864,-0.04360508052746943,0.004766658564890537,0.11644558795829066,1.0371098725272376,1.5252915253095523,9.553333504215258,-0.061917536454302036,-0.001776455736555993,0.10000000000000009
3.33,0.17341414023289803,-0.14999925978027873,0.333,1.2726599288380938,1.3834724804099516,9.82981396880421,-0.02907382679975664,-0.03796712088046942,0.09420844047319464,1.034019190953164,1.522585283685939,9.554361371710224,-0.06260337476690081,-0.00044412489240697184,0.09999999999999731
3.34,0.1727846834385671,-0.14999703912842055,0.334,1.2405927287529022,1.531775562423794,9.58943852290216,-0.06326519743229914,-0.04639298064129099,0.11562173665105634,1.0308674822315822,1.519840212550929,9.555416190147245,-0.06328674160546444,0.0008882454014827457,0.10000000000000009
3.35,0.17214840540078874,-0.14998149487224907,0.335,1.1820264644422787,1.3794449340481116,9.67448601024779,-0.021222322637416694,-0.03144206475702495,0.10920945159917855,1.027655242435616,1.517055977396966,9.556497799521257,-0.06396760999183154,0.0022205367962782607,0.10000000000000009
3.36,0.17150533123873046,-0.14995262839249499,0.336,1.306106804352142,1.3397570225116968,9.757684632662246,-0.03291984874114966,-0.03593710796070255,0.11376857381681801,1.0243829674879805,1.514232240664215,9.557606031913807,-0.06464595304648546,0.0035526309501571207,0.10000000000000009
3.37,0.17085548633985903,-0.14991044225324593,0.337,1.1746764074094425,1.3393111424100406,9.82827378679612,-0.04810876783379999,-0.005641687072388569,0.09572823147015705,1.0210511530842585,1.5113686618478541,9.558740711514394,-0.06532174398960339,0.0048844095388148046,0.10000000000000009
3.38,0.1701988963589384,-0.1498549402017187,0.338,1.1926229485375772,1.347474862483595,9.822148182523366,-0.049833860969987265,-0.015666197791622663,0.10796895720410955,1.017660294617571,1.5084648976070008,9.55990165464425,-0.06599495614211803,0.006215754265974371,0.10000000000000009
3.39,0.16953558721701667,-0.14978612716792644,0.339,1.1877655762528858,1.340580520128664,9.822370238354196,-0.0410017018723125,-0.012344099580921556,0.09364426437463214,1.0142108871046558,1.5055206018752356,9.561088669782547,-0.06666556292676679,0.007546546873897497,0.10000000000000009
3.4,0.16886558510040306,-0.14970400926424074,0.34,1.1083156260910079,1.2822096341483815,9.755135740386827,-0.02614067077510637,0.009509186884802736,0.07376554732471627,1.0107034251133609,1.5025354259726933,9.562301557595086,-0.06733353786914087,0.008876669153894123,0.10000000000000009
3.41,0.16818891645963385,-0.14960859378484856,0.341,1.187867216778612,1.2933465901776533,9.76127337779954,-0.048156094083675646,-0.016911149736170077,0.12088593397921304,1.007138402691564,1.4995090187196831,9.563540110965409,-0.0679988545987345,0.010206002956812676,0.10000000000000009
3.42,0.16750560800842837,-0.14949988920510449,0.342,1.2898171138957122,1.3139890071433429,9.731095233346295,-0.04807051535216768,0.006414945941617039,0.08335760562265884,1.003516313297528,1.4964410265518058,9.564804115028377,-0.06866148684998019,0.01153443020353584,0.10000000000000009
3.43,0.16681568672263425,-0.14937790518077784,0.343,1.2089723088028985,1.4242930091158057,9.850437753172443,-0.050630123880648845,0.018915055478850834,0.10742632014707752,0.9998376497316978,1.4933310936365345,9.566093347206195,-0.06932140846329093,0.012861832895473546,0.10000000000000009
3.44,0.16611917983916255,-0.14924265254719501,0.34400000000000003,1.1725243951455733,1.343963308952109,9.71617416348319,-0.02469717344822402,-0.009242414119938641,0.11079751317887934,0.996102904069947,1.4901788619912129,9.567407577246875,-0.06997859338609413,0.014188093125044876,0.10000000000000009
3.45,0.16541611485491237,-0.14909414331827694,0.34500000000000003,1.1548815888320267,1.353468700754643,9.857690793255593,-0.05736511392076551,0.00986730219573508,0.11066555789913286,0.9923125675982785,1.4869839716024424,9.568746567265155,-0.0706330156738516,0.015513093086148844,0.10000000000000009
3.46,0.16470651952568552,-0.14893239068547204,0.34600000000000003,1.190671348567059,1.4694578651495518,9.809363572903603,-0.05304935829715588,-0.003396441130014077,0.10168984545057846,0.9884671307489892,1.483746060546824,9.57011007178586,-0.07128464949109486,0.016836715084625475,0.10000000000000009
3.47,0.16399042186509047,-0.14875740901658444,0.34700000000000003,1.2198243846001269,1.4692487805238377,9.790481013110504,-0.031137036847154985,0.015536820829938472,0.10998444163697223,0.9845670830382993,1.480464765112997,9.571497837789687,-0.07193346911243542,0.018158841548716886,0.10000000000000009
3.48,0.1632678501434368,-0.1485692138544977,0.34800000000000003,1.2044553634593862,1.3406368278271958,9.743611829254965,-0.051565913065772545,-0.020743592402774826,0.11318436290806823,0.980612913005454,1.4771397199249607,9.572909604761438,-0.07257944892358204,0.019479355039508928,0.10000000000000009
3.49,0.16253883288661883,-0.14836782191579426,0.34900000000000003,1.1235828710333051,1.3108451209149274,9.690520903677339,-0.037311409360250666,-0.020584350734654783,0.11727713478646926,0.9766051081532956,1.4737705580666205,9.57434510474068,-0.07322256342236488,0.020798138261352017,0.10000000000000009
3.5,0.1618033988749895,-0.14815325108927066,0.35000000000000003,1.1714280715433858,1.289141933350055,9.74910501988064,-0.0687739933635099,-0.00041308476702021316,0.13223701972752436,0.9725441548903182,1.4703569112075208,9.575804062374809,-0.0738627872197209,0.022115074072297236,0.10000000000000009
3.5100000000000002,0.1610615771422244,-0.1479255204343483,0.35100000000000003,1.1799877806561387,1.409709613388967,9.775327200132711,-0.05875762044139389,-0.006569327111025942,0.10960321912012237,0.9684305384741945,1.4668984097297364,9.577286194974567,-0.07450009504070959,0.023430045494493568,0.10000000000000009
3.52,0.16031339697417532,-0.1476846501793808,0.35200000000000004,1.0568256527737208,1.3355799752759068,9.614254422448145,-0.03403853108789569,0.0004316850276875634,0.10704811788232942,0.9642647429567881,1.4633946828558588,9.578791212571916,-0.07513446172550953,0.024742935724571258,0.10000000000000009
3.5300000000000002,0.15955888790771422,-0.1474306617198569,0.35300000000000004,1.1462715889123445,1.3182593373647125,9.786667017735684,-0.06700402639369717,0.006095562403323587,0.0924838246474855,0.9600472511306444,1.459845358778056,9.580318817980357,-0.07576586223041332,0.026053628144033503,0.10000000000000009
3.54,0.15879807972956705,-0.14716357761650012,0.35400000000000004,0.9567888937601476,1.278750754810845,9.877591467540395,-0.059819276697692554,0.02157174038715238,0.11262710314245315,0.95577854447696,1.4562500647881478,9.581868706857618,-0.07639427162880741,0.027362006329600952,0.10000000000000009
3.5500000000000003,0.15803100247513807,-0.14688342159326487,0.35500000000000004,1.162856790193483,1.2773342892457324,9.851752998233497,-0.05425589875349527,0.006071347507689238,0.11616781668858377,0.9514591031150377,1.452608427408663,9.583440567770712,-0.07701966511216157,0.028667954063554824,0.10000000000000009
3.56,0.15725768642732382,-0.14659021853522902,0.35600000000000004,1.1722441392096679,1.361170406283997,9.76822568965326,-0.07353853602219386,0.0010319165814949155,0.10327224376618414,0.9470894057532147,1.4489200725248264,9.585034082263386,-0.07764201799102255,0.029971355344068917,0.10000000000000009
3.5700000000000003,0.15647816211531762,-0.1462839944863835,0.35700000000000004,1.1752779496228467,1.2266720645772287,9.812008914024146,-0.0655809667767629,0.009383468245221162,0.11428852567809408,0.942669929641268,1.445184625517438,9.586648924925921,-0.07826130569595635,0.03127209439550277,0.10000000000000009
3.58,0.1556924603134047,-0.14596477664731897,0.35800000000000004,1.080397999088842,1.4072199506472418,9.763840101239863,-0.058398455410113626,0.004221217123781245,0.10166478090725785,0.9382011505242984,1.4414017113965965,9.588284763467277,-0.07887750377854191,0.032570055678692034,0.09999999999999731
3.59,0.15490061203974678,-0.14563259337280965,0.359,1.1317797709771409,1.282592886969269,9.822740842524874,-0.059981525813675635,0.0029085643079202785,0.11611898181548176,0.933683542598075,1.4375709549362181,9.589941258789558,-0.07949058791234115,0.033865123901215266,0.10000000000000009
3.6,0.15410264855515787,-0.14528747416929466,0.36000000000000004,1.2160577155518821,1.3091013511030933,9.935403780981588,-0.041896390652615634,-0.005882239582861725,0.11990748089550611,0.9291175784658536,1.4336919808093107,9.591618065064822,-0.08010053389383986,0.03515718402762186,0.10000000000000009
3.61,0.15329860136186998,-0.1449294496922572,0.361,1.2127058783862519,1.210568358358867,9.891801865688594,-0.038547484004570774,0.020760872608445738,0.11962546771297047,0.9245037290966553,1.4297644137239536,9.593314829814169,-0.08070731764341504,0.03644612128965996,0.10000000000000009
3.62,0.15248850220228957,-0.14455855174350146,0.36200000000000004,1.0936395087271977,1.312799573945733,9.857442827963183,-0.07517864659663392,0.012199901152371163,0.10803232915153692,0.9198424637849946,1.425787878559938,9.595031193989149,-0.08131091520627853,0.037731821196471116,0.10000000000000009
3.63,0.15167238305774441,-0.1441748132683278,0.363,1.102214331601673,1.2834256942765412,9.778046866346802,-0.06111470087828617,0.03645169846359554,0.09063974681452192,0.9151342501120654,1.4217620005060159,9.596766792055396,-0.08191130275343877,0.03901416954475434,0.10000000000000009
3.64,0.1508502761472208,-0.14377826835260638,0.36400000000000005,1.1759145860619986,1.3016612723607783,9.879959830873482,-0.05334254407998103,0.0015637242334983308,0.09717306655368071,0.9103795539083641,1.4176864051977183,9.598521252078575,-0.08250845658262368,0.04029305242891357,0.10000000000000009
3.65,0.15002221392609194,-0.14336895221974952,0.365,0.9620961019915474,1.4193573809865314,9.68478934637746,-0.04147923045334636,0.01645965996399224,0.11525145502440702,0.9055788392177498,1.413560718855687,9.600294195812518,-0.08310235311921738,0.04156835625117733,0.10000000000000009
3.66,0.14918822908483645,-0.14294690122758283,0.36600000000000005,1.052384260518245,1.3120068508254867,9.802340277014988,-0.054026364339368624,0.053102032480269665,0.14303745950836222,0.9007325682629332,1.4093845684244761,9.602085238789613,-0.08369296891720529,0.04283996773168791,0.10000000000000009
3.67,0.14834835454774783,-0.14251215286511576,0.367,1.177288334146604,1.232079660422683,9.87089463115578,-0.06103768820345902,0.0130607000840359,0.10129149496945643,0.8958412014123835,1.4051575817117752,9.603893990413374,-0.08428028066008314,0.04410777391855858,0.10000000000000009
3.68,0.1475026234716348,-0.14206474574921166,0.36800000000000005,1.1446309195914446,1.2334287021997214,9.88587025223857,-0.055945359753300936,0.02489279069219249,0.11311277654615051,0.8909051971486458,1.4008793875280003,9.605720054053196,-0.0848642651617923,0.04537166219791555,0.10000000000000009
3.69,0.146651069244512,-0.14160471962115745,0.369,1.0901223777948936,1.3329912492540605,9.88398431877395,-0.05645545739815014,0.011552854753264973,0.09793819266544976,0.8859250120380573,1.3965496158262083,9.60756302714127,-0.08544489936762462,0.04663152030389278,0.10000000000000009
3.7,0.1457937254842823,-0.1411321153431338,0.37000000000000005,0.9349000894194892,1.385111932549691,9.856709556554522,-0.08098901213800608,0.010996469008676683,0.0917733359708252,0.8809011007018582,1.3921678978422865,9.609422501271636,-0.08602216035513005,0.04788723632860592,0.10000000000000009
3.71,0.1449306260374094,-0.14064697489458533,0.371,1.046802360177437,1.299486298228523,9.819705625123218,-0.06474586501229435,0.055632909933181,0.09598274872129567,0.8758339157886768,1.3877338662353647,9.611298062301353,-0.08659602533504784,0.04913869873209992,0.10000000000000009
3.72,0.14406180497758134,-0.1401493413684918,0.37200000000000005,1.0008953548656807,1.3274855463288178,9.880494028235155,-0.0463377167964133,0.03620333394698948,0.07492944364385556,0.8707239079483837,1.3832471552283956,9.613189290453745,-0.08716647165215585,0.05038579635224805,0.10000000000000009
3.73,0.14318729660436627,-0.13963925896754037,0.373,1.070469971045983,1.317733316084807,9.764320567677684,-0.07191787889640681,0.03685350768743639,0.12629010934496118,0.8655715258073069,1.378707400748872,9.615095760423737,-0.08773347678621146,0.051628418414631505,0.10000000000000009
3.74,0.1423071354418571,-0.13911677300019917,0.37400000000000005,0.9746835443965204,1.3767432861944695,9.776529982454898,-0.0675233660773256,0.010689282818944924,0.07270822037073899,0.8603772159447824,1.3741142405695999,9.617017041485205,-0.08829701835283699,0.05286645454236766,0.10000000000000009
3.75,0.14142135623730953,-0.13858192987669302,0.375,0.9509912691153876,1.1029066286529372,9.850224317900329,-0.07367262074832863,0.0427812684982339,0.10229799852414398,0.8551414228710466,1.3694673144495126,9.618952697600372,-0.08885707410436344,0.05409979476593135,0.10000000000000009
3.7600000000000002,0.14052999395976984,-0.13803477710488055,0.37600000000000006,0.8625189462874603,1.3078790698506193,9.861412302346451,-0.10538040365954865,0.05602669303783049,0.08850945453926944,0.8498645890064349,1.3647662642744465,9.620902287531168,-0.08941362193075064,0.055328329532916554,0.10000000000000009
3.77,0.13963308379869452,-0.13747536328603469,0.377,1.1205570297099816,1.3300586194110011,9.703923888367486,-0.07083019405276766,0.05714628024998601,0.09294551492048533,0.8445471546618935,1.360010734197847,9.622865364952562,-0.08996663986044207,0.056551949717756345,0.10000000000000009
3.7800000000000002,0.138730661162561,-0.13690373811052542,0.37800000000000006,0.9852292607199921,1.1404155631596544,9.889550397232801,-0.06723989381203649,0.051218422931288435,0.12706752933912152,0.8391895580207754,1.3552003707813427,9.624841478567818,-0.09051610606124194,0.05777054663143322,0.10000000000000009
3.79,0.13782276167746968,-0.13631995235340602,0.379,1.0231576336176418,1.1723918573536398,9.91764682339057,-0.08010085758450854,0.02543063032219252,0.10945885504092918,0.8337922351219147,1.3503348231351457,9.626830172225684,-0.09106199884116456,0.05898401203112552,0.10000000000000009
3.8000000000000003,0.1369094211857377,-0.1357240578699029,0.38000000000000006,1.0046727428221862,1.1716373189202878,9.851496491386403,-0.09019666814149233,0.04822203671417904,0.09167860477371853,0.8283556198439564,1.3454137430582211,9.628830985039405,-0.09160429664929054,0.06019223812981506,0.10000000000000009
3.81,0.13599067574448387,-0.13511610759080972,0.381,0.914107178003734,1.176246693396027,10.049664658562229,-0.08648897328288173,0.05481788995145465,0.09714249542094772,0.8228801438909381,1.3404367851781824,9.630843451507628,-0.09214297807664251,0.061395117605878013,0.10000000000000009
3.8200000000000003,0.13506656162420486,-0.13449615551778535,0.38200000000000006,0.8921665175259741,1.1895393160614505,9.808690702586983,-0.06241286280365038,0.01924170601764909,0.09464781374360987,0.8173662367790888,1.3354036070908517,9.63286710163709,-0.09267802185699142,0.06259254361260236,0.10000000000000009
3.83,0.13413711530734404,-0.13386425671855767,0.383,0.9060676280594955,1.2414037752398304,9.834319507337646,-0.044725326458446235,0.030513420853440512,0.10548514571093642,0.811814325824852,1.3303138694994505,9.634901461067093,-0.09320940686772528,0.06378440978768302,0.09999999999999731
3.84,0.13320237348685035,-0.1332204673220317,0.384,0.922410911594475,1.2847797993493184,9.835287733207187,-0.054117495784038856,0.06195399900514514,0.10864412182328828,0.8062248361340936,1.3251672363533518,9.636946051195723,-0.0937371121306832,0.06497061026268236,0.10000000000000009
3.85,0.13226237306473038,-0.13256484451330403,0.385,1.0049760580096738,1.2961391721652442,9.8651048507115,-0.09562377061783725,0.06305378269748527,0.13447993200435016,0.8005981905924939,1.319963374986362,9.639000389307798,-0.0942611168129534,0.0661510396724116,0.10000000000000009
3.86,0.13131715115059128,-0.13189744652858346,0.386,0.9073085299185186,1.1370217205349376,9.844466068259264,-0.06302160756635188,0.027791752814281007,0.07729632107992226,0.7949348098571005,1.3147019562544693,9.641063988704456,-0.09478140022773224,0.0673255931643052,0.10000000000000009
3.87,0.13036674506017573,-0.13121833265001792,0.387,1.1072764385922464,1.1297624514839004,9.758646181111192,-0.0863972357676219,0.06411512971920678,0.10537079315481869,0.7892351123490189,1.3093826546730118,9.643136358834429,-0.09529794183511797,0.06849416640773015,0.10000000000000009
3.88,0.12941119231388892,-0.13052756320042885,0.388,1.0450162432663535,1.2996666848679919,9.83093208039164,-0.08574534881803245,0.05463822262650541,0.10122885481148927,0.783499514247234,1.3040051485532276,9.645217005426895,-0.09581072124294071,0.0696566556032549,0.10000000000000009
3.89,0.12845053063531692,-0.12982519953795282,0.389,1.0223057487245126,1.2412991784267344,9.86978812918642,-0.08437831488060124,0.0659070815738707,0.1202939866898089,0.777728429483536,1.298569120138111,9.647305430625902,-0.09631971820754787,0.07081295749186561,0.10000000000000009
3.9,0.12748479794973797,-0.12911130405059154,0.39,0.943017041398187,1.1909751779661832,9.978083455017696,-0.06711312957761142,0.04582873991420586,0.11135391912071059,0.7719222697385324,1.2930742557375625,9.649401133126341,-0.09682491263460075,0.07196296936414354,0.10000000000000009
3.91,0.1265140323826249,-0.12838594015066995,0.391,1.067828794025977,1.215904950197379,10.05779895043075,-0.0635342720648982,0.0660360350683416,0.11488909111644578,0.7660814444387312,1.2875202458627475,9.651503608311387,-0.09732628457989195,0.07310658906938688,0.10000000000000009
3.92,0.12553827225814013,-0.1276491722692038,0.392,0.9216778441803948,1.1699419134749627,9.989577549361838,-0.07987310622379452,0.07028735495575215,0.11124592468246053,0.760206360754673,1.2819067853596382,9.653612348391409,-0.09782381425011907,0.07424371502468136,0.10000000000000009
3.93,0.12455755609762252,-0.12690106585017633,0.393,0.9296048550659504,1.2087996730000863,9.824215811599208,-0.08016223241284037,0.053395312068834036,0.09205558283095658,0.7542974236000941,1.2762335735416839,9.655726842544293,-0.09831748200366253,0.07537424622392208,0.10000000000000009
3.94,0.12357192261806688,-0.12614168734472536,0.394,0.9406796600162408,1.1326438028120724,9.831711471499204,-0.07257269423297712,0.06006024284811517,0.12414801253961881,0.748355035632101,1.2705003143215619,9.657846577057144,-0.09880726835136203,0.07649808224678978,0.10000000000000009
3.95,0.12258141073059528,-0.12537110420524053,0.395,0.9781928728879883,1.1742574479145285,9.8765297794107,-0.07165202167390483,0.051308685812667267,0.11790683640911576,0.7423795972523344,1.2647067163419583,9.659971035469292,-0.0992931539572875,0.07761512326767347,0.10000000000000009
3.96,0.12158605953892113,-0.12458938487937189,0.396,0.9675416374205542,1.0250868014383476,10.034274815473214,-0.06313733352811886,0.08690441536893243,0.11966904687234864,0.7363715066091043,1.2588524931053393,9.662099698716625,-0.0997751196395183,0.0787252700645294,0.10000000000000009
3.97,0.12058590833780491,-0.12379659880394994,0.397,0.8712045963212032,1.0843912442352368,9.88072830868504,-0.10069897216603994,0.06146207077864192,0.12479213679721593,0.7303311596004787,1.2529373631026546,9.664232045277148,-0.10025314637086558,0.07982842402770099,0.10000000000000009
3.98,0.11958099661150381,-0.12299281639881787,0.398,0.8589099175869837,1.0797172552542929,9.789877501858268,-0.08143594846420907,0.050584244183054565,0.11205652075037692,0.7242589498782988,1.2469610499409431,9.666367551317744,-0.1007272152796522,0.0809244871686772,0.10000000000000009
3.99,0.11857136403221187,-0.1221781090605764,0.399,0.9471904606424529,1.0981130934038636,9.859486210099355,-0.09830133334747469,0.05475559854194439,0.12806755937651826,0.7181552688531079,1.240923282469775,9.668505690842107,-0.10119730765045798,0.0820133621287869,0.10000000000000009
4.0,0.11755705045849466,-0.12135254915624213,0.4,0.9472076121310945,1.0474143425736417,9.96240740370186,-0.08351374858229092,0.06845442044555886,0.11152310392063726,0.7120205056999698,1.234823794906505,9.670645935839785,-0.1016634049248323,0.08309495218786211,0.10000000000000009
4.01,0.11653809593371522,-0.12051621001681916,0.401,0.8528984351281834,1.072739305014271,9.959220557995694,-0.08666471338189871,0.07889271749738017,0.1023640522795808,0.7058550473651507,1.2286623269602754,9.67278775643628,-0.10212548870205604,0.08416916127282625,0.10000000000000286
4.0200000000000005,0.11551454068445353,-0.11966916593078561,0.4020000000000001,0.7504937190604366,0.9873830661651768,9.88874826186079,-0.08433400528993999,0.04865195971485979,0.10547352685829332,0.6996592785736571,1.2224386239547351,9.674930621044195,-0.10258354073985343,0.0852358939662047,0.10000000000000009
4.03,0.11448642511891816,-0.11881149213749506,0.403,0.8564073569611805,1.1449021790279166,9.960889239338277,-0.09589303552018087,0.09747212563272703,0.10511131463630176,0.6934335818375974,1.2161524369494245,9.677073996515343,-0.10303754295511239,0.08629505551463815,0.09999999999999731
4.04,0.11345378982535129,-0.11794326482049285,0.404,0.9159010569100878,1.088951069690723,9.72621069134987,-0.10657049982397407,0.07547865614371524,0.09771755932553657,0.6871783374653455,1.20980352285979,9.679217348293777,-0.10348747742459918,0.08734655183727791,0.10000000000000009
4.05,0.11241667557042617,-0.1170645611007495,0.405,1.0054156688964289,0.9520501736732941,9.918792592794407,-0.1161661403481378,0.07893415359666248,0.12996058605342867,0.6808939235714991,1.2033916445757749,9.681360140569728,-0.10393332638568564,0.08839028953414041,0.10000000000000286
4.0600000000000005,0.11137512329763757,-0.11617545902981004,0.4060000000000001,0.7579971296584272,1.0173504650825953,9.980295185146883,-0.08710343146754568,0.07132486275963018,0.10988329646412968,0.6745807160875927,1.196916571078955,9.683501836434358,-0.10437507223700904,0.08942617589440191,0.10000000000000009
4.07,0.11032917412568599,-0.11527603758286147,0.40700000000000003,0.8136762598154337,1.1051602554914548,9.847365150123418,-0.0918661555334634,0.07402282669194998,0.10679955928931617,0.668239088773565,1.1903780775581754,9.685641898035295,-0.1048126975391861,0.0904541189046433,0.09999999999999731
4.08,0.10927886934685385,-0.11436637665171717,0.40800000000000003,0.8100947119173424,1.0280584328413496,9.849268829385675,-0.09601848752822582,0.07240812285157304,0.11098176789809903,0.6618694132299356,1.18377594552364,9.687779786732914,-0.1052461850155402,0.09147402725703316,0.10000000000000009
4.09,0.10822425042537519,-0.1134465570377208,0.40900000000000003,0.9431670676730248,1.0100427682537398,9.771205759610282,-0.06649358679072809,0.09092467849880723,0.1498502213184031,0.6554720589106964,1.1771099629194202,9.689914963257303,-0.10567551755272242,0.09248581035740874,0.09999999999999731
4.1,0.1071653589957994,-0.112516660444569,0.41,0.8249251629229836,1.0517308292394907,10.049756901976416,-0.0996630350400236,0.07654668221449648,0.08827882488550885,0.6490473931368737,1.1703799242343482,9.692046887865857,-0.10610067820141858,0.09348937833335291,0.10000000000000009
4.11,0.10610223686134682,-0.11157676947105374,0.41100000000000003,0.7512624555214285,1.077588078023318,9.868720185670872,-0.06595896760020026,0.08910921975477143,0.09255099749027357,0.6425957811107548,1.163585630611242,9.694175020501449,-0.10652165017701401,0.09448464204214538,0.10000000000000286
4.12,0.10503492599225912,-0.11062696760372609,0.41200000000000003,0.863743708539034,0.9277797497474183,9.948308749590455,-0.06321265467549678,0.0722238273515061,0.08445519553039307,0.6361175859307573,1.1567268899544403,9.696298820951151,-0.10693841686024302,0.09547151307870497,0.10000000000000009
4.13,0.10396346852414196,-0.10966733920947964,0.41300000000000003,0.7818009836012886,1.0793957241481502,9.979253998374332,-0.11723646940032019,0.08267837457542083,0.10157551441489006,0.6296131686069044,1.1498035170355967,9.698417749005431,-0.10735096179788975,0.09644990378345278,0.09999999999999731
4.14,0.10288790675630133,-0.10869796952805703,0.414,0.7091091218919883,0.963359042953542,10.05337030905424,-0.08699350570227013,0.06850821756802558,0.1085703746109616,0.6230828880769135,1.1428153335977018,9.700531264617759,-0.10775926870338626,0.09741972725006778,0.10000000000000009
4.15,0.10180828315007423,-0.10771894466447829,0.41500000000000004,0.7278585120577055,1.0189291863500094,9.921430641419864,-0.09474205306307626,0.09973772882887029,0.09792798822669993,0.6165271012228486,1.1357621684573036,9.70263882806461,-0.10816332145745719,0.0983808973332112,0.10000000000000286
4.16,0.10072464032715218,-0.10673035158139281,0.41600000000000004,0.9316565805708894,1.0088556060560459,9.893020032109828,-0.13282523702034155,0.06983838804796454,0.09680739859934033,0.6099461628883402,1.1286438576048805,9.704739900105778,-0.10856310410880254,0.09933332865620162,0.10000000000000009
4.17,0.09963702106789818,-0.10573227809135426,0.41700000000000004,0.8178977539186381,0.9603465789080712,9.952487926106773,-0.11133660354199659,0.07855261019302284,0.10690377653655009,0.6033404258963325,1.1214602443033386,9.70683394214496,-0.10895860087468887,0.10027693661859294,0.09999999999999731
4.18,0.09854546830965841,-0.10472481284902095,0.418,0.790379304786377,0.9121603825393689,10.045127982976952,-0.07845371693333751,0.07953336929639021,0.0972931282820215,0.5967102410673517,1.1142111791846028,9.708920416390564,-0.10934979614158624,0.10121163740366632,0.10000000000000009
4.19,0.09745002514506645,-0.10370804534328093,0.41900000000000004,0.7555317366654978,0.9631785676863417,9.930810358889927,-0.06020979121060539,0.07982234857835965,0.10956270321671747,0.5900559572382735,1.1068965203442578,9.710998786016642,-0.10973667446576782,0.10213734798588323,0.10000000000000286
4.2,0.09635073482034305,-0.10268206588930329,0.42000000000000004,0.7927754338557762,1.1087555347411233,9.870643120175048,-0.07733721090977881,0.09693735853209945,0.12152544841645943,0.5833779212815626,1.0995161334342303,9.713068515323979,-0.11011922057392876,0.10305398613827885,0.10000000000000009
4.21,0.09524764073358788,-0.10164696562051535,0.42100000000000004,0.7842002854167985,0.8625182267212721,9.824418862116854,-0.08654157644686146,0.08226826061709477,0.11493550562678022,0.5766764781249687,1.092069891753449,9.715129069901192,-0.1104974193638246,0.10396147043976386,0.09999999999999731
4.22,0.09414078643306656,-0.10060283648050801,0.422,0.7783191825785334,1.0984211476283225,9.851291012955718,-0.09202724233276495,0.10881725404356021,0.1180157563211724,0.5699519707716657,1.0845576763364837,9.717179916785836,-0.1108712559048125,0.10485972028232982,0.10000000000000009
4.23,0.09303021561549163,-0.09954977121486876,0.42300000000000004,0.7586221462685171,0.9357714222380374,10.020795869477201,-0.06699911067520656,0.07670903908335058,0.12107290808779472,0.5632047403208048,1.076979376040117,9.71922052462546,-0.11124071543844802,0.10574865587822738,0.10000000000000286
4.24,0.0919159721242976,-0.09848786336294346,0.42400000000000004,0.8110764790137328,0.9514179324292673,9.929237528493175,-0.06031077560919404,0.0923227606462516,0.10905735530719345,0.5564351259884694,1.069334887627828,9.721250363838532,-0.11160578337911231,0.10662819826705722,0.10000000000000009
4.25,0.09079809994790938,-0.09741720724952761,0.42500000000000004,0.7367710156835292,0.8562599119157039,9.908697674580113,-0.10182795024321852,0.07906058659697944,0.10239972010632502,0.5496434651290114,1.0616241158521522,9.72326890677519,-0.1119664453145569,0.10749826932278869,0.09999999999999731
4.26,0.08967664321800646,-0.09633789797648769,0.426,0.6500662384034848,0.8734089647108348,9.902162231526427,-0.12337843109651286,0.09794228801554059,0.09307228540260436,0.5428300932567465,1.0538469735349059,9.72527562787778,-0.11232268700645323,0.10835879176067584,0.10000000000000009
4.2700000000000005,0.08855164620778032,-0.0952500314143141,0.42700000000000005,0.6723202949505004,0.8877422628290124,9.969194356477278,-0.12527170119852876,0.0922850801844823,0.09899823115877392,0.535995344068001,1.0460033816452379,9.727270003841106,-0.11267449439099422,0.10920968914413243,0.10000000000000286
4.28,0.08742315333018658,-0.09415370419360504,0.42800000000000005,0.5553508466783622,0.8350780919385127,9.943379584718114,-0.07433184178896289,0.0910987057778501,0.0969999234761677,0.5291395494634783,1.0380932693754874,9.729251513772306,-0.11302185357942723,0.11005088589153347,0.10000000000000009
4.29,0.08629120913619177,-0.09304901369648343,0.42900000000000005,0.8694491928753034,0.892940191252245,9.940500655706952,-0.09501460750267228,0.11190846017057876,0.11583975347009895,0.5222630395709386,1.0301165742148304,9.731219639350389,-0.11336475085859943,0.11088230728292861,0.09999999999999731
4.3,0.08515585831301459,-0.09193605804794647,0.43,0.7698158727498842,0.8715420238206611,10.072245296152682,-0.09206107697045995,0.08483712263387955,0.11009615309501278,0.5153661427681648,1.0220732420206857,9.733173864985261,-0.11370317269152747,0.11170387946666249,0.10000000000000009
4.3100000000000005,0.08401714568236122,-0.09081493610715018,0.43100000000000005,0.6283113994958314,1.0441376009857832,10.089181607814576,-0.12198945376843938,0.10423314436947007,0.11533516330781315,0.5084491857062143,1.0139632270878598,9.735113677976274,-0.11403710571789016,0.11251552946593066,0.10000000000000286
4.32,0.08287511619865678,-0.08968574745862785,0.43200000000000005,0.6661518352640903,0.7943301653198623,9.839530854440916,-0.10644712365918811,0.08467685652064438,0.08752975496171858,0.5015124933329145,1.0057864922154232,9.737038568670194,-0.11436653675456973,0.11331718518530001,0.10000000000000009
4.33,0.08172981494726983,-0.08854859240344418,0.43300000000000005,0.6311148986692333,0.8869117676163956,9.99744151106296,-0.09997135469947625,0.09872264670244424,0.1263872266993287,0.4945563889166083,0.9975430087712757,9.738948030618543,-0.11469145279621173,0.11410877541706832,0.09999999999999731
4.34,0.08058128714273255,-0.08740357195028649,0.434,0.7983186389125022,0.8894582316522904,9.911515164641099,-0.0927830068082533,0.08006208306046238,0.0986239973594323,0.4875811940701285,0.9892327567544044,9.74084156073426,-0.11501184101568862,0.1148902298476237,0.10000000000000009
4.3500000000000005,0.07942957812695606,-0.0862507878064917,0.43500000000000005,0.5534322555839467,0.775656034465772,9.95567202313865,-0.10218163622659568,0.08859878381164633,0.08849235237859131,0.4805872287749676,0.9808557248548098,9.74271865944763,-0.11532768876460348,0.11566147906365148,0.10000000000000286
4.36,0.07827473336744048,-0.08509034236901346,0.43600000000000005,0.6702539916276514,0.9082587618832979,10.002109527512703,-0.11180364067020296,0.09804230465067447,0.09851465729458665,0.4735748114056641,0.9724119105110817,9.744578830861407,-0.1156389835738375,0.11642245455833547,0.10000000000000009
4.37,0.07711679845547931,-0.08392233871532499,0.43700000000000006,0.6462008931648401,0.8143260182200851,9.962750225698127,-0.108174787924698,0.1272667184148085,0.14227523149253687,0.46654425875434274,0.9639013199656088,9.746421582905088,-0.11594571315401009,0.11717308873744475,0.09999999999999731
4.38,0.07595581910436028,-0.08274688059426456,0.438,0.7139921909477002,0.636911819243431,9.998964340422933,-0.0788271172215781,0.10236768147057625,0.09912151300606839,0.4594958860554424,0.95532396831742,9.748246427488285,-0.11624786539595824,0.11791331492530116,0.09999999999999731
4.39,0.07479184114756014,-0.08156407241681897,0.439,0.6321532585237772,0.8798373593914909,10.035984648317122,-0.09356014514682333,0.12628041856317584,0.10003429517733656,0.4524300070105789,0.9466798795726286,9.750052880653117,-0.11654542837123624,0.11864306737075572,0.10000000000000286
4.4,0.07362491053693555,-0.08037401924684945,0.44000000000000006,0.49279086333718664,0.7295130195691453,10.007430259172214,-0.08833915239236548,0.10551131644083707,0.10191768982122004,0.4453469338135504,0.9379690866924806,9.751840462725594,-0.11683839033254928,0.11936228125294934,0.10000000000000286
4.41,0.07245507334090916,-0.07917682679175998,0.44100000000000006,0.6067446917039745,0.7263333139675308,9.931909979969552,-0.11117326994670301,0.09704912535407856,0.10240250733314248,0.4382469771754725,0.9291916316389947,9.753608698465923,-0.11712673971426973,0.12007089268715188,0.09999999999999731
4.42,0.07128237574265016,-0.07797260139310641,0.442,0.5410052748206192,0.856199322513504,9.933859639754234,-0.14229214282514224,0.12664712043437282,0.09292573104091266,0.4311304463500067,0.9203475654181698,9.755357117217661,-0.11741046513286321,0.120768838730409,0.09999999999999731
4.43,0.07010686403825189,-0.0767614500171518,0.443,0.6186117475193033,0.7660143708235906,9.871966082272152,-0.10597423216150612,0.11077561069949388,0.10678410631359211,0.4239976491587038,0.9114369481207805,9.757085253055699,-0.1176895553873375,0.12145605738711276,0.10000000000000286
4.44,0.06892858463490341,-0.07554348024536416,0.44400000000000006,0.7196173467031899,0.8597226884379788,9.92068494153444,-0.11151098838508802,0.09533800803786258,0.12078826459488293,0.41684889201641934,0.9024598489607228,9.758792644933,-0.11796399945968108,0.12213248761453466,0.10000000000000286
4.45,0.06774758404905827,-0.07431880026486111,0.44500000000000006,0.45822766621225425,0.8734572987097518,10.147347756494511,-0.09358903586763374,0.1125125180814388,0.10951312192358853,0.40968447995681007,0.8934163463109313,9.76047883682602,-0.11823378651530103,0.12279806932821227,0.09999999999999731
4.46,0.06656390890459739,-0.07308751885879991,0.446,0.5257959268013824,0.716110331903023,9.92884711664883,-0.04992625157645765,0.10166057122001804,0.08816713715901575,0.4025047166578895,0.8843065277368363,9.76214337787879,-0.11849890590348577,0.12345274340734708,0.09999999999999731
4.47,0.06537760593098856,-0.07184974539671417,0.447,0.538406543160588,0.8224265088654985,9.899570188522524,-0.08916471406456371,0.07670833684089269,0.09945703331024539,0.3953099044676292,0.8751304900273791,9.763785822545584,-0.11875934715777636,0.12409645170000233,0.10000000000000286
4.48,0.06418872196144186,-0.07060558982479986,0.44800000000000006,0.5458314859276322,0.6878015963054107,10.019700709517249,-0.05873645508139622,0.12116161387624398,0.0966420378919739,0.38810034442960906,0.8658883392235743,9.765405730732123,-0.11901509999637794,0.12472913702827257,0.10000000000000286
4.49,0.062997303931061,-0.06935516265614872,0.44900000000000007,0.629282338479426,0.9162127065100415,9.986649471627553,-0.09159480187485966,0.12407548838466452,0.10565250161998627,0.3808763363086872,0.8565801906446158,9.767002667935252,-0.1192661543226177,0.12535074319339132,0.09999999999999731
4.5,0.06180339887498951,-0.06809857496093204,0.45,0.5477804612280474,0.6709508706062962,9.981946193596984,-0.10979667330571975,0.13578405945335892,0.12487641789129926,0.37363817861669846,0.8472061689115219,9.768576205381068,-0.11951250022530918,0.12596121498070906,0.09999999999999731
4.51,0.06060705392655481,-0.06683593835653454,0.451,0.5884353778723506,0.7984581549016823,10.109276002346077,-0.09546912516313141,0.11500820839845637,0.1025065794036159,0.36638616863815243,0.8377664079683371,9.770125920161398,-0.11975412797912595,0.12656049816460804,0.10000000000000286
4.5200000000000005,0.05940831631540699,-0.06556736499763988,0.45200000000000007,0.4972975056857079,0.774760808833346,10.040529022716232,-0.07443754482546956,0.10548143610099696,0.10338740027963396,0.35912060245593996,0.8282610511008726,9.771651395368625,-0.11999102804502275,0.12714853951326308,0.10000000000000286
4.53,0.05820723336565436,-0.06429296756626927,0.45300000000000007,0.5586578292585632,0.7229585225344874,9.956279570495028,-0.0739989916011309,0.12243821673281745,0.1314971986159365,0.351841774977039,0.8186902509529984,9.773152220228768,-0.12022319107058872,0.12772528679344808,0.09999999999999731
4.54,0.057003852493995213,-0.06301285926177091,0.454,0.5953154774449002,0.6334188934990496,9.967393273129654,-0.11033338818517349,0.12304669067230023,0.11791894569791447,0.3445499799581797,0.8090541695404914,9.774627990232794,-0.1204506078904221,0.12829068877514524,0.09999999999999731
4.55,0.055798221207845916,-0.06172715379076637,0.455,0.4670447034960264,0.6652220512395095,9.961661474498765,-0.09818821600451753,0.1353618959042647,0.11331730316405333,0.3372455100315171,0.7993529782624393,9.776078307266092,-0.1206732695265101,0.12884469523607478,0.10000000000000286
4.5600000000000005,0.05459038710346501,-0.06043596535704942,0.45600000000000007,0.5803771815070539,0.49439587849299926,10.073099091747691,-0.12370821858667949,0.11062217137974428,0.13401450405210039,0.32992865673024785,0.7895868579102074,9.777502779736064,-0.12089116718854293,0.1293872569661871,0.10000000000000286
4.57,0.05338039786407506,-0.059139408651442626,0.4570000000000001,0.5164411156848366,0.6734337702199926,9.978252793228885,-0.09009147885611517,0.10937500681462452,0.11189863413576015,0.322599710514204,0.7797559986739879,9.778901022697807,-0.12110429227427978,0.12991832577199414,0.09999999999999731
4.58,0.052168301257979416,-0.057837598841609536,0.458,0.5900185340338981,0.6733446714274571,9.86015488593013,-0.07924242530369789,0.10154704758549327,0.07459177812280558,0.3152589607953971,0.7698606001469135,9.780272657977793,-0.12131263636993017,0.13043785448091094,0.09999999999999731
4.59,0.050954145136676454,-0.05653065156182441,0.459,0.4839557626446674,0.6454900541102132,10.002912257858984,-0.10211123105115633,0.1207683468337902,0.1169118007677551,0.30790669596350834,0.7599008713267676,9.781617314295517,-0.12151619125042694,0.13094579694539338,0.10000000000000286
4.6000000000000005,0.04973797743297088,-0.05521868290270167,0.4600000000000001,0.5238833603829549,0.38643385476228387,9.887290373368344,-0.11315810816773018,0.09011804720524848,0.080608916883574,0.3005432034113309,0.7498770306152982,9.782934627383097,-0.12171494887974858,0.1314421080470439,0.10000000000000286
4.61,0.04851984615908148,-0.05390180940088353,0.4610000000000001,0.4821551406615118,0.5137018034303522,10.18657980689901,-0.0980893832696303,0.12532004076286082,0.11143635085949466,0.2931687695601414,0.7397893058151376,9.78422424010273,-0.12190890141129777,0.13192674370063986,0.09999999999999731
4.62,0.04729979940474492,-0.05258014802868887,0.462,0.4716233098468205,0.5465155799155715,9.935881492259162,-0.09749233983556366,0.12288575567044285,0.07872351150940443,0.28578367988501524,0.7296379341243381,9.785485802561986,-0.12209804118816538,0.1323996608580468,0.09999999999999731
4.63,0.046077885335318175,-0.05125381618372259,0.463,0.49188584625281817,0.6199407733457487,10.000741198433467,-0.10275646520409323,0.12328266657184217,0.09749838327502117,0.2783882189400575,0.7194231621285596,9.786718972226884,-0.1222823607434316,0.13286081751204096,0.09999999999999731
4.64,0.04485415218987629,-0.04992293167844805,0.46399999999999997,0.508723848223797,0.6096137901354792,10.035185718692702,-0.10161229571667062,0.11687731859123766,0.0990895427503551,0.2709826703835726,0.7091452457908922,9.787923414032722,-0.12246185280048554,0.13331017270000847,0.10000000000000286
4.65,0.043628648279308464,-0.048587612729722424,0.4650000000000001,0.35858338465732675,0.5611608526852792,9.991640619483617,-0.1069742298044085,0.13807901232917422,0.09310267549465684,0.2635673170031502,0.6988044504393549,9.789098800492576,-0.12263651027326627,0.13374768650761815,0.10000000000000286
4.66,0.042401421984410964,-0.04724797794829569,0.466,0.5670148039621357,0.614538105005038,9.991629940548899,-0.08959374493316573,0.1286990546962632,0.09941466010910784,0.25614244074066406,0.6884010507520744,9.790244811803499,-0.12280632626660883,0.134173320072363,0.09999999999999731
4.67,0.04117252175397629,-0.045904146328275164,0.467,0.29665360674178193,0.4723390561952329,10.050413833016508,-0.09390685278069796,0.10691151362065227,0.12024188025425124,0.24870832271719714,0.6779353307401548,9.791361135950277,-0.12297129407647309,0.13458703558702212,0.09999999999999731
4.68,0.0399419961028815,-0.044556237236555246,0.46799999999999997,0.38419464943312653,0.5919727045745391,10.13842944901712,-0.11994629938098408,0.10754294996490121,0.0940265474161001,0.24126524325786375,0.6674075837282788,9.792447468806799,-0.12313140719021169,0.13498879630299102,0.10000000000000286
4.69,0.038709893610172054,-0.04320437040221534,0.4690000000000001,0.4254876648617014,0.5702211212721232,10.078538111270493,-0.12080381470580509,0.10374243349723954,0.1128228167231618,0.23381348191656354,0.6568181123330333,9.793503514234944,-0.12328665928682918,0.13537856653354044,0.10000000000000286
4.7,0.03747626291714492,-0.04184866590588444,0.47000000000000003,0.459885697775679,0.5523514776273355,10.13689985272907,-0.10956038332097404,0.12557586569998197,0.09028672084202458,0.22635331750062412,0.6461672284390034,9.794528984180939,-0.12343704423722589,0.13575631165704433,0.09999999999999731
4.71,0.036241152725427536,-0.040489244169074456,0.47100000000000003,0.5476877354077503,0.49622837101669914,9.936811668512055,-0.09479711645901204,0.10264672592554266,0.10183962028100021,0.21888502809535992,0.6354552531726326,9.795523598769208,-0.12358255610448281,0.1361219981199903,0.09999999999999731
4.72,0.03500461179505526,-0.03912622594348463,0.472,0.26551149024851406,0.6467469674701716,10.048422163870756,-0.10368966008164673,0.13406594308750522,0.10960429196382705,0.21140889108854546,0.6246825168738883,9.796487086393586,-0.12372318914404025,0.13647559343999865,0.10000000000000286
4.73,0.03376668894254673,-0.03775973230027448,0.4730000000000001,0.366583406897864,0.5294482548337764,10.037457442124671,-0.11580343057688945,0.13812636169381062,0.08981490667390317,0.20392518319477404,0.6138493590657542,9.797419183805959,-0.12385893780392544,0.13681706620867554,0.10000000000000286
4.74,0.032527433038976754,-0.03638988461931112,0.47400000000000003,0.2291963027005309,0.4007932903827724,10.05298070449638,-0.10229984201847835,0.10543403680151336,0.08491178872000156,0.19643418047974814,0.6029561284215642,9.79831963620221,-0.12398979672502662,0.13714638609443572,0.09999999999999731
4.75,0.0312868930080462,-0.03501680457838577,0.47500000000000003,0.392408360952616,0.48922785894051435,10.134757311550649,-0.11139681569477929,0.11622042950139755,0.11198243305408122,0.1889361583844482,0.5920031827302024,9.799188197305496,-0.1241157607412665,0.1374635238451948,0.09999999999999731
4.76,0.030045117824151424,-0.033640614142407224,0.476,0.4038872695409957,0.5182729838766928,10.008139460755528,-0.0932303261465744,0.11959822714277335,0.12135379659644276,0.18143139174923104,0.580990888859211,9.800024629446774,-0.12423682487978822,0.13776845129093787,0.10000000000000286
4.7700000000000005,0.028802156510450434,-0.03226143555256701,0.4770000000000001,0.5027207424558165,0.4008148331417709,9.993583320171808,-0.10163751241910546,0.13291164162374997,0.10309021090742258,0.17392015483781484,0.5699196227158116,9.800828703642589,-0.12435298436119097,0.13806114134625336,0.10000000000000286
4.78,0.027558058136927605,-0.030879391315482157,0.47800000000000004,0.37742330876318075,0.5241580272507591,10.069264858190923,-0.11130646780683771,0.14411664619093548,0.09753919606108194,0.16640272136118936,0.5587897692058789,9.801600199670066,-0.12446423459969765,0.13834156801269798,0.09999999999999731
4.79,0.02631287181845648,-0.02949460419231305,0.47900000000000004,0.44537852696334773,0.45688187189020174,9.885763760447212,-0.10336891041207676,0.09508670454826933,0.10695717036586108,0.15887936450142232,0.5476017221908902,9.802338906139067,-0.12457057120333487,0.13860970638117312,0.09999999999999731
4.8,0.025066646712860907,-0.028107197187858694,0.48,0.40169735683370283,0.22884854452917225,10.00995855070386,-0.08734947770624223,0.11592934611079386,0.10545434932649027,0.15135035693537566,0.5363558844428841,9.803044620561518,-0.12467198997412869,0.13886553263407886,0.10000000000000286
4.8100000000000005,0.023819432018973907,-0.026717293539631475,0.4810000000000001,0.31133931652518093,0.4293170408357477,10.018192071453331,-0.11587059006622806,0.11700458625082379,0.10834904897616206,0.14381597085834777,0.525052667597445,9.80371714941784,-0.12476848690823102,0.13910902404742856,0.10000000000000286
4.82,0.022571276974696287,-0.025325016706910123,0.48200000000000004,0.2253742030097457,0.3620871388217748,9.957176639165699,-0.10143796813645557,0.10033251545845434,0.06661515802010311,0.13627647800761197,0.5136924921047683,9.804356308220493,-0.12486005819609472,0.1393401589929266,0.09999999999999731
4.83,0.021322230855052013,-0.023930490359772943,0.48300000000000004,0.3525681898714573,0.42643598442476505,10.117677877677474,-0.10877084560936764,0.11429833067864802,0.0885048086851166,0.12873214968587957,0.5022757871788035,9.804961921574554,-0.12494670022266448,0.1395589169398241,0.09999999999999731
4.84,0.020072342970242997,-0.02253383836811364,0.484,0.20389170491478253,0.45012767316148045,9.949271342687952,-0.10146255193808562,0.128278836094023,0.09191601090248039,0.12118325678469014,0.4908029907445323,9.805533823235388,-0.12502840956746147,0.1397652784567818,0.10000000000000286
4.8500000000000005,0.018821662663702783,-0.021135184790637307,0.4850000000000001,0.4175624823638398,0.3794283499726612,10.02429991551909,-0.1176767408501165,0.11786375149941695,0.10691773493850446,0.1136300698077026,0.4792745493834082,9.806071856163285,-0.12510518300471832,0.13995922521356352,0.10000000000000286
4.86,0.01757023931014863,-0.01973465386384237,0.48600000000000004,0.29471349022764104,0.4861251151617382,10.058987897841908,-0.10631963475793893,0.09926151415104127,0.10736163418814727,0.10607285889393851,0.46769091827698495,9.806575872575145,-0.12517701750356433,0.14014073998269705,0.09999999999999731
4.87,0.016318122313631497,-0.018332369990983366,0.48700000000000004,0.3945073880221977,0.3267610052955727,10.1434307856979,-0.09121368000066851,0.1657146276033172,0.11397862217511695,0.09851189384092533,0.4560525611487609,9.807045733993094,-0.1252439102281011,0.1403098066410041,0.09999999999999731
4.88,0.015065361105586608,-0.01692845773102229,0.488,0.2523310672077581,0.37993894936492056,10.036415627790687,-0.12181127432997635,0.12676524878005974,0.10838475349285098,0.09094744412779568,0.4443599502042984,9.807481311290088,-0.1253058585375142,0.14046641017099312,0.09999999999999731
4.89,0.013812005142881213,-0.015523041787563504,0.489,0.3050832911907616,0.3814066622148835,10.112998206221992,-0.12763186201799145,0.12462591480027825,0.08495077711440865,0.08337977893830491,0.43261356606961876,9.807882484732447,-0.12536285998619895,0.14061053666225973,0.10000000000000286
4.9,0.012558103905862629,-0.014116246997777094,0.49000000000000005,0.2939491565975924,0.29681412756647657,10.094386192594081,-0.1270170999352676,0.10661331960378076,0.12623545821585544,0.07580916718379437,0.42081389772793765,9.808249144019296,-0.1254149123238138,0.14074217331262262,0.10000000000000286
4.91,0.011303706896404937,-0.012708198321311051,0.49100000000000005,0.26603911710698486,0.354266396129857,10.049195490038919,-0.1254676786499661,0.1271566407677938,0.12354530492089498,0.06823587752610663,0.4089614424547591,9.80858118831893,-0.12546201349543476,0.14086130842935984,0.09999999999999731
4.92,0.010048863635953934,-0.011299020829189897,0.492,0.22733323820184329,0.23290540825916817,9.951567658688832,-0.0988547085610136,0.12095177331324607,0.08561755679374053,0.060660178400426285,0.3970567057513594,9.808878526302053,-0.1255041616415929,0.14096793143021472,0.09999999999999731
4.93,0.008793623663573079,-0.009888839692706757,0.493,0.285327182088559,0.23543965059363592,9.923851979196114,-0.1288610156248089,0.09508138621194431,0.10964342122881553,0.05308233803809641,0.3851002012767233,9.809141076171898,-0.1255413550983513,0.14106203284430935,0.10000000000000286
4.94,0.007538036533986907,-0.00847778017230371,0.49400000000000005,0.17398488983477078,0.15183864220402504,10.047591254427054,-0.11207465076515846,0.10747626862222318,0.0958805163914149,0.04550262448937305,0.37309245077793457,9.809368765691204,-0.12557359239737156,0.14114360431301853,0.10000000000000286
4.95,0.0062821518156256475,-0.0070659676064463856,0.49500000000000005,0.14467439658535491,0.26267363424875906,9.994087030104192,-0.09841607573280783,0.1354433134085803,0.1068989344829357,0.03792130564615214,0.36103398401909287,9.809561532206065,-0.12560087226596725,0.14121263859067273,0.09999999999999731
4.96,0.0050260190886675625,-0.005653527400490256,0.496,0.3317470616721609,0.2585349778005978,10.11064959966554,-0.10141935663163326,0.1526967801799491,0.12066940565859238,0.0303386492646573,0.34892533870876064,9.809719322666593,-0.12562319362719776,0.14126912954526838,0.09999999999999731
4.97,0.003769687943081692,-0.004240585015541018,0.497,0.2854688223264875,0.31413337053717394,10.097084556059954,-0.11343935026374852,0.12898810844174285,0.13687319476052942,0.022754922988093836,0.33676706042600335,9.809842093644429,-0.12564055559985418,0.14131307215895222,0.10000000000000286
4.98,0.002513207976670479,-0.002827265957311211,0.49800000000000005,0.22652429323706064,0.2728822532065168,10.024796376336399,-0.10471815866237166,0.1400754138417784,0.11630606115318037,0.015170394369287939,0.32455970254505473,9.809929811347086,-0.12565295749849334,0.14134446252847388,0.10000000000000286
4.99,0.0012566287931118254,-0.0014136957649715405,0.49900000000000005,0.34808765790698337,0.17557559446564985,9.947593389207276,-0.10610401640701382,0.12125846541792822,0.10934388853204803,0.007585330893294179,0.31230382615864166,9.8099824516291,-0.12566039883352273,0.14136329786555915,0.09999999999999731
5.0,2.4492935982947065e-17,-2.7554552980815445e-17,0.5,0.18664805598836584,0.09124985213573236,10.080268616578637,-0.1111886992997808,0.12223978818468569,0.0997283439624141,1.478454848270642e-16,0.3000000000000002,9.81,-0.1256628793111801,0.14136957649715132,0.09999999999999731
5.01,-0.0012566287931117764,0.0014136957649714856,0.501,0.3062968497347668,0.2076108750651957,9.957503040499015,-0.11103992485059787,0.1398749723465301,0.10764140000084768,-0.007585330893293886,0.2876488003636484,9.8099824516291,-0.12566039883352714,0.14136329786556584,0.10000000000000564
5.0200000000000005,-0.0025132079766705187,0.002827265957311289,0.5020000000000001,0.20763784290117626,0.25040041252661605,9.978297648959636,-0.07437066711826154,0.1482745483621612,0.1254199621202487,-0.015170394369288508,0.27525081102492477,9.809929811347086,-0.12565295749849334,0.14134446252847382,0.10000000000000009
5.03,-0.003769687943081643,0.0042405850155409625,0.503,0.10550485756324957,0.20836907965705248,9.960340126574955,-0.09583372219536437,0.1428120770142148,0.10439740601961874,-0.02275492298809354,0.2628066231583506,9.809842093644429,-0.12564055559984977,0.1413130721589456,0.09999999999999454
5.04,-0.005026019088667514,0.005653527400490201,0.504,0.3270275843138625,0.22035615922074664,10.027407852213294,-0.07072629897715949,0.10736565582253316,0.0918242479151426,-0.030338649264657007,0.2503168352548503,9.809719322666593,-0.1256231936271978,0.1412691295452684,0.10000000000000009
5.05,-0.006282151815625599,0.007065967606446331,0.505,0.2507368328122432,0.10562546226256664,10.132576341918162,-0.11545431933039273,0.12251808386138029,0.08084002304894733,-0.03792130564615186,0.2377820530378706,9.809561532206065,-0.12560087226597166,0.14121263859067276,0.10000000000000564
5.0600000000000005,-0.007538036533986947,0.008477780172303656,0.5060000000000001,0.15319277693400155,0.07452203621127135,10.0395859527553,-0.10926182544396947,0.1277126957479047,0.11285603413743793,-0.045502624489372326,0.22520288937843336,9.809368765691204,-0.12557359239737156,0.1411436043130185,0.10000000000000009
5.07,-0.00879362366357303,0.009888839692706701,0.507,0.21405054433222748,0.04005003621867646,10.003344598222936,-0.12789705285147834,0.11982230295929822,0.1088421258678692,-0.0530823380380961,0.21257996420918057,9.809141076171898,-0.12554135509834688,0.14106203284430935,0.09999999999999454
5.08,-0.010048863635953885,0.011299020829189843,0.508,0.11563052171127802,0.0829531159160775,9.918374935649622,-0.12005325103631997,0.12945289200025184,0.09555133297808233,-0.060660178400426,0.19991390443742116,9.808878526302053,-0.1255041616415929,0.14096793143021483,0.10000000000000009
5.09,-0.011303706896404888,0.012708198321310997,0.509,0.20822626363846578,0.06794015956569857,10.083177141415216,-0.07948955703190855,0.13564050243405606,0.12057145593556977,-0.06823587752610635,0.1872053438572464,9.80858118831893,-0.12546201349544353,0.14086130842936645,0.10000000000000564
5.1000000000000005,-0.012558103905862756,0.014116246997777172,0.5100000000000001,-0.056824347799791286,0.07624277336427192,9.97656592957709,-0.11596505973374852,0.13821237828685257,0.09890484105375323,-0.0758091671837945,0.17445492306074775,9.808249144019296,-0.12541491232381372,0.14074217331262262,0.10000000000000009
5.11,-0.013812005142881162,0.01552304178756345,0.511,0.04515961638654918,0.03610709630405844,10.046438345229912,-0.07938234843268702,0.1481839649828006,0.10321876635836173,-0.08337977893830462,0.16166328934837246,9.807882484732447,-0.1253628599861902,0.14061053666225304,0.09999999999999454
5.12,-0.01506536110558656,0.016928457731022233,0.512,0.19803043754215266,0.022395780939173465,10.007128356145865,-0.12667874604791485,0.11764067229349356,0.10507048897610066,-0.09094744412779539,0.14883109663845046,9.807481311290088,-0.1253058585375143,0.14046641017099304,0.10000000000000009
5.13,-0.016318122313631448,0.01833236999098331,0.513,0.08928050301527077,-0.04194913108799701,10.103856697286828,-0.1236866687190286,0.10206059637200328,0.10017800786498567,-0.09851189384092504,0.13595900537596042,9.807045733993094,-0.1252439102281011,0.14030980664100426,0.10000000000000009
5.14,-0.017570239310148582,0.01973465386384232,0.514,0.11995662382541833,0.08214749504188586,10.023151534878275,-0.11271600740628684,0.12768993689164726,0.10899123214130833,-0.10607285889393826,0.12304768244053879,9.806575872575145,-0.12517701750357316,0.14014073998270363,0.10000000000000009
5.15,-0.01882166266370291,0.021135184790637383,0.515,-0.011478049392605244,-0.0010088478886598473,10.030814113366675,-0.10852359726059316,0.15039226636453795,0.12287927067962343,-0.11363006980770272,0.11009780105380373,9.806071856163285,-0.12510518300471832,0.13995922521356352,0.10000000000000009
5.16,-0.02007234297024295,0.02253383836811359,0.516,0.23730705653419532,-0.032846634754882476,10.07374980652058,-0.09377876705978076,0.11470041127345032,0.08860703311250252,-0.12118325678468989,0.09711004068601628,9.805533823235388,-0.12502840956745245,0.13976527845677536,0.10000000000000009
5.17,-0.02132223085505196,0.02393049035977289,0.517,0.17696750172407485,-0.09258839658265611,10.202046467290323,-0.10067980719326071,0.13191507914708386,0.11315750386150107,-0.12873214968587926,0.084085086962113,9.804961921574554,-0.12494670022266466,0.13955891693982395,0.10000000000000009
5.18,-0.02257127697469624,0.025325016706910067,0.518,0.057899505543000385,-0.152041195042125,10.104874978410125,-0.11356532870040065,0.13197983089222703,0.10841953278787023,-0.1362764780076117,0.07102363156717845,9.804356308220493,-0.1248600581960994,0.13934015899293317,0.10000000000000009
5.19,-0.02381943201897395,0.026717293539631554,0.519,0.03323598266254367,0.04754441834624949,10.025800453069857,-0.10912620243875602,0.12444834096085118,0.10820342010244895,-0.14381597085834835,0.05792637215135904,9.80371714941784,-0.12476848690823085,0.13910902404742856,0.10000000000000009
5.2,-0.02506664671286086,0.02810719718785864,0.52,0.14042424675380977,-0.026601192003365234,10.030048011710374,-0.11181097938706895,0.12150933435150339,0.11893810312156933,-0.15135035693537535,0.04479401223429505,9.803044620561518,-0.12467198997412436,0.1388655326340721,0.10000000000000009
5.21,-0.026312871818456436,0.029494604192312996,0.521,0.21000857168406292,-0.21331562328763526,9.986816373655627,-0.12040462607884243,0.10731620630089743,0.1065726026196928,-0.158879364501422,0.031627261109074545,9.802338906139067,-0.12457057120333487,0.13860970638117312,0.10000000000000009
5.22,-0.027558058136927556,0.0308793913154821,0.522,0.12025538999291485,-0.03503529997086263,9.950504221874118,-0.11998149639484976,0.0867842969511014,0.11312329891130374,-0.16640272136118905,0.01842683374577314,9.801600199670066,-0.12446423459970181,0.13834156801270422,0.10000000000000009
5.23,-0.028802156510450472,0.03226143555256708,0.523,0.20965229676576216,-0.03472730878052441,9.980258029739742,-0.09118227917295486,0.104108685905511,0.11650697382946412,-0.1739201548378153,0.005193450694613355,9.800828703642589,-0.12435298436119097,0.13806114134625336,0.10000000000000009
5.24,-0.030045117824151375,0.03364061414240717,0.524,-0.0450977019301682,-0.1131979071255604,9.962368531394711,-0.1338883549244487,0.11468446984868187,0.09837425936114373,-0.1814313917492307,-0.008072162011224848,9.800024629446774,-0.12423682487978388,0.13776845129093163,0.10000000000000009
5.25,-0.03128689300804615,0.03501680457838571,0.525,-0.0444009501626327,-0.01021136800728456,10.076738226408516,-0.08216151828562127,0.13656760968808093,0.1103379464829673,-0.1889361583844479,-0.021369272953109864,9.799188197305496,-0.1241157607412665,0.1374635238451948,0.10000000000000009
5.26,-0.032527433038976705,0.036389884619311065,0.526,-0.08219790683909528,-0.1348607932062164,9.938105175169271,-0.11157450496512669,0.1183758764264931,0.10224324439210325,-0.1964341804797478,-0.034697145424717246,9.79831963620221,-0.12398979672503113,0.13714638609444232,0.10000000000000009
5.2700000000000005,-0.03376668894254677,0.03775973230027456,0.527,0.041915869211532855,-0.2799179607362793,10.129618836162791,-0.11785434009807538,0.11193022118679356,0.10402822764252231,-0.20392518319477462,-0.04805503753003587,9.797419183805959,-0.12385893780392579,0.13681706620867587,0.10000000000000009
5.28,-0.03500461179505522,0.03912622594348458,0.528,0.01356840983048408,-0.15005261756074298,10.0823700460848,-0.09504408414661397,0.1059760488106755,0.10115649429200801,-0.21140889108854524,-0.06144220228156361,9.796487086393586,-0.12372318914403574,0.1364755934399924,0.10000000000000009
5.29,-0.03624115272542749,0.04048924416907441,0.529,-0.02047912887752213,-0.1739176291453404,10.022969130003373,-0.08387637186094353,0.1288657480239774,0.11304958790961488,-0.21888502809535965,-0.07485788769866497,9.795523598769208,-0.12358255610448211,0.13612199811998993,0.10000000000000009
5.3,-0.03747626291714486,0.04184866590588438,0.53,0.047877222832850855,-0.2581379608754928,10.020796425787054,-0.08917008605943143,0.13903268397949878,0.10719178211327848,-0.22635331750062382,-0.08830133690605202,9.794528984180939,-0.1234370442372304,0.13575631165705057,0.10000000000000009
5.3100000000000005,-0.038709893610172096,0.04320437040221542,0.531,0.07516659142530595,-0.17982288978489516,9.97415323144998,-0.0983435262956923,0.13423833251122402,0.11195909571583641,-0.23381348191656415,-0.10177178823235894,9.793503514234944,-0.12328665928682953,0.1353785665335408,0.10000000000000009
5.32,-0.039941996102881454,0.0445562372365552,0.532,-0.15230529681510868,-0.3705600096370438,10.039307237406495,-0.08952743649274918,0.12699801932440052,0.10580147905280302,-0.24126524325786347,-0.11526847530875628,9.792447468806799,-0.12313140719020718,0.13498879630298408,0.10000000000000009
5.33,-0.04117252175397624,0.0459041463282751,0.533,-0.08618114870481296,-0.17160649044630388,10.105036425117987,-0.1314895458603621,0.09531103628582625,0.082025485394061,-0.24870832271719676,-0.1287906271676037,9.791361135950277,-0.12297129407647274,0.13458703558702176,0.10000000000000009
5.34,-0.04240142198441091,0.04724797794829563,0.534,0.01910801885452957,-0.3354476061102864,9.960137443411876,-0.11351791461750069,0.11179139069578689,0.10646829138524558,-0.2561424407406637,-0.14233746834107658,9.790244811803499,-0.12280632626661785,0.13417332007236993,0.10000000000000009
5.3500000000000005,-0.043628648279308596,0.0485876127297225,0.535,-0.09230076825474716,-0.357441640133886,9.894197260426388,-0.11908190603289659,0.14608421698157598,0.10686475879093202,-0.2635673170031504,-0.15590821895974455,9.789098800492576,-0.12263651027326662,0.13374768650761848,0.10000000000000009
5.36,-0.04485415218987624,0.049922931678448,0.536,-0.12583043376201888,-0.3015981613025724,10.071658890199657,-0.08681669590526908,0.13319372292885476,0.10965472393826145,-0.2709826703835724,-0.16950209485106915,9.787923414032722,-0.12246185280047686,0.13331017270000223,0.10000000000000009
5.37,-0.04607788533531813,0.051253816183722545,0.537,0.010540307193483575,-0.2705874482840681,10.04006842874777,-0.1108854809412186,0.09290062076448632,0.09702254807898449,-0.27838821894005716,-0.18311830763780101,9.786718972226884,-0.12228236074343195,0.13286081751204026,0.10000000000000009
5.38,-0.04729979940474488,0.05258014802868881,0.538,-0.18167863345501478,-0.30255600707064956,9.923568829936439,-0.0922885912092724,0.11456505200850993,0.0880786752813775,-0.2857836798850149,-0.1967560648362109,9.785485802561986,-0.12209804118816503,0.1323996608580468,0.10000000000000009
5.39,-0.048519846159081434,0.05390180940088348,0.539,-0.11078189322560608,-0.3891675281340739,9.954400307628545,-0.09682639368225904,0.12042766561494744,0.11534541090194811,-0.29316876956014104,-0.21041456995416508,9.78422424010273,-0.12190890141130645,0.13192674370064647,0.10000000000000009
5.4,-0.04973797743297101,0.05521868290270174,0.54,-0.0676251499785852,-0.3853586687807685,9.943972891592606,-0.11761634656766548,0.103078952116776,0.10179603041335553,-0.300543203411331,-0.2240930225889814,9.782934627383097,-0.12171494887974824,0.1314421080470439,0.10000000000000009
5.41,-0.0509541451366764,0.05653065156182436,0.541,-0.14785390179349533,-0.4473392114354672,9.954501386972012,-0.11326632133417014,0.07952999109581557,0.10839097999805973,-0.30790669596350795,-0.23779061852505173,9.781617314295517,-0.12151619125041792,0.13094579694538747,0.10000000000000009
5.42,-0.05216830125797937,0.05783759884160949,0.542,-0.04709544292717947,-0.3871051307200848,9.985292547364262,-0.08473394692749055,0.11529227939106666,0.10151880258555755,-0.31525896079539684,-0.25150654983121185,9.780272657977793,-0.12131263636993087,0.13043785448091058,0.10000000000000009
5.43,-0.053380397864075016,0.05913940865144257,0.543,-0.1617460294677076,-0.2963777637381121,9.987645391410119,-0.11571061338483976,0.10150421223261434,0.10559503564500139,-0.32259971051420366,-0.265240004957796,9.778901022697807,-0.12110429227428395,0.12991832577199414,0.10000000000000009
5.44,-0.054590387103465046,0.06043596535704937,0.544,-0.011518808024605559,-0.3954406989685106,9.955172665053253,-0.10180537409398337,0.10103537195889398,0.09886646287176466,-0.32992865673024724,-0.2789901688333927,9.777502779736064,-0.12089116718854223,0.12938725696618747,0.10000000000000009
5.45,-0.05579822120784586,0.06172715379076632,0.545,-0.14198857306445245,-0.3410677002834306,9.945582178494355,-0.11531332583087675,0.10703922141199963,0.09102737085608595,-0.33724551003151676,-0.2927562229612298,9.776078307266092,-0.12067326952650559,0.12884469523607514,0.10000000000000009
5.46,-0.05700385249399516,0.06301285926177087,0.546,-0.08346920333578206,-0.30823738911432164,9.986506438964176,-0.1080574448236888,0.10989586190471984,0.11260617376973013,-0.3445499799581796,-0.3065373455152057,9.774627990232794,-0.12045060789042245,0.1282906887751449,0.10000000000000009
5.47,-0.05820723336565431,0.06429296756626922,0.547,-0.08336847249702867,-0.4855859849669248,10.017201111058716,-0.10381776724254528,0.11119769989043318,0.09652172998596009,-0.35184177497703867,-0.32033271143551045,9.77315222022877,-0.12022319107059323,0.12772528679345363,0.10000000000000009
5.48,-0.05940831631540702,0.06556736499763995,0.548,-0.2015948099622286,-0.4668508376794949,9.976794096235613,-0.1145770982783362,0.09747533466472312,0.1080341684289237,-0.3591206024559406,-0.3341414925238164,9.771651395368625,-0.1199910280450224,0.12714853951326377,0.10000000000000009
5.49,-0.06060705392655476,0.0668359383565345,0.549,-0.32195036982170566,-0.2908635275127113,10.095855269446897,-0.1170410827688838,0.10669623761468876,0.11175755962977252,-0.3663861686381522,-0.34796285753802625,9.770125920161398,-0.11975412797912179,0.1265604981646025,0.10000000000000009
5.5,-0.06180339887498946,0.068098574960932,0.55,-0.1354833623614602,-0.36251880187125984,10.042453594254503,-0.09790943147756803,0.08295037490519536,0.09672116259623485,-0.37363817861669824,-0.36179597228655297,9.768576205381068,-0.11951250022530918,0.12596121498070836,0.10000000000000009
5.51,-0.06299730393106094,0.06935516265614866,0.551,-0.16615207894937678,-0.6253641804867185,9.87266996969619,-0.11471531953557469,0.11343929883231868,0.08750991736010597,-0.3808763363086869,-0.3756399997220895,9.767002667935252,-0.1192661543226222,0.12535074319339687,0.10000000000000009
5.5200000000000005,-0.0641887219614419,0.07060558982479993,0.552,-0.13452461165800933,-0.47313645591403375,10.039232379709585,-0.11396892118218452,0.06521617358039264,0.1419687237626605,-0.38810034442960967,-0.3894941000348735,9.765405730732123,-0.11901509999637794,0.12472913702827326,0.10000000000000009
5.53,-0.0653776059309885,0.07184974539671413,0.553,-0.20318257313153684,-0.5166097374549247,10.044039700369794,-0.11579556437636183,0.10309961090241497,0.09774801385429212,-0.39530990446762904,-0.4033574307454073,9.763785822545584,-0.1187593471577722,0.12409645169999678,0.10000000000000009
5.54,-0.06656390890459735,0.07308751885879987,0.554,-0.22881125833423605,-0.4650178260117083,9.960471934192778,-0.10274306657517898,0.12043279429374089,0.11517379316166038,-0.4025047166578894,-0.41722914679662193,9.76214337787879,-0.11849890590348577,0.12345274340734708,0.10000000000000009
5.55,-0.06774758404905822,0.07431880026486107,0.555,-0.040901832912862285,-0.6056109323603437,9.87346560868446,-0.08721497793998147,0.09021381238492308,0.1348990892596751,-0.40968447995680995,-0.43110840064545697,9.76047883682602,-0.1182337865153052,0.12279806932821158,0.10000000000000009
5.5600000000000005,-0.06892858463490345,0.0755434802453641,0.556,-0.3256917907453647,-0.6265205088649892,9.991801632429416,-0.07851898133736582,0.11622863530517852,0.11756735233325698,-0.4168488920164188,-0.44499434235385454,9.758792644933,-0.11796399945968178,0.12213248761453396,0.10000000000000009
5.57,-0.07010686403825185,0.07676145001715175,0.557,-0.15670300910946283,-0.6277210317995315,9.987909797496146,-0.11171798838525848,0.12210359376322799,0.1010800446536948,-0.42399764915870347,-0.4588861196791181,9.757085253055699,-0.11768955538733333,0.12145605738711346,0.10000000000000009
5.58,-0.07128237574265012,0.07797260139310637,0.558,-0.26690461753510675,-0.6336087372256708,9.898283813374858,-0.06826171673344086,0.05443555435656155,0.10456423849023694,-0.43113044635000647,-0.47278287816366005,9.755357117217661,-0.11741046513286321,0.120768838730409,0.10000000000000009
5.59,-0.07245507334090912,0.07917682679175993,0.559,-0.25339397307321243,-0.5355310923473569,9.869737935932264,-0.11542424221976655,0.10124480408391094,0.09316954742581948,-0.4382469771754722,-0.48668376122408996,9.753608698465923,-0.11712673971427737,0.12007089268715743,0.10000000000000009
5.6000000000000005,-0.07362491053693566,0.08037401924684952,0.56,-0.2585961368076377,-0.7091814641659243,9.976159251915723,-0.08371567648910058,0.05963949031867139,0.11871118383731799,-0.44534693381355056,-0.5005879102396349,9.751840462725594,-0.11683839033254859,0.11936228125295004,0.10000000000000009
5.61,-0.07479184114756009,0.08156407241681893,0.561,-0.3042613660507275,-0.6795800765021682,9.963917457583918,-0.11030609744968134,0.10027764141653087,0.1139049180742302,-0.45243000701057867,-0.5144944646398839,9.750052880653117,-0.11654542837122861,0.11864306737075017,0.10000000000000009
5.62,-0.07595581910436024,0.08274688059426452,0.562,-0.20181918364028972,-0.7865988934416299,9.947659238428907,-0.11220525655478118,0.10133015956872647,0.09769216512381516,-0.4594958860554422,-0.5284025619918487,9.748246427488285,-0.11624786539595824,0.11791331492530116,0.10000000000000009
5.63,-0.07711679845547925,0.08392233871532495,0.5630000000000001,-0.14357291045579662,-0.5762305586214993,9.972067860635152,-0.10988274009975477,0.06356764175077978,0.0896682921725189,-0.46654425875434247,-0.5423113380862985,9.746421582905088,-0.11594571315401009,0.11717308873744545,0.09999999999999454
5.64,-0.07827473336744044,0.08509034236901343,0.564,-0.22338256058592465,-0.5703721451573442,9.888802237045116,-0.09925876267312742,0.12902349650786388,0.0852111469576647,-0.47357481140566404,-0.5562199270233981,9.744578830861407,-0.11563898357384583,0.11642245455834102,0.10000000000000009
5.65,-0.07942957812695617,0.08625078780649177,0.5650000000000001,-0.2577865821589355,-0.7131282931797435,9.939700781537152,-0.08947611537296062,0.10353709957633188,0.11977970769954528,-0.48058722877496796,-0.5701274612975975,9.742718659447629,-0.11532768876460348,0.1156614790636501,0.10000000000000564
5.66,-0.08058128714273251,0.08740357195028643,0.5660000000000001,-0.3514524392293442,-0.7245243966979504,10.015625964401492,-0.08784171162987287,0.08570443732675859,0.10673236845159886,-0.48758119407012823,-0.5840330718817892,9.74084156073426,-0.11501184101568099,0.11489022984761746,0.10000000000000009
5.67,-0.08172981494726979,0.08854859240344412,0.5670000000000001,-0.23767718575178046,-0.6776987902906343,9.94417852525048,-0.11183883357415647,0.11986821691660102,0.10833828576266731,-0.4945563889166079,-0.5979358883107244,9.738948030618543,-0.11469145279621104,0.11410877541706971,0.09999999999999454
5.68,-0.08287511619865673,0.08968574745862783,0.568,-0.11306152223877067,-0.6101383899905481,9.837181445688033,-0.11231523819699496,0.0703199486378547,0.09272934178069894,-0.5015124933329145,-0.6118350387636484,9.737038568670194,-0.1143665367545732,0.11331718518530556,0.10000000000000009
5.69,-0.08401714568236125,0.09081493610715023,0.5690000000000001,-0.3210618731191271,-0.7094353359046227,9.93022444121496,-0.11087757950076292,0.07800859832934941,0.08305504975494837,-0.5084491857062148,-0.6257296501461933,9.735113677976274,-0.11403710571789016,0.11251552946592996,0.10000000000000564
5.7,-0.08515585831301453,0.09193605804794643,0.5700000000000001,-0.326494865956332,-0.811937130296977,9.87831466381527,-0.09836599687536561,0.06115526963086103,0.11939914478286147,-0.5153661427681647,-0.6396188481714714,9.733173864985261,-0.113703172691524,0.11170387946665764,0.10000000000000009
5.71,-0.08629120913619173,0.09304901369648338,0.5710000000000001,-0.34735278521228574,-0.900057818112775,9.983253485695583,-0.09964005201390223,0.12175184874889788,0.10542638870557969,-0.5222630395709384,-0.6535017574404094,9.731219639350389,-0.11336475085860012,0.11088230728292792,0.09999999999999454
5.72,-0.08742315333018653,0.09415370419360498,0.572,-0.34816332305532993,-0.8734473577680364,9.986130900488135,-0.1103962302480751,0.09877027842226989,0.11837776700023922,-0.5291395494634779,-0.6673775015212862,9.729251513772306,-0.1130218535794307,0.11005088589153833,0.10000000000000009
5.73,-0.08855164620778035,0.09525003141431415,0.5730000000000001,-0.5359254295646605,-0.791734296438973,9.825680881602032,-0.09161517353228199,0.10295484290780423,0.09897702251223675,-0.5359953440680014,-0.681245203028475,9.727270003841106,-0.11267449439099422,0.10920968914413312,0.10000000000000564
5.74,-0.08967664321800642,0.09633789797648765,0.5740000000000001,-0.28999457311027005,-0.8632614675079396,10.01617407459012,-0.06137759790627073,0.09691592464033459,0.10126582737644765,-0.5428300932567462,-0.6951039837003941,9.72527562787778,-0.11232268700644976,0.10835879176067167,0.10000000000000009
5.75,-0.09079809994790934,0.09741720724952758,0.5750000000000001,-0.39576896784318627,-0.8096227933940033,9.86527946953695,-0.10256340091292258,0.10000429829913118,0.11555695499312094,-0.5496434651290114,-0.7089529644766679,9.72326890677519,-0.1119664453145569,0.10749826932278869,0.09999999999999454
5.76,-0.09191597212429756,0.09848786336294342,0.576,-0.46337021678421775,-0.8814542485931669,10.076746947958794,-0.10105175199074959,0.0916357113822215,0.11587182381408867,-0.5564351259884692,-0.7227912655744672,9.721250363838532,-0.11160578337911647,0.1066281982670593,0.10000000000000009
5.7700000000000005,-0.09303021561549167,0.09954977121486877,0.5770000000000001,-0.28141290243072364,-0.9357182023933048,9.945777244564251,-0.08582544050665411,0.09363042018564492,0.11660130475386943,-0.5632047403208049,-0.7366180065640632,9.71922052462546,-0.11124071543844802,0.10574865587823085,0.10000000000000564
5.78,-0.09414078643306652,0.10060283648050804,0.5780000000000001,-0.43417680976160167,-0.9606596288939416,9.846873575582396,-0.1022553270443035,0.09038865292271388,0.10014666136147748,-0.5699519707716661,-0.7504323064435706,9.717179916785836,-0.11087125590480834,0.10485972028232635,0.10000000000000009
5.79,-0.09524764073358784,0.1016469656205153,0.5790000000000001,-0.3825012215438289,-0.7543594073051807,9.854885936298052,-0.08345952626467355,0.07867187938259737,0.11382893289040466,-0.5766764781249685,-0.7642332837128873,9.715129069901192,-0.1104974193638246,0.10396147043976248,0.09999999999999454
5.8,-0.09635073482034301,0.10268206588930329,0.58,-0.2448981983131735,-0.8221843425774821,9.972101942882356,-0.10391558762199454,0.08609997653237024,0.12138047145456449,-0.5833779212815626,-0.7780200564468318,9.713068515323979,-0.11011922057393361,0.1030539861382844,0.10000000000000009
5.8100000000000005,-0.09745002514506651,0.10370804534328099,0.5810000000000001,-0.48046701110432394,-0.7695609654207766,9.911118968022896,-0.0651802135971304,0.08992613778071659,0.10322217812813801,-0.5900559572382738,-0.791791742367481,9.710998786016642,-0.10973667446576782,0.10213734798587837,0.10000000000000564
5.82,-0.09854546830965837,0.10472481284902085,0.5820000000000001,-0.49601669222947853,-0.8780609518848831,9.932801858435834,-0.08704976359743703,0.0866189755163569,0.09692200725714518,-0.5967102410673509,-0.8055474589156988,9.708920416390564,-0.10934979614158138,0.10121163740366076,0.10000000000000009
5.83,-0.09963702106789814,0.1057322780913542,0.5830000000000001,-0.3574934770330844,-0.9720984333336606,10.068147990894978,-0.10102987650147771,0.061802486425415484,0.12472976397015778,-0.603340425896332,-0.8192863233218818,9.70683394214496,-0.10895860087469025,0.10027693661859363,0.09999999999999454
5.84,-0.10072464032715217,0.10673035158139273,0.584,-0.2943387957523773,-0.8473836090961585,9.88160320770123,-0.09990062281626005,0.06288084738827682,0.09473323166959752,-0.6099461628883398,-0.8330074526759054,9.704739900105778,-0.10856310410881018,0.09933332865620925,0.10000000000000009
5.8500000000000005,-0.10180828315007434,0.10771894466447839,0.5850000000000001,-0.5174524020811103,-0.9697362828392927,9.941191563961247,-0.09859799040076268,0.09848481401654818,0.11385754416250897,-0.6165271012228493,-0.8467099639962754,9.70263882806461,-0.1081633214574558,0.09838089733321398,0.10000000000000564
5.86,-0.10288790675630129,0.108697969528057,0.5860000000000001,-0.3638333943116544,-0.9617915969557658,10.049514495417956,-0.06999604025268183,0.07664297650649145,0.10368070322715839,-0.6230828880769133,-0.860392974298502,9.700531264617759,-0.10775926870337862,0.09741972725006293,0.10000000000000009
5.87,-0.10396346852414191,0.10966733920947964,0.5870000000000001,-0.3557567631006126,-0.9964720816303356,9.9538525330412,-0.10913291945627873,0.08903316018268673,0.07696438284404623,-0.6296131686069045,-0.8740556006627038,9.698417749005431,-0.10735096179788975,0.09644990378345208,0.09999999999999454
5.88,-0.10503492599225908,0.11062696760372605,0.588,-0.5737200448049158,-1.243283075080048,9.803735250838466,-0.09976827303079244,0.06291605599551693,0.12152411177797115,-0.6361175859307568,-0.8876969603004206,9.696298820951153,-0.10693841686024302,0.0954715130787008,0.09999999999999454
5.89,-0.10610223686134677,0.11157676947105366,0.589,-0.3517611800693824,-0.8926479420672155,9.971122275532014,-0.09766041265498411,0.05631051326734339,0.0632767940608136,-0.6425957811107543,-0.9013161706206816,9.694175020501449,-0.10652165017701401,0.09448464204214538,0.10000000000000564
5.9,-0.10716535899579936,0.11251666044456896,0.5900000000000001,-0.35192082629433236,-0.9936475550083758,9.834900143973442,-0.08908608658261596,0.06483267074971427,0.07487348065603969,-0.6490473931368734,-0.9149123492953046,9.692046887865857,-0.10610067820141858,0.093489378333355,0.10000000000000564
5.91,-0.10822425042537515,0.11344655703772076,0.5910000000000001,-0.4532222008607739,-1.0208567614293578,10.03703302777498,-0.09260044325913898,0.0731042471209835,0.11255380554798122,-0.6554720589106959,-0.9284846143234492,9.689914963257303,-0.10567551755272242,0.09248581035741082,0.09999999999999454
5.92,-0.10927886934685381,0.11436637665171717,0.592,-0.3351007694265963,-1.0657691978495247,9.856094538327598,-0.11038186122474669,0.06543548277569583,0.1124290024648189,-0.6618694132299356,-0.9420320840954421,9.687779786732914,-0.10524618501554159,0.09147402725703385,0.09999999999999454
5.93,-0.11032917412568598,0.11527603758286144,0.593,-0.3514341289879522,-1.0626809980610725,10.15726371307684,-0.09357162236314007,0.09381302736316352,0.09497782037938551,-0.6682390887735646,-0.9555538774558534,9.685641898035295,-0.10481269753918956,0.090454118904644,0.10000000000000564
5.94,-0.1113751232976376,0.11617545902981005,0.5940000000000001,-0.4419474885646225,-1.1362727189059945,10.035035409675398,-0.08853792990320453,0.07617082335340596,0.10669942851485906,-0.6745807160875927,-0.9690491137658747,9.683501836434358,-0.10437507223700696,0.08942617589440122,0.10000000000000564
5.95,-0.11241667557042612,0.11706456110074946,0.5950000000000001,-0.49408331283136464,-1.0529410641298558,9.851022472768728,-0.09608600567610685,0.10007214687741138,0.06658052804065727,-0.6808939235714988,-0.9825169129649676,9.681360140569728,-0.10393332638568217,0.08839028953413625,0.09999999999999454
5.96,-0.11345378982535125,0.11794326482049278,0.596,-0.5417591523954336,-1.2189343120872165,9.912334617993498,-0.07577217484228045,0.07732894402040623,0.11513246763791384,-0.6871783374653451,-0.9959563956318391,9.679217348293777,-0.10348747742460127,0.0873465518372786,0.09999999999999454
5.97,-0.11448642511891814,0.11881149213749503,0.597,-0.4730782200311972,-1.1130513901460837,9.969553044422062,-0.07168606802151473,0.034073618903223704,0.10831734154715,-0.6934335818375974,-1.0093666830447139,9.677073996515343,-0.10303754295511516,0.086295055514643,0.10000000000000564
5.98,-0.11551454068445355,0.11966916593078564,0.5980000000000001,-0.4305049258133898,-1.097143170626007,9.969491910422708,-0.08631808438409456,0.08511121652739093,0.10379390280728813,-0.6996592785736573,-1.0227468972409433,9.674930621044195,-0.10258354073985204,0.08523589396620679,0.10000000000000564
5.99,-0.11653809593371518,0.12051621001681917,0.5990000000000001,-0.5090115829212727,-1.170235835673935,9.940064420323424,-0.08133951006618746,0.0455259082424026,0.10473258856701123,-0.705855047365151,-1.0360961610759492,9.67278775643628,-0.10212548870205326,0.08416916127282278,0.10000000000000009
6.0,-0.11755705045849461,0.12135254915624209,0.6000000000000001,-0.663141782108049,-1.1380509795898222,10.00200001511921,-0.11677355002140499,0.07040888033920469,0.11191466060848135,-0.7120205056999693,-1.049413598281536,9.670645935839785,-0.1016634049248323,0.08309495218785795,0.09999999999999454
6.01,-0.11857136403221183,0.12217810906057633,0.601,-0.3934930676667117,-1.2621150292845178,9.888265395490487,-0.09009538573976744,0.05405429015959458,0.10418017089369017,-0.7181552688531072,-1.0626983335235536,9.668505690842107,-0.10119730765045798,0.08201336212878968,0.10000000000000009
6.0200000000000005,-0.11958099661150377,0.12299281639881789,0.6020000000000001,-0.4856088758594263,-1.2728168534896283,9.86504616750876,-0.06831747927315113,0.09681203913510292,0.07649601655592868,-0.7242589498782991,-1.075949492458957,9.666367551317744,-0.10072721527965567,0.08092448716867928,0.10000000000000564
6.03,-0.12058590833780494,0.12379659880394991,0.6030000000000001,-0.5363738647492677,-1.190313112520826,9.864645748932263,-0.08926440693201149,0.08515076962367105,0.1376730455351526,-0.7303311596004785,-1.0891662017922596,9.664232045277148,-0.10025314637086627,0.0798284240277003,0.10000000000000009
6.04,-0.1215860595389211,0.12458938487937189,0.6040000000000001,-0.4418593603216285,-1.1672510580565292,9.958663849315574,-0.0936177154001035,0.05138712115739387,0.12285020732522495,-0.7363715066091044,-1.1023475893314012,9.662099698716625,-0.09977511963951552,0.07872527006452801,0.09999999999999454
6.05,-0.12258141073059525,0.12537110420524047,0.605,-0.39536022654551584,-1.3868212929793235,9.91636065741544,-0.047839856673480126,0.05972638885567998,0.08551113042820885,-0.7423795972523339,-1.115492784043045,9.659971035469292,-0.09929315395728958,0.07761512326767209,0.10000000000000009
6.0600000000000005,-0.12357192261806689,0.12614168734472533,0.6060000000000001,-0.7476708084417623,-1.2091657013217585,9.90819315206721,-0.05413741662282219,0.06417807483782123,0.09973158250802322,-0.7483550356321008,-1.1286009161073274,9.657846577057144,-0.09880726835136411,0.07649808224679255,0.10000000000000564
6.07,-0.12455755609762253,0.12690106585017633,0.6070000000000001,-0.4946423269739997,-1.3076785290072628,9.945739461658889,-0.073920933340394,0.07229769126544902,0.10149873533321309,-0.7542974236000941,-1.1416711169720553,9.655726842544293,-0.09831748200365906,0.0753742462239207,0.10000000000000009
6.08,-0.12553827225814007,0.12764917226920375,0.6080000000000001,-0.6492556383152049,-1.292236357746529,9.714831635859678,-0.06340638629578547,0.05851195510176928,0.12117030699486521,-0.7602063607546725,-1.1547025194064047,9.653612348391409,-0.09782381425011699,0.07424371502467997,0.09999999999999454
6.09,-0.12651403238262487,0.12838594015066992,0.609,-0.499659012210774,-1.3970636309271216,9.901631443940921,-0.11331964377247762,0.04170333084605088,0.07260964240496945,-0.7660814444387309,-1.1676942575541032,9.651503608311387,-0.09732628457989612,0.07310658906939105,0.10000000000000009
6.1000000000000005,-0.127484797949738,0.12911130405059157,0.6100000000000001,-0.534486287441268,-1.3707495695576173,9.893162110589673,-0.09111069246051828,0.04503393755137197,0.09746922612184289,-0.7719222697385326,-1.1806454669861286,9.649401133126341,-0.09682491263460075,0.0719629693641477,0.10000000000000564
6.11,-0.1284505306353169,0.12982519953795288,0.6110000000000001,-0.49938137709579244,-1.238852419441713,10.0074470470086,-0.08587045203334333,0.054568622378688786,0.07855321287704664,-0.7777284294835365,-1.1935552847529454,9.647305430625902,-0.0963197182075437,0.07081295749186284,0.10000000000000009
6.12,-0.12941119231388887,0.13052756320042883,0.6120000000000001,-0.5970941193416269,-1.326272380543296,9.749533706733798,-0.08178269735840804,0.07195192143338049,0.10070022965837387,-0.7834995142472339,-1.2064228494362972,9.645217005426895,-0.09581072124294071,0.06965665560324935,0.09999999999999454
6.13,-0.1303667450601757,0.13121833265001787,0.613,-0.7129572340866436,-1.3724767118741765,9.992433180267069,-0.08508388907122712,0.058597556474043855,0.0978777823306228,-0.7892351123490182,-1.2192473012005571,9.643136358834429,-0.09529794183512214,0.06849416640773154,0.10000000000000009
6.140000000000001,-0.1313171511505913,0.13189744652858346,0.6140000000000001,-0.605375902857468,-1.363861143689883,9.871978466252926,-0.11548294747496546,0.0393936833668527,0.10616388268330074,-0.7949348098571004,-1.2320277818436867,9.641063988704456,-0.09478140022773501,0.06732559316430659,0.10000000000000564
6.15,-0.1322623730647304,0.132564844513304,0.6150000000000001,-0.5434896926220711,-1.326875074669485,9.902135124146884,-0.07091433305274475,0.05950271592191906,0.09602262716081388,-0.8005981905924937,-1.24476343484778,9.639000389307798,-0.09426111681294924,0.0661510396724116,0.10000000000000009
6.16,-0.1332023734868503,0.1332204673220317,0.6160000000000001,-0.4994633054803091,-1.3430352371691725,9.994388899280912,-0.06814283378981414,0.04271982525252359,0.09410838863751057,-0.8062248361340936,-1.257453405429262,9.636946051195723,-0.09373711213067903,0.06497061026268236,0.09999999999999454
6.17,-0.13413711530734398,0.13386425671855764,0.617,-0.6782553746102777,-1.3981140288851992,9.904050861757588,-0.05184525771271868,0.06055914197102829,0.11474203755931577,-0.8118143258248518,-1.2700968405887212,9.634901461067093,-0.09320940686772528,0.06378440978768302,0.09999999999999454
6.18,-0.1350665616242048,0.13449615551778535,0.618,-0.5068953650588283,-1.317941808762482,9.89057752934421,-0.08737470553283777,0.08389278460207823,0.11248186078952602,-0.8173662367790888,-1.2826928891604048,9.63286710163709,-0.09267802185699281,0.06259254361260375,0.10000000000000564
6.19,-0.13599067574448384,0.13511610759080972,0.6190000000000001,-0.6466539360068396,-1.3400006457534201,9.876168032760699,-0.08822196373978244,0.039209610307696305,0.11378282669686517,-0.8228801438909381,-1.2952407018614227,9.630843451507628,-0.09214297807664806,0.061395117605878013,0.10000000000000564
6.2,-0.13690942118573776,0.1357240578699029,0.6200000000000001,-0.5714379470020448,-1.3962558155815725,9.816887509349291,-0.11474076627835873,0.05552568146367935,0.10280709131811995,-0.8283556198439564,-1.3077394313406334,9.628830985039405,-0.09160429664929054,0.06019223812981367,0.09999999999999454
6.21,-0.13782276167746965,0.136319952353406,0.621,-0.6484106010100533,-1.4361010959229703,9.849623325386254,-0.07833388248922335,0.03125150352127812,0.09706324858354773,-0.8337922351219142,-1.3201882322272833,9.626830172225684,-0.09106199884115901,0.058984012031122746,0.09999999999999454
6.22,-0.13873066116256094,0.13690373811052536,0.622,-0.5974102112583538,-1.399155674761483,9.791581773969185,-0.05989244397263257,0.03930483442252085,0.10377445219438415,-0.839189558020775,-1.332586261179381,9.624841478567818,-0.0905161060612461,0.05777054663143599,0.10000000000000564
6.23,-0.13963308379869457,0.1374753632860347,0.6230000000000001,-0.5464020616387731,-1.4400520890479012,9.84306640865942,-0.08207885284014681,0.04018773444013712,0.11305588453562161,-0.8445471546618937,-1.3449326769318448,9.622865364952562,-0.08996663986044345,0.05655194971775912,0.10000000000000564
6.24,-0.1405299939597698,0.13803477710488055,0.6240000000000001,-0.7215388672162051,-1.3918437799278405,9.659104536173777,-0.040085755239611255,0.035742867894211924,0.07286959060461352,-0.8498645890064349,-1.3572266403444346,9.620902287531168,-0.08941362193074648,0.05532832953291239,0.09999999999999454
6.25,-0.1414213562373095,0.13858192987669296,0.625,-0.6816513628266898,-1.4175457176649078,9.878143345539048,-0.07541995374061922,0.07440055949618506,0.11143941567204038,-0.8551414228710461,-1.3694673144495124,9.618952697600372,-0.08885707410436205,0.05409979476593135,0.09999999999999454
6.26,-0.14230713544185705,0.13911677300019917,0.626,-0.6193811153655336,-1.5839633600339855,9.833110395348886,-0.06871543677221059,0.03163034302564545,0.11037059064422036,-0.8603772159447824,-1.381653864499611,9.617017041485205,-0.0882970183528356,0.052866454542369046,0.10000000000000564
6.2700000000000005,-0.14318729660436622,0.13963925896754034,0.6270000000000001,-0.4456301565094484,-1.6027460439670467,9.813439331397612,-0.09094716679532369,0.04374245900994746,0.1066531295357889,-0.8655715258073067,-1.393785458014874,9.615095760423737,-0.08773347678621701,0.051628418414631505,0.10000000000000564
6.28,-0.1440618049775814,0.1401493413684918,0.6280000000000001,-0.711990814263259,-1.5837645995166993,9.855200203556251,-0.06558136500586365,0.004872556874651195,0.10347872475969314,-0.8707239079483838,-1.4058612648303568,9.613189290453745,-0.08716647165215585,0.050385796352249435,0.09999999999999454
6.29,-0.14493062603740933,0.14064697489458533,0.629,-0.484410873205988,-1.4620665724189599,9.721028762580534,-0.09915124375412171,0.03914096213454282,0.06730213117539627,-0.8758339157886768,-1.4178804571432262,9.611298062301353,-0.08659602533504368,0.04913869873209992,0.09999999999999454
6.3,-0.14579372548428227,0.1411321153431338,0.63,-0.49178862045690575,-1.67821771751285,9.98774352922723,-0.05867629839216397,0.048539989752421284,0.09903710883481946,-0.8809011007018582,-1.429842209559874,9.609422501271636,-0.0860221603551356,0.04788723632860592,0.10000000000000564
6.3100000000000005,-0.14665106924451204,0.14160471962115745,0.6310000000000001,-0.6650608979471716,-1.5325242591848107,9.822951047418268,-0.057704549196071944,0.022149213811039625,0.13255741491731032,-0.8859250120380573,-1.4417456991429685,9.60756302714127,-0.08544489936762739,0.046631520303890006,0.10000000000000564
6.32,-0.14750262347163481,0.1420647457492116,0.6320000000000001,-0.6863671891602913,-1.5453471621709867,9.81822283605937,-0.04758928325130039,-0.008978575371930853,0.10599736028095895,-0.8909051971486452,-1.4535901054584466,9.605720054053196,-0.08486426516178952,0.04537166219791555,0.09999999999999454
6.33,-0.14834835454774783,0.14251215286511576,0.633,-0.723111687539242,-1.4924263155230753,9.750498810756934,-0.08283758147854706,0.02686410331095697,0.10111309220038445,-0.8958412014123835,-1.465374610622504,9.603893990413374,-0.08428028066008036,0.04410777391855997,0.09999999999999454
6.34,-0.14918822908483642,0.1429469012275828,0.634,-0.6769209162856431,-1.5823652114987223,9.827730164395742,-0.0645788748879498,0.026484258487082933,0.10602817765427396,-0.900732568262933,-1.477098399348565,9.602085238789613,-0.08369296891720668,0.0428399677316893,0.10000000000000564
6.3500000000000005,-0.15002221392609197,0.14336895221974955,0.6350000000000001,-0.788400822492801,-1.7174821937963185,9.933853434575658,-0.057805745566268635,0.035807789641986845,0.11112682283613874,-0.9055788392177501,-1.4887606589942697,9.600294195812516,-0.08310235311921738,0.04156835625117872,0.10000000000000564
6.36,-0.15085027614722077,0.14377826835260638,0.6360000000000001,-0.6879570289706973,-1.6982308169209237,9.905729511373902,-0.05907864657775273,0.053853104578019534,0.11573148208185033,-0.9103795539083641,-1.5003605796085007,9.598521252078575,-0.08250845658261813,0.04029305242891218,0.09999999999999454
6.37,-0.15167238305774433,0.1441748132683278,0.637,-0.5646308817344895,-1.7269407850894274,9.889957619162349,-0.07810503743529901,0.01652949635524495,0.10244912305377232,-0.9151342501120653,-1.511897353978469,9.596766792055396,-0.08191130275344155,0.03901416954475295,0.09999999999999454
6.38,-0.1524885022022896,0.14455855174350143,0.638,-0.7397773800477774,-1.6874321581423861,9.862791133386331,-0.10036843295672672,0.00803561356342733,0.11212768083345055,-0.9198424637849945,-1.5233701776768684,9.595031193989149,-0.08131091520628547,0.03773182119646973,0.10000000000000564
6.390000000000001,-0.15329860136187004,0.14492944969225718,0.6390000000000001,-0.7154306322786756,-1.6706049814804853,9.788207360295264,-0.05853311468219519,0.0021396130420409457,0.13088074073587352,-0.924503729096655,-1.53477824910912,9.593314829814169,-0.08070731764341366,0.03644612128966135,0.10000000000000564
6.4,-0.15410264855515787,0.14528747416929466,0.6400000000000001,-0.8388570750805054,-1.7598027883797636,9.698108201362249,-0.06553193384884799,0.021243440573204958,0.12095499972561138,-0.9291175784658537,-1.5461207695607455,9.591618065064822,-0.0801005338938357,0.03515718402762186,0.09999999999999454
6.41,-0.15490061203974675,0.14563259337280962,0.641,-0.6771675873567524,-1.5581165980442626,9.795441962109004,-0.07112078539303529,0.024115456366901836,0.1410167098950978,-0.9336835425980747,-1.557396943244862,9.589941258789558,-0.07949058791233699,0.033865123901215266,0.09999999999999454
6.42,-0.1556924603134046,0.14596477664731897,0.642,-0.6929819150600959,-1.7932871053794874,9.792099811008358,-0.05062990172783263,0.007595327649691733,0.09619593133546259,-0.9382011505242983,-1.5686059773498284,9.588284763467277,-0.0788775037785433,0.03257005567869342,0.10000000000000009
6.43,-0.15647816211531762,0.1462839944863835,0.643,-0.7115546927376931,-1.5919469760459843,9.893733944026632,-0.06219333458042001,0.026099571443122218,0.13092851600340488,-0.942669929641268,-1.5797470820870665,9.586648924925921,-0.0782613056959619,0.03127209439550138,0.10000000000000564
6.44,-0.15725768642732385,0.146590218535229,0.6440000000000001,-0.7388818321054527,-1.6160005444461347,9.8356111249342,-0.08083633767183766,0.01996540538059477,0.09393908782612892,-0.9470894057532142,-1.5908194707390617,9.585034082263386,-0.07764201799102394,0.029971355344068917,0.10000000000000009
6.45,-0.1580310024751381,0.14688342159326487,0.645,-0.7508289692796961,-1.6496985322931788,9.938718990448791,-0.089430466708343,0.012195184743724871,0.11107456822182278,-0.9514591031150377,-1.601822359707576,9.583440567770712,-0.0770196651121588,0.028667954063554824,0.09999999999999454
6.46,-0.15879807972956703,0.1471635776165001,0.646,-0.6904899721188288,-1.7878986905690804,9.904269341045971,-0.07671720415077965,-0.003242675211074065,0.11656825693120698,-0.9557785444769598,-1.6127549685620854,9.581868706857618,-0.07639427162880602,0.027362006329599564,0.10000000000000009
6.47,-0.15955888790771422,0.14743066171985686,0.647,-0.7376076741630785,-1.7155937162203088,9.770057527929831,-0.023271987701936045,0.001618868604556522,0.098009623983788,-0.9600472511306442,-1.6236165200884511,9.580318817980357,-0.07576586223041332,0.026053628144036278,0.10000000000000564
6.48,-0.1603133969741753,0.14768465017938082,0.6480000000000001,-0.7137005162478502,-1.856338807823947,9.66181633594603,-0.0476157053679085,-0.028999991270506884,0.10691414150422363,-0.9642647429567883,-1.634406240337844,9.578791212571916,-0.07513446172551091,0.024742935724572646,0.10000000000000009
6.49,-0.16106157714222444,0.1479255204343483,0.649,-0.7258946989070042,-1.690867622424539,9.91471627907,-0.05503993186752342,0.009444974588146807,0.1192851906962256,-0.9684305384741946,-1.6451233586759577,9.577286194974567,-0.07450009504070959,0.023430045494490792,0.09999999999999454
6.5,-0.16180339887498948,0.14815325108927063,0.65,-0.6591057902200372,-1.7790407954059575,9.91023321331252,-0.05998400753857543,0.00508533404245106,0.09486436976297867,-0.9725441548903178,-1.655767107832489,9.575804062374809,-0.07386278721971534,0.022115074072297236,0.10000000000000009
6.51,-0.16253883288661874,0.14836782191579426,0.651,-0.6995351649993202,-1.8170329074624907,9.692100948640924,-0.060391676227475814,0.006049811240834087,0.13045875607452811,-0.9766051081532954,-1.666336723950945,9.57434510474068,-0.07322256342236627,0.020798138261353405,0.10000000000000564
6.5200000000000005,-0.1632678501434368,0.1485692138544977,0.6520000000000001,-0.7444092244034465,-1.889543852182205,9.921757634329127,-0.038647926078701836,0.009568225753998974,0.0845792286255225,-0.9806129130054538,-1.6768314466387528,9.572909604761438,-0.07257944892358342,0.01947935503950754,0.10000000000000009
6.53,-0.1639904218650904,0.1487574090165844,0.653,-0.6420953405220031,-2.0003187203195947,9.830461593493435,-0.06285640457801588,0.00643217298583708,0.13431660311075166,-0.9845670830382988,-1.6872505190177063,9.571497837789687,-0.07193346911243403,0.018158841548716886,0.09999999999999454
6.54,-0.1647065195256855,0.14893239068547204,0.654,-0.7333265459319634,-1.8948989525632516,9.811914898158262,-0.0462116727101794,-0.002273113151240457,0.12012034755257099,-0.988467130748989,-1.6975931877747743,9.57011007178586,-0.07128464949109625,0.016836715084626863,0.10000000000000009
6.55,-0.16541611485491234,0.14909414331827694,0.655,-0.6663068693212889,-1.7332546822101405,9.926727940843637,-0.0593593530285027,-0.0012959388847344304,0.10370627349305869,-0.9923125675982782,-1.7078587032132488,9.568746567265155,-0.07063301567385438,0.015513093086148844,0.10000000000000564
6.5600000000000005,-0.16611917983916258,0.14924265254719501,0.6560000000000001,-0.7261337205056128,-1.8635590581313355,9.904374661066301,-0.024323093696541592,-0.024482049359444175,0.09901589145535244,-0.996102904069947,-1.7180463193042939,9.567407577246875,-0.06997859338609413,0.014188093125044876,0.10000000000000009
6.57,-0.16681568672263422,0.14937790518077784,0.657,-0.9287177897874822,-1.854331766080587,9.847786829521509,-0.04166539972046858,-0.01348643622324397,0.09721241677148017,-0.9998376497316976,-1.7281552937388556,9.566093347206195,-0.06932140846329093,0.012861832895473546,0.09999999999999454
6.58,-0.1675056080084284,0.14949988920510449,0.658,-0.6806748547296889,-1.7987592215425439,9.833372599169017,-0.033639421682098825,-0.005239366723983683,0.10288462425006074,-1.0035163132975282,-1.7381848879800037,9.564804115028377,-0.06866148684998019,0.01153443020353584,0.10000000000000009
6.59,-0.16818891645963382,0.14960859378484856,0.659,-0.7769220994197346,-1.717472416959792,9.843969825370644,-0.06051733694178286,-0.01838706624986129,0.10422359285597936,-1.007138402691564,-1.748134367315653,9.563540110965409,-0.06799885459873312,0.010206002956812676,0.10000000000000564
6.6000000000000005,-0.16886558510040306,0.14970400926424074,0.6600000000000001,-0.7964292595555488,-1.767173806574315,9.760788416822702,-0.03514451014319122,0.004020897796828064,0.12369082045402707,-1.010703425113361,-1.7580030009117371,9.562301557595086,-0.06733353786914226,0.008876669153895511,0.10000000000000009
6.61,-0.16953558721701667,0.14978612716792647,0.661,-0.7724100786032325,-1.9597949151839433,9.787685093162276,-0.05507049620822965,-0.020020653615859994,0.13464208130864372,-1.014210887104656,-1.7677900618657956,9.561088669782547,-0.06666556292676401,0.007546546873897497,0.09999999999999454
6.62,-0.17019889635893834,0.1498549402017187,0.662,-0.8252409110850308,-2.04660234770175,9.718079340039777,-0.04808350625635294,-0.00836808158694471,0.10814319542041076,-1.0176602946175708,-1.7774948272610196,9.55990165464425,-0.06599495614211942,0.006215754265972984,0.10000000000000009
6.63,-0.17085548633985906,0.14991044225324593,0.663,-0.7824388852193637,-1.7112489026932487,9.763214878548187,-0.024403001824589245,-0.011184721218499644,0.09237740443624969,-1.0210511530842585,-1.787116578220747,9.558740711514394,-0.06532174398960894,0.0048844095388148046,0.10000000000000564
6.640000000000001,-0.17150533123873052,0.14995262839249499,0.6640000000000001,-0.8500941803901745,-1.7273284323839682,9.759744118920738,-0.06379875239795593,-0.0030044661933813777,0.09677333306212274,-1.024382967487981,-1.7966545999634154,9.557606031913807,-0.06464595304648546,0.0035526309501571207,0.10000000000000009
6.65,-0.17214840540078877,0.14998149487224907,0.665,-0.703004439093296,-1.903251576756211,9.736260292600742,-0.04439192496061573,-0.0019191300842259663,0.10233105090674671,-1.027655242435616,-1.8061081818579956,9.556497799521257,-0.06396760999182599,0.0022205367962782607,0.09999999999999454
6.66,-0.17278468343856704,0.14999703912842055,0.666,-0.8174085756416395,-2.030080262383814,9.796267654733365,-0.04019633856358106,-0.00638860786954485,0.08974830847867804,-1.030867482231582,-1.8154766174799035,9.555416190147245,-0.06328674160546027,0.0008882454014827457,0.10000000000000009
6.67,-0.17341414023289797,0.14999925978027873,0.667,-0.8422244613620471,-1.861458087134244,9.758046686498783,-0.03840400094109261,-0.04967770241960856,0.08737901636378254,-1.0340191909531635,-1.8247592046673948,9.554361371710224,-0.06260337476690497,-0.00044412489240697184,0.10000000000000009
6.68,-0.17403675093390514,0.1499881566305724,0.668,-0.8905961154428222,-1.956137651930457,9.823117270163385,-0.052173458109682,-0.0015335225743747967,0.13664690390455336,-1.0371098725272376,-1.8339552455784565,9.553333504215258,-0.0619175364543062,-0.001776455736555993,0.10000000000000009
6.69,-0.1746524909619841,0.1499637306655476,0.669,-0.7989462339656018,-1.9649870023992828,9.653089649129258,-0.01338030521459628,0.0020093834962635095,0.1098716613813595,-1.0401390308083822,-1.843064046748195,9.552332739735165,-0.06122925374337923,-0.0031086287856335604,0.10000000000000009
6.7,-0.17526133600877272,0.14992598405485974,0.67,-0.8100544278018291,-1.8941754022794488,9.772064254973277,-0.06325242054315598,-0.02937577240491366,0.09275930270045686,-1.0431061696583566,-1.8520849191467337,9.551359222394053,-0.06053855380635659,-0.004440525708329646,0.10000000000000009
6.71,-0.17586326203811123,0.149874920151381,0.671,-0.7977935531873317,-1.9470849142269533,9.790516809536554,-0.021282672933542815,-0.019911164217783533,0.11743498222109462,-1.0460107930269436,-1.8610171782376235,9.55041308835332,-0.05984546391089862,-0.005772028197854884,0.10000000000000009
6.72,-0.1764582452869907,0.14981054349090264,0.672,-0.914153800130442,-2.079546915021555,9.75485913461238,-0.02407528253000057,-0.038139900247273234,0.0872404019889155,-1.0488524050341324,-1.8698601440367593,9.549494465800088,-0.059150011418990234,-0.0071030179824627115,0.10000000000000009
6.73,-0.17704626226649103,0.14973285979173176,0.673,-0.9640855084493134,-2.0193541414517053,9.765304443890516,-0.013056211555465162,-0.055368277239456545,0.08846792048734055,-1.0516305100536347,-1.8786131411718134,9.548603474938052,-0.05845222378591114,-0.008433376835943751,0.10000000000000009
6.74,-0.17762728976270892,0.14964187595418377,0.674,-0.7872971524921083,-1.9504537305217537,9.64839341990375,-0.0647297165899322,-0.038472233732134174,0.09297443396729801,-1.054344612797719,-1.887275498942208,9.547740227980759,-0.057752128559127036,-0.00976298658812852,0.10000000000000009
6.75,-0.17820130483767357,0.1495376000599692,0.675,-0.7210388638033779,-1.9692963282781235,9.804134816655175,-0.05320810192949813,-0.03685626400693213,0.12983363547575627,-1.056994218403338,-1.8958465513795826,9.546904829147296,-0.05704975337719048,-0.011091729135394301,0.10000000000000009
6.76,-0.17876828483025273,0.14942004137147588,0.676,-0.9242934572456267,-1.9981259022367093,9.827424794996727,-0.017089896353560258,-0.03548493970499443,0.10128062814096228,-1.0595788325195492,-1.9043256373088129,9.546097374660404,-0.05634512596868063,-0.012419486451147044,0.10000000000000009
6.7700000000000005,-0.1793282073570472,0.14928921033094625,0.677,-0.7185225398458442,-1.9523234971586856,9.814825348173384,-0.06687177351044502,-0.04571850010598417,0.06857375930212944,-1.0620979613961898,-1.9127121004095369,9.54531795274696,-0.0556382741510722,-0.013746140596301859,0.10000000000000009
6.78,-0.17988105031327417,0.14914511855954984,0.678,-0.8243578985019901,-2.061468221371899,9.858081636253559,-0.06217258887695304,-0.04357956955416648,0.12325525776499119,-1.0645511119738091,-1.9210052892782115,9.54456664364088,-0.05492922582966964,-0.015071573729766308,0.10000000000000009
6.79,-0.18042679187364058,0.14898777885635092,0.679,-0.8505314591916922,-2.026462122853676,9.788613640003408,-0.044619512118741315,-0.03411904268535213,0.10040622298258436,-1.0669377919748269,-1.9292045574907029,9.543843519588394,-0.05421800899648582,-0.016395668118908413,0.10000000000000009
6.8,-0.1809654104932039,0.14881720519717168,0.68,-0.8847847537034486,-2.319316021498205,9.809566802862248,-0.0336736266871209,-0.04709744735149179,0.07708572579940312,-1.0692575099958983,-1.9373092636653853,9.543148644855695,-0.05350465172914154,-0.017718306150006635,0.10000000000000009
6.8100000000000005,-0.1814968849082234,0.1486334127333508,0.681,-0.9658422102673293,-2.094073636785198,9.784214029037303,-0.011972437060721378,-0.02870399762862035,0.10003966169111225,-1.0715097756014753,-1.9453187715267788,9.54248207573895,-0.052789182189762196,-0.019039370338701234,0.10000000000000009
6.82,-0.18202119413699913,0.14843641779039765,0.682,-0.7782466041914984,-2.004912367355772,9.825764717649353,-0.03807519195337721,-0.028033115031857708,0.11264409339236067,-1.0736940994185302,-1.9532324499696903,9.541843860576662,-0.05207162862385928,-0.020358743340435914,0.10000000000000009
6.83,-0.1825383174807006,0.14822623786654207,0.683,-0.9212740975105186,-2.104248282300726,9.643105338163394,-0.04364200300868655,-0.003871395542547361,0.11100545581938537,-1.0758099932324332,-1.9610496731238893,9.541234039764385,-0.05135201935921874,-0.02167630796087172,0.10000000000000009
6.84,-0.1830482345241835,0.14800289163118022,0.684,-0.9243152159951088,-2.1183387895928867,9.695869966699611,-0.029086190465491223,-0.024082397523986408,0.13189289280352195,-1.0778569700839484,-1.9687698204192756,9.540652645771745,-0.050630382804783824,-0.022991947166299542,0.10000000000000009
6.8500000000000005,-0.18355092513679627,0.14776639892321608,0.685,-0.7853734092882582,-2.1724555115033497,9.89462986327127,-0.026129743541988194,-0.03864546145769046,0.09223636023942283,-1.0798345443673407,-1.9763922766515776,9.540099703161804,-0.04990674744952961,-0.024305544094038734,0.10000000000000009
6.86,-0.1840463694731741,0.14751678074929944,0.686,-1.017011316046164,-2.016200569428618,9.571169448353995,-0.025760958862182753,-0.05276720881881475,0.10569839145756649,-1.081742231929554,-1.9839164320485307,9.539575228612705,-0.04918114186133332,-0.025616982062813543,0.10000000000000009
6.87,-0.18453454797402294,0.1472540592819598,0.687,-0.9902351551951756,-2.0596275644018154,9.756190860311651,-0.034187192159098864,-0.04038552703664066,0.09465120898317256,-1.0835795501704508,-1.991341682336571,9.539079230941624,-0.04845359468587662,-0.026926144583119815,0.10000000000000009
6.88,-0.18501544136689163,0.14697825785763705,0.6880000000000001,-0.8712991754466,-2.0453799635882652,9.8582807544974,-0.060116416382937285,-0.0411288455600815,0.08215936598547154,-1.0853460181440817,-1.9986674288080104,9.538611711130976,-0.04772413464546876,-0.02823291536757644,0.10000000000000009
6.890000000000001,-0.18548903066693231,0.14668940097460828,0.6890000000000001,-0.8482150993246225,-2.255313149815325,9.757525071113598,-0.043842363166082976,-0.05500990536882853,0.11870405632538983,-1.0870411566609526,-2.005893078388692,9.538172662356919,-0.04699279053793359,-0.02953717834124764,0.10000000000000009
6.9,-0.1859552971776503,0.1463875142908121,0.6900000000000001,-0.8335570160532368,-2.135940870915572,9.73226310389497,-0.00805415806442926,-0.036987966621400664,0.1125844899834718,-1.088664488391284,-2.013018043706125,9.537762070020046,-0.04625959123549378,-0.030838817651947237,0.10000000000000009
6.91,-0.1864142224916422,0.14607262462156934,0.6910000000000001,-0.8978334012329762,-2.153155099421718,9.774319492658547,-0.025864141168335818,-0.07099843221643082,0.1100062238586869,-1.0902155379692147,-2.0200417431580875,9.537379911778368,-0.04552456568360369,-0.03213771768054985,0.10000000000000009
6.92,-0.18686578849132238,0.1457447599372011,0.6920000000000001,-0.6721224712488879,-2.158909928716023,9.73522294364155,-0.032832033631174276,-0.055089791691284286,0.11217827374176126,-1.091693832097933,-2.0269636009816776,9.53702615758247,-0.04478774289981419,-0.03343376305124657,0.10000000000000009
6.93,-0.18730997734963847,0.1454039493605444,0.6930000000000001,-0.8946387062641153,-2.192565314067858,9.766216336341623,-0.01066239033155941,-0.04440778346669307,0.09551883191898684,-1.0930988996557072,-2.033783047322817,9.536700769712866,-0.044049151972623546,-0.034726838641792324,0.10000000000000009
6.94,-0.18774677153077485,0.14505022316436525,0.6940000000000001,-0.8976454206942776,-2.1799841042493293,9.708230290256653,-0.04367333332009338,-0.058503758616597075,0.09087491619516064,-1.0944302718027847,-2.040499518306186,9.536403702819552,-0.043308822060331154,-0.0360168295937352,0.10000000000000009
6.95,-0.1881761537908451,0.1446836127686697,0.6950000000000001,-0.9454193847434332,-2.0914452578874414,9.851178147600054,-0.029349412354429113,-0.058434988971261315,0.10649904946245589,-1.0956874820891338,-2.0471124561055847,9.536134903963703,-0.042566782389900915,-0.037303621322618,0.10000000000000009
6.96,-0.18859810717857287,0.1443041507379129,0.6960000000000001,-0.8733837387995256,-2.317501334146452,9.876431541151263,-0.023247095335187117,-0.058657020951226074,0.12333093120345688,-1.0968700665629991,-2.0536213090147073,9.535894312661515,-0.04182306225579552,-0.03858709952816314,0.10000000000000009
6.97,-0.189012615035961,0.14391187077810644,0.6970000000000001,-0.8349064085150932,-2.0280716597957484,9.750547836847957,-0.031306538871020334,-0.07025732389403211,0.12997169017679647,-1.0979775638802338,-2.0600255315183094,9.535681860930172,-0.0410776910187996,-0.039867150204415946,0.10000000000000009
6.98,-0.18941966099894886,0.14350680773382457,0.6980000000000001,-0.787809902462892,-2.137922768368052,9.65078600198457,-0.022611467702653903,-0.041258484150162394,0.1177315939455235,-1.0990095154143875,-2.0663245843637585,9.535497473335914,-0.040330698104897034,-0.04114365964987127,0.10000000000000009
6.99,-0.18981922899805895,0.143088997585109,0.6990000000000001,-1.0052666951669558,-2.1877637190582138,9.720459185381099,-0.026250516305961594,-0.07558695678902597,0.10641181389359315,-1.099965465367517,-2.07251793463297,9.53534106704419,-0.0395821130040927,-0.042416514477576495,0.10000000000000009
7.0,-0.1902113032590307,0.14265847744427304,0.7000000000000001,-0.90630666706826,-2.118819608431626,9.746649367944347,-0.04380405337529132,-0.05680724399859803,0.11011221846532479,-1.1008449608816802,-2.078605055814676,9.535212551871878,-0.03883196526923982,-0.043685601625209625,0.10000000000000009
7.01,-0.19059586830344374,0.14221528555260482,0.7010000000000001,-0.850567907620071,-2.3146829037101817,9.80335352232775,-0.019297886982672267,-0.05664608760661736,0.10606920082837758,-1.1016475521510936,-2.0845854278770557,9.535111830341531,-0.038080284514895035,-0.044950808365117056,0.10000000000000009
7.0200000000000005,-0.1909729089493286,0.1417594612769707,0.7020000000000001,-0.8409654548357081,-2.2569469140467975,9.681867703242226,-0.0412731204683494,-0.07832256851437731,0.09042742543600689,-1.102372792534914,-2.090458537340673,9.535038797737666,-0.03732710041611659,-0.04621202231431115,0.10000000000000009
7.03,-0.19134241031176608,0.1412910451063186,0.7030000000000001,-0.8874504236835228,-2.219766330239129,9.700767527125798,-0.018088623064418212,-0.06418561096981927,0.10628253649323646,-1.1030202386706114,-2.0962238773517274,9.534993342165029,-0.03657244270732912,-0.047469131444480284,0.10000000000000009
7.04,-0.1917043578034752,0.1408100786480811,0.7040000000000001,-0.8451086914872125,-2.1074947238729616,9.803877430435126,0.0006726710118044182,-0.07995988541864671,0.08596717149070633,-1.1035894505879018,-2.101880947755597,9.53497534460886,-0.03581634118112603,-0.04872202409192394,0.10000000000000009
7.05,-0.1920587371353886,0.14031660462448012,0.7050000000000001,-0.9542234752856229,-2.2262361873280465,9.837151030983195,-0.02339737023092847,-0.046589376918877975,0.10436495614018813,-1.1040799918232085,-2.107429255170643,9.534984678997079,-0.03505882568709956,-0.049970588967472584,0.10000000000000009
7.0600000000000005,-0.1924055343172172,0.13981066686873164,0.7060000000000001,-0.7678477006362907,-2.1921421727973445,9.71475994949535,-0.036139241675025316,-0.08580341056251245,0.1305298480246912,-1.1044914295346135,-2.112868313062277,9.53502121226444,-0.034299926130666736,-0.051214715166375546,0.10000000000000009
7.07,-0.19274473565800193,0.1392923103211526,0.7070000000000001,-0.8126171877781591,-2.280661455301753,9.657630810117837,-0.01969229311148513,-0.07973316050892662,0.1183272434959524,-1.1048233346172658,-2.1181976418172495,9.53508480441856,-0.03353967247188144,-0.052454292178145956,0.10000000000000009
7.08,-0.19307632776665481,0.13876158102516872,0.7080000000000001,-0.9998511402908685,-2.199219777995199,10.025927321910926,-0.029570918144060196,-0.08972794839064549,0.09217492075899535,-1.105075281819219,-2.1234167688181604,9.535175308607846,-0.032778094724253415,-0.053689209896391754,0.10000000000000009
7.09,-0.193400297552487,0.13821852612322477,0.7090000000000001,-0.9773224075187528,-2.1083810544591906,9.82669765308413,-0.007265301264336636,-0.09301930474608398,0.10497927847081136,-1.1052468498576455,-2.1285252285181504,9.535292571191276,-0.0320152229535714,-0.05491935862857733,0.10000000000000009
7.1000000000000005,-0.19371663222572624,0.13766319385259718,0.7100000000000001,-0.9747201996169282,-2.167895803903147,9.743489735030362,-0.017795446271130368,-0.04996514365067072,0.09351073160935008,-1.1053376215354187,-2.133522562515773,9.535436431810002,-0.03125108727670828,-0.056144629105780997,0.10000000000000009
7.11,-0.19402531929802116,0.13709563354110915,0.7110000000000001,-0.8361466101254905,-2.2592942160844802,9.833969227892085,0.010759961337901438,-0.0669880726559487,0.1050493086048097,-1.1053471838579971,-2.138408319630006,9.535606723460791,-0.030485717860427586,-0.057364912492391396,0.10000000000000009
7.12,-0.1943263465829348,0.13651589560274935,0.7120000000000001,-0.9929885171079545,-2.2019631854749044,9.753447637507218,0.0033631727698816977,-0.07437169560263883,0.12156392084217951,-1.1052751281506035,-2.1431820559753936,9.5358032725712,-0.02971914492020805,-0.05858010039578171,0.10000000000000009
7.13,-0.19461970219642533,0.13592403153319352,0.7130000000000001,-0.9180056898219894,-2.214297615108223,9.833050233219597,-0.015614279709124738,-0.08764463984097007,0.11592208918912712,-1.1051210501756368,-2.147843335037288,9.536025899076552,-0.02895139871903346,-0.05979008487594778,0.10000000000000009
7.140000000000001,-0.19490537455731546,0.1353200939052304,0.7140000000000001,-0.8547375497822942,-2.22427639725299,9.776454453081099,-0.0019003965174888907,-0.06545342549553772,0.14329130053067635,-1.1048845502503004,-2.152391727747169,9.536274416498607,-0.02818250956620888,-0.06099475845505742,0.10000000000000009
7.15,-0.1951833523877495,0.13470413636409237,0.7150000000000001,-0.8945979959348507,-2.1818831309092674,9.77045046761497,-0.017583228915766854,-0.09257490440087501,0.12382264115648553,-1.1045652333644023,-2.1568268125580197,9.53654863202595,-0.027412507816161613,-0.06219401412704134,0.10000000000000009
7.16,-0.1954536247136387,0.13407621362268957,0.7160000000000001,-0.8682944506081496,-2.1884457352439703,9.754186026468766,-0.01029362239604398,-0.06948063976602425,0.10902121117714847,-1.1041627092982833,-2.1611481755197333,9.536848346596047,-0.02664142386724494,-0.0633877453670828,0.10000000000000009
7.17,-0.1957161808650944,0.1334363814567507,0.7170000000000001,-0.9721220820499065,-2.2911629876474495,9.64803777853881,-0.015486800632941401,-0.09573594070273744,0.11615223168288241,-1.1036765927408512,-2.1653554103545205,9.537173354978957,-0.02586928816053491,-0.06457584614106421,0.09999999999999454
7.18,-0.1959710104768494,0.13278469669986828,0.718,-0.8399595907022167,-2.234349044565052,9.918850771670671,0.0021501999689712906,-0.0933165762927758,0.10283140534761422,-1.103106503407669,-2.1694481185322956,9.537523445862645,-0.02509613117862297,-0.06575821091500955,0.10000000000000009
7.19,-0.19621810348866686,0.13212121723845052,0.7190000000000001,-0.9362681698202305,-2.319043110194773,9.689413113235767,0.01307594813335947,-0.07346238060717741,0.08898539782747447,-1.1024520661590673,-2.1734259093460153,9.537898401939886,-0.024321983444418327,-0.06693473466443528,0.10000000000000564
7.2,-0.19645745014573776,0.13144600200657958,0.7200000000000001,-0.9135530952901008,-2.365857294069736,9.656831760557706,0.0044192707917111735,-0.07311280938538435,0.12557103504654904,-1.1017129111182449,-2.177288399986948,9.538297999996756,-0.023546875519953048,-0.06810531288370947,0.10000000000000009
7.21,-0.19668904099906592,0.13075911098077633,0.7210000000000001,-0.8666005967383308,-2.3157372777671217,9.748013772856066,0.006773879832372908,-0.07834465320418355,0.12102685224547129,-1.1008886737893104,-2.181035215619829,9.538722011002605,-0.022770838005166383,-0.06926984159530136,0.09999999999999454
7.22,-0.1969128669058411,0.13006060517467355,0.722,-0.8772740561454863,-2.305168381146956,9.688338987735596,0.007441918238874203,-0.10423173019653267,0.10231474186941082,-1.0999789951752446,-2.184665989457901,9.539170200201575,-0.021993901536683513,-0.07042821735903926,0.10000000000000009
7.23,-0.1971289190297996,0.12935054663359555,0.7230000000000001,-0.8821400806927281,-2.434519647005317,9.761515885551972,0.002713326265264742,-0.09631555369254897,0.10997302179580655,-1.0989835218957122,-2.188180362837779,9.539642327205573,-0.021216096786627614,-0.0715803372812851,0.10000000000000564
7.24,-0.19733718884157364,0.12862899842904785,0.7240000000000001,-0.943346859904398,-2.2360124275818607,9.820334692663202,-0.021829260988897016,-0.08839450276204139,0.12457167916939663,-1.0979019063047395,-2.1915779852941477,9.54013814608867,-0.02043745446139722,-0.07272609902408272,0.10000000000000009
7.25,-0.19753766811902754,0.1278960246531139,0.7250000000000001,-0.9040030286239065,-2.5311132565105834,9.845641816793755,0.021631747021737403,-0.1046234524574629,0.11856313745109316,-1.0967338066081478,-2.194858514634223,9.54065740548293,-0.01965800530045747,-0.07386540081426723,0.09999999999999454
7.26,-0.1977303489475828,0.1271516904127625,0.726,-0.87658586261441,-2.0956981700766915,9.831548446638829,0.023898266840707796,-0.07250751620102097,0.08388982065587129,-1.0954788869807792,-2.1980216170119884,9.541199848675609,-0.018877780075132744,-0.07499814145245226,0.10000000000000009
7.2700000000000005,-0.1979152237205302,0.12639606182406485,0.7270000000000001,-0.985782744660193,-2.1959589362038012,9.743857638033008,-0.005868314078950302,-0.13015572319281649,0.10948552787766816,-1.094136817683422,-2.2010669670021357,9.541765213707702,-0.01809680958737292,-0.07612422032206301,0.10000000000000564
7.28,-0.19809228513933025,0.12562920600632124,0.7280000000000001,-0.9135608827192174,-2.3383838118115765,9.771439611242435,-0.007137291359886651,-0.1069125982097978,0.10326516414167654,-1.0927072751794136,-2.203994247673717,9.542353233473799,-0.017315124668557114,-0.07724353739826523,0.10000000000000009
7.29,-0.19826152621390133,0.12485119107609954,0.7290000000000001,-0.8442931744922424,-2.3199871524427222,9.801301544720516,0.008299181426614025,-0.10416300267062223,0.12240513257526897,-1.0911899422509022,-2.206803150663451,9.542963635823234,-0.016532756178265495,-0.07835599325684839,0.09999999999999454
7.3,-0.19842294026289556,0.12406208614118427,0.73,-0.9774951833381692,-2.298731564319973,9.630705044195887,0.008205534881157717,-0.1403544470691581,0.12115198246619165,-1.08958450811469,-2.2094933762486644,9.543596143662485,-0.01574973500307053,-0.07946148908305126,0.10000000000000009
7.3100000000000005,-0.19857652091396275,0.12326196129443852,0.7310000000000001,-0.7824430573305723,-2.3724836962496334,9.816967163339338,-0.0022555626013843998,-0.11968509769876358,0.12535750552191136,-1.0878906685376668,-2.2120646334198373,9.544250475058778,-0.014966092055306024,-0.08055992668033266,0.10000000000000564
7.32,-0.19872226210400168,0.12245088760757762,0.7320000000000001,-0.7711920986580139,-2.312374192159019,9.654770825700105,-0.0170928166848046,-0.09034086484694637,0.08869698803271016,-1.0861081259517498,-2.2145166399527088,9.544926343344883,-0.01418185827185281,-0.08165120847912488,0.10000000000000009
7.33,-0.1988601580793998,0.12162893712485602,0.7330000000000001,-0.9700137970745115,-2.3398318565995493,9.9350887067078,0.0069454959822259155,-0.10023087298480704,0.09368904475053862,-1.0842365895683241,-2.216849122479938,9.545623457225082,-0.013397064612918896,-0.08273523754546361,0.09999999999999454
7.34,-0.19899020339626006,0.12079618285666835,0.734,-0.7591116083353566,-2.339359642802076,9.739261399304262,0.011194870950976255,-0.07830473539709235,0.12213701734090207,-1.0822757754921355,-2.2190618165622493,9.546341520882216,-0.012611742060809894,-0.08381191758962472,0.10000000000000009
7.3500000000000005,-0.199112392920616,0.11995269877306353,0.7350000000000001,-0.8766849311409144,-2.317909474513432,9.75792691845245,0.014480156275983435,-0.07983395680155475,0.09655433319010771,-1.0802254068345918,-2.221154466759069,9.547080234085849,-0.011825921618723034,-0.08488115297465224,0.10000000000000564
7.36,-0.19922672182863452,0.1190985597971753,0.7360000000000001,-0.8298901043337588,-2.439481651994301,9.710649015170635,0.009764743410341538,-0.09760739895261622,0.08271477988648152,-1.078085213826448,-2.223126826698591,9.547839292301465,-0.011039634309499557,-0.08594284872487784,0.10000000000000009
7.37,-0.199333185606806,0.11823384179856597,0.7370000000000001,-0.9002685580136008,-2.3322033495816292,9.722154984727604,0.0013882237508884504,-0.10031515173920477,0.1135536973737401,-1.0758549339298213,-2.2249786591472542,9.548618386800694,-0.01025291117441457,-0.08699691053435307,0.09999999999999454
7.38,-0.1994317800521228,0.11735862158648824,0.738,-0.7848423078326596,-2.3237583064846095,9.954842171043282,0.020955780556588914,-0.10502501059984776,0.09746131344432644,-1.0735343119495213,-2.226709736078593,9.5494172047725,-0.009465783271953021,-0.08804324477520928,0.10000000000000009
7.390000000000001,-0.19952250127224505,0.11647297690306178,0.7390000000000001,-0.8238532933116383,-2.3260365373792053,9.84871545956378,0.007812872312317025,-0.1467042628405015,0.13260243495909432,-1.0711231001436265,-2.22831983874143,9.550235429435336,-0.008678281676575972,-0.0890817585059947,0.10000000000000564
7.4,-0.19960534568565433,0.11557698641636835,0.7400000000000001,-0.919329373689045,-2.355747428314148,9.65113119154844,0.000695971170150733,-0.12871838817498624,0.11023167869941582,-1.0686210583333104,-2.2298087577273726,9.55107274015019,-0.007890437477497958,-0.09011235947990123,0.10000000000000009
7.41,-0.199680310021795,0.11467072971346376,0.7410000000000001,-0.9450013930102128,-2.249469254150244,9.897581795631696,0.005498890305035341,-0.10736237349686056,0.10831251649193309,-1.0660279540118454,-2.2311762930375885,9.551928812534525,-0.007102281777458808,-0.09113495615300365,0.09999999999999454
7.42,-0.1997473913212035,0.11375428729330828,0.742,-0.9645054332661313,-2.370636465295281,9.87171211167935,-0.017273167499451438,-0.10066896920199923,0.10026548518668145,-1.0633435624527627,-2.2324222541488137,9.552803318577045,-0.006313845691496844,-0.0921494576923497,0.09999999999999454
7.43,-0.19980658693562495,0.11282774055961677,0.743,-0.8288624870093139,-2.3259670241144246,9.755438966460368,0.0071498182302943015,-0.10640247469709731,0.1295782866803194,-1.0605676668171407,-2.233546460078576,9.553695926753278,-0.005525160345717928,-0.09315577398404662,0.10000000000000564
7.44,-0.19985789452811786,0.11189117181362734,0.7440000000000001,-0.7972026114420893,-2.2404789759789394,9.802170922265162,0.02101362666078059,-0.1252005874569,0.11115556803366528,-1.0577000582599625,-2.2345487394495787,9.554606302141902,-0.004736256876068656,-0.09415381564126593,0.10000000000000564
7.45,-0.19990131207314632,0.11094466424679145,0.7450000000000001,-0.787232783738621,-2.3514787879304224,9.77641350552963,0.016623882951435107,-0.09866102651785957,0.09968295020773456,-1.0547405360355373,-2.2354289305532298,9.555534106541838,-0.003947166427106796,-0.09514349401216413,0.09999999999999454
7.46,-0.19993683785666,0.10998830193338406,0.746,-0.8461039334888835,-2.3280432677334817,9.936466210740356,0.0354198871110356,-0.09156947987571937,0.0937281270455523,-1.0516889076019273,-2.2361868814122747,9.556478998590011,-0.0031579201507744847,-0.09612472118779997,0.09999999999999454
7.47,-0.1999644704761618,0.10902216982303545,0.747,-0.9254968305153919,-2.3515702278817807,9.714353996943283,0.009415362731624872,-0.10086578395132607,0.10438804059918123,-1.0485449887243494,-2.2368224498424936,9.55744063387977,-0.0023685492051617185,-0.09709741000990119,0.10000000000000564
7.48,-0.19998420884076323,0.10804635373318604,0.7480000000000001,-0.8826495001823542,-2.245278571224919,9.789817307996561,0.021359016874121152,-0.10114792097109562,0.09072997205012741,-1.0453086035775268,-2.2373355035134344,9.558418665079945,-0.001579084753280946,-0.09806147407861454,0.10000000000000564
7.49,-0.19999605217122743,0.10706094034146316,0.7490000000000001,-0.7338969201186628,-2.365465656522405,9.74580055982154,0.026781770759394592,-0.12538627047196896,0.1208098847751353,-1.041979584846953,-2.2377259200081516,9.559412742054482,-0.0007895579618388826,-0.0990168277601941,0.09999999999999454
7.5,-0.2,0.10606601717798216,0.75,-0.8615608345060712,-2.240935837355953,9.664967548169615,0.05091250447840811,-0.10188206234901843,0.07822513774971716,-1.0385577738290235,-2.237993586881907,9.560422511982612,0.0,-0.0999633861946056,0.09999999999999454
7.51,-0.19999605217122743,0.10506167261757104,0.751,-0.807814474532386,-2.3532884433930805,9.956330580323002,0.01876726568130977,-0.11696653048814443,0.10301906758420065,-1.0350430205300167,-2.2381384017198,9.561447619479546,0.0007895579618388826,-0.10090106530307244,0.10000000000000564
7.5200000000000005,-0.19998420884076323,0.1040479958719207,0.7520000000000001,-0.900845199516667,-2.4142008219643434,9.684910066971867,0.0017571141559066528,-0.11235909221458866,0.11447020319900097,-1.031435183763886,-2.2381602721933054,9.562487706717633,0.001579084753280946,-0.10182978179548857,0.10000000000000564
7.53,-0.1999644704761618,0.10302507698166127,0.7530000000000001,-0.7839665165321003,-2.2905562958131966,9.798504729884364,0.03094412707866368,-0.11538864491072603,0.11043044405995711,-1.0277341312488295,-2.2380591161156635,9.563542413547951,0.0023685492051617185,-0.10274945317789233,0.09999999999999454
7.54,-0.19993683785666,0.10199300680836286,0.754,-0.842477751365099,-2.3701263752196757,9.643387526554715,0.04703019978563258,-0.12343624803239617,0.09432700888126466,-1.0239397397026013,-2.237834861496111,9.564611377622303,0.0031579201507744847,-0.10365999775976062,0.09999999999999454
7.55,-0.19990131207314632,0.10095187702646606,0.755,-0.7170456170501769,-2.2975440492720876,9.752120440644864,0.015036666694795885,-0.13520175680611068,0.11501833749902997,-1.0200518949365445,-2.2374874465929024,9.565694234515552,0.003947166427106796,-0.1045613346612545,0.10000000000000564
7.5600000000000005,-0.19985789452811786,0.09990178011513777,0.7560000000000001,-0.7354207944984599,-2.565147368039213,9.819247649315283,0.03344526817257659,-0.12448874000671192,0.09182066132322675,-1.016070491948304,-2.237016819965094,9.566790617848309,0.004736256876068656,-0.10545338382042663,0.10000000000000564
7.57,-0.19980658693562495,0.09884280935005753,0.7570000000000001,-0.8333740583500013,-2.3464604249308443,9.72065511921945,0.04005222186180228,-0.10955970707896356,0.10465866451876708,-1.0119954350131948,-2.2364229405230582,9.567900159409852,0.005525160345717928,-0.10633606600029544,0.09999999999999454
7.58,-0.1997473913212035,0.09777505879513186,0.758,-0.8007691535116872,-2.3840139319665625,9.835379688792937,0.03755628203076131,-0.13177429860874104,0.11485927325649298,-1.0078266377741967,-2.235705777577697,9.569022489281343,0.006313845691496844,-0.10720930279594018,0.09999999999999454
7.59,-0.199680310021795,0.09669862329413872,0.759,-0.8316115101186172,-2.430799423798171,9.768509591353752,0.025004516438545288,-0.11253325614572054,0.11200892642792326,-1.0035640233305307,-2.2348653108883116,9.570157235959202,0.007102281777458808,-0.10807301664142108,0.10000000000000564
7.6000000000000005,-0.19960534568565433,0.09561359846230344,0.7600000000000001,-0.8984461743620502,-2.389711793495985,9.885180379619221,0.013552381095237532,-0.11573064035656369,0.09494543596897723,-0.9992075243248227,-2.2339015307091077,9.571304026478689,0.007890437477497958,-0.10892713081667033,0.10000000000000564
7.61,-0.19952250127224505,0.09452008067780532,0.7610000000000001,-0.8500176372373266,-2.3907260762797087,9.902935172646675,0.02357157918398271,-0.1320467549610192,0.1229913190070623,-0.9947570830287829,-2.2328144378342936,9.572462486537562,0.008678281676575972,-0.10977156945432692,0.09999999999999454
7.62,-0.1994317800521228,0.0934181670732169,0.762,-0.7602370345452277,-2.3477098330178414,9.747626962608686,0.03255492394544781,-0.10767859545764843,0.10621942820540704,-0.9902126514274096,-2.231604043641748,9.573632240619885,0.009465783271953021,-0.11060625754647571,0.09999999999999454
7.63,-0.199333185606806,0.0923079555268758,0.763,-0.7440128309170846,-2.4501845131622617,9.802864701769249,0.04015512557663488,-0.13467751490609262,0.1160185516556071,-0.9855741913016659,-2.230270370135216,9.574812912119826,0.010252911174415957,-0.11143112095130733,0.10000000000000564
7.640000000000001,-0.1992267218286345,0.09118954465419075,0.7640000000000001,-0.7533319233534247,-2.3148478394101217,9.811763178074715,0.03241669234357567,-0.10757680348880269,0.1277901154661885,-0.9808416743096156,-2.228813449985008,9.576004123465507,0.011039634309499557,-0.11224608639965883,0.10000000000000564
7.65,-0.199112392920616,0.09006303379888263,0.7650000000000001,-0.7840052936086416,-2.22885403737571,9.849237754961953,0.02263510722971064,-0.12435918257223216,0.12177364841872482,-0.9760150820659962,-2.2272333265671715,9.5772054962428,0.011825921618721646,-0.11305108150159449,0.09999999999999454
7.66,-0.19899020339626006,0.08892852302415886,0.766,-0.6796501948959198,-2.3154767481720286,9.803103473720714,0.03742202943446068,-0.13178095903285933,0.1217178859992945,-0.9710944062201803,-2.225530054001093,9.578416651319076,0.012611742060809894,-0.1138460347528028,0.09999999999999454
7.67,-0.1988601580793998,0.08778611310382657,0.767,-0.7451954739283931,-2.271789553645909,9.818640548622593,0.04268724287299325,-0.1458798773345162,0.10797343067226634,-0.9660796485325354,-2.223703697185516,9.579637208966815,0.013397064612918896,-0.11463087554093518,0.10000000000000009
7.68,-0.19872226210400168,0.08663590551334016,0.768,-0.6869140249723942,-2.2438843621065385,9.785787456970999,0.03617851337709585,-0.13467407195041745,0.11690122610399462,-0.9609708209491211,-2.2217543318329334,9.580866788987123,0.014181858271854197,-0.11540553415190086,0.10000000000000564
7.69,-0.19857652091396272,0.08547800242078855,0.7690000000000001,-0.8800566631406048,-2.229923404521822,9.81660504158412,0.01879530612108722,-0.13720853219100418,0.10806566621975286,-0.9557679456747341,-2.219682044502328,9.582105010832999,0.014966092055304636,-0.11616994177602522,0.10000000000000009
7.7,-0.1984229402628956,0.08431250667781966,0.77,-1.0469704498889474,-2.175241146842841,9.9126976213678,0.029444831522587353,-0.15392404700802848,0.08663811001207483,-0.9504710552442537,-2.21748693263023,9.583351493732438,0.015749735003069143,-0.1169240305142212,0.09999999999999454
7.71,-0.19826152621390133,0.08313952181050413,0.771,-0.7045867817913635,-2.3618046498083958,9.862225014871342,0.04695556595326734,-0.13919993125098873,0.10933698683330426,-0.9450801925922749,-2.21516910456006,9.584605856811228,0.016532756178266883,-0.11766773338396028,0.10000000000000009
7.72,-0.19809228513933025,0.08195915201014045,0.772,-0.8349473543444008,-2.377524036955442,9.867342367380154,0.012578902062391779,-0.14887411312544047,0.10864100781019788,-0.9395954111210163,-2.2127286795697443,9.585867719215464,0.017315124668555726,-0.11840098432525856,0.10000000000000564
7.73,-0.19791522372053022,0.08077150212399896,0.7730000000000001,-0.7334837561421338,-2.254365673373759,9.8711354596773,0.00265382308689939,-0.12855071910696464,0.11373492313154507,-0.9340167747664523,-2.2101657878975494,9.58713670023372,0.01809680958737292,-0.11912371820651663,0.10000000000000009
7.74,-0.1977303489475828,0.07957667764601012,0.774,-0.7345251936371568,-2.256021918102376,9.802255254682265,0.0573669144164118,-0.11840282736769926,0.10313395633619925,-0.9283443580627032,-2.2074805707661276,9.588412419418844,0.018877780075132744,-0.11983587083033292,0.09999999999999454
7.75,-0.19753766811902757,0.0783747847073923,0.775,-0.5769305286482381,-2.2489135022204665,9.840961097987112,0.043137377829101965,-0.15725183191057254,0.09363084776801717,-0.9225782462045884,-2.204673180404742,9.58969449670932,0.01965800530045747,-0.12053737893920474,0.10000000000000009
7.76,-0.19733718884157364,0.07716593006722602,0.776,-0.6653676037522472,-2.156046427403854,9.729635129127093,0.04532926363503371,-0.11389785857225268,0.11494450405392533,-0.9167185351084088,-2.2017437800696373,9.590982552550187,0.02043745446139722,-0.12122818022112028,0.10000000000000564
7.7700000000000005,-0.19712891902979962,0.0759502211029699,0.7770000000000001,-0.6782170014581552,-2.3047460687795795,9.918890262161765,0.020779628357356108,-0.14230597286229263,0.08540873679454264,-0.9107653314708641,-2.1986925440625416,9.59227620801345,0.021216096786627614,-0.12190821331512156,0.10000000000000009
7.78,-0.1969128669058411,0.07472776580092359,0.778,-0.6175894694231118,-2.2678150453803827,9.596548357694859,0.048811205673072795,-0.1557898971165793,0.12708291720226694,-0.9047187528261404,-2.1955196577472664,9.593575084917978,0.021993901536683513,-0.12257741781671744,0.09999999999999454
7.79,-0.19668904099906595,0.07349867274663555,0.779,-0.6488793559344906,-2.3770372269292386,9.812856720786822,0.04247690338930546,-0.13051438245184768,0.1017035583927308,-0.8985789276011296,-2.1922253175643776,9.594878805948792,0.022770838005166383,-0.12323573428331472,0.10000000000000009
7.8,-0.19645745014573776,0.0722630511152573,0.78,-0.7080415614681091,-2.123943917427644,9.912900478020655,0.015295674551578285,-0.14928139733227413,0.10904485933988457,-0.8923459951687528,-2.1888097310439276,9.596186994775774,0.023546875519955823,-0.12388310423943755,0.10000000000000564
7.8100000000000005,-0.19621810348866683,0.0710210106618468,0.7810000000000001,-0.5799094731819981,-2.3203099297345955,9.71492879926598,0.061114858948970716,-0.14420287406916074,0.1137840217362332,-0.8860201058994137,-2.185273116816202,9.597499276171716,0.024321983444418327,-0.12451947018192466,0.10000000000000009
7.82,-0.1959710104768494,0.0697726617116188,0.782,-0.7484677106005337,-2.3152489738590614,9.858030106235544,0.042914210837076854,-0.14961867895969938,0.11451896288459212,-0.8796014212105141,-2.181615704620487,9.598815276129669,0.025096131178620196,-0.12514477558509332,0.09999999999999454
7.83,-0.19571618086509443,0.06851811515014493,0.783,-0.6277086304102519,-2.3134937851941224,9.773522748899362,0.035266499173128456,-0.15653180538698638,0.08444839109300159,-0.8730901136140601,-2.177837735311802,9.600134621979581,0.02586928816053491,-0.12575896490569435,0.10000000000000009
7.84,-0.1954536247136387,0.06725748241350492,0.784,-0.7700866727689073,-2.334813143870018,9.801014067920546,0.03631326249594849,-0.13419637671765788,0.11794668822437898,-0.8664863667623262,-2.1739394608656095,9.601456942504166,0.026641423867247715,-0.12636198358788667,0.10000000000000564
7.8500000000000005,-0.19518335238774948,0.0659908754783872,0.7850000000000001,-0.6230083388347291,-2.337927399740375,9.907661920003948,0.012695218766497759,-0.14992750698820365,0.11010342839595605,-0.8597903754915662,-2.1699211443804556,9.602781868053961,0.027412507816163,-0.12695377806805352,0.10000000000000009
7.86,-0.19490537455731544,0.06471840685214385,0.786,-0.6188728816992772,-2.3169220413503244,9.848128988323033,0.05253178204762998,-0.16767342936855775,0.09594461692460346,-0.8530023458637708,-2.1657830600785353,9.604109030661572,0.028182509566207492,-0.12753429577958691,0.09999999999999454
7.87,-0.19461970219642533,0.06344018956279546,0.787,-0.4946684757164478,-2.3815541653750762,9.671977686689893,0.04851311990672992,-0.13823360402583054,0.09425420850866563,-0.8461224952064365,-2.161525493304156,9.605438064155003,0.028951398719032073,-0.12810348515755882,0.10000000000000009
7.88,-0.1943263465829348,0.06215633714899267,0.788,-0.7476406044825918,-2.329205444258075,9.757406851594167,0.04244065450541731,-0.1650379856593153,0.10059789639222992,-0.8391510521503724,-2.1571487405200873,9.606768604270108,0.02971914492020944,-0.12866129564327242,0.10000000000000564
7.890000000000001,-0.19402531929802114,0.06086696364993001,0.7890000000000001,-0.6651582295482656,-2.1070838549428426,9.916115249675768,0.06521510836930242,-0.16485219054290984,0.08599533258045135,-0.8320882566654906,-2.152653109301775,9.608100288762074,0.030485717860428974,-0.12920767768878072,0.10000000000000009
7.9,-0.19371663222572622,0.05957218359521706,0.79,-0.5442746629610943,-2.2000825886914597,9.875496295319804,0.026086220882699584,-0.13013243716224732,0.13117547618062242,-0.8249343600946191,-2.1480389183294015,9.609432757515917,0.0312510872767055,-0.1297425827612525,0.09999999999999454
7.91,-0.19340029755248703,0.05827211199470496,0.791,-0.5755173589297462,-2.179012846277025,9.982213118036253,0.03861113480850593,-0.16662473470291,0.1275438552119484,-0.8176896251852916,-2.143306497377777,9.610765652655969,0.03201522295357001,-0.13026596334734414,0.10000000000000009
7.92,-0.19307632776665481,0.056966864328270174,0.792,-0.5809428049145473,-2.155384215034245,9.97789358059257,0.035630571609320406,-0.18401146688536002,0.11199700575383963,-0.8103543261195193,-2.138456187304051,9.61209861865429,0.032778094724253415,-0.13077777295736717,0.10000000000000564
7.930000000000001,-0.19274473565800196,0.055656556535557615,0.7930000000000001,-0.6641722071736803,-2.0988260645339896,9.816277695528568,0.044797617308986196,-0.14040336590809968,0.10186609916207916,-0.8029287485415518,-2.1334883400332227,9.61343130243799,0.03353967247188144,-0.1312779661294141,0.10000000000000009
7.94,-0.1924055343172172,0.05434130500568189,0.794,-0.6270874719448081,-2.382234264658278,10.045281178398723,0.05067895011819981,-0.15481167335854554,0.10227848507619439,-0.7954131895835983,-2.1284033185414417,9.61476335349543,0.034299926130666736,-0.1317664984334523,0.09999999999999454
7.95,-0.19205873713538862,0.05302122656688857,0.795,-0.47337198708025063,-2.3339396887755375,9.847387364922863,0.05679451533805229,-0.15414300302956063,0.11678664793113906,-0.7878079578895156,-2.1232014968370803,9.616094423981245,0.03505882568709817,-0.13224332647521242,0.10000000000000009
7.96,-0.19170435780347522,0.05169643847617764,0.796,-0.5685112205742577,-2.29349344619196,9.767899065558671,0.04583389890786204,-0.15607043954791963,0.13188414980456084,-0.7801133736364727,-2.1178832599395747,9.617424168820166,0.03581634118112603,-0.1327084079000715,0.10000000000000009
7.97,-0.1913424103117661,0.05036705840888714,0.797,-0.5275076151606563,-2.262836210211078,9.794899412093605,0.03898717172207693,-0.14845562670411708,0.09700577793945309,-0.7723297685545509,-2.1124490038560095,9.618752245809631,0.03657244270733051,-0.13316170139681394,0.10000000000000009
7.98,-0.1909729089493286,0.049033204448241365,0.798,-0.5589626125138895,-2.2452031546578786,9.665456803041632,0.07812151447621365,-0.16371680875286465,0.08872591719195369,-0.7644574859443176,-2.1068991355554596,9.620078315721091,0.03732710041611659,-0.13360316670127692,0.10000000000000009
7.99,-0.19059586830344377,0.0476949950748616,0.799,-0.6374377395518649,-2.251043477691727,9.975949403140723,0.08964663170848253,-0.13071802404069405,0.12855686916652778,-0.7564968806923487,-2.101234072941044,9.62140204240005,0.03808028451489365,-0.13403276459996033,0.10000000000000009
8.0,-0.19021130325903074,0.04635254915624216,0.8,-0.460759240391568,-2.191783911423218,9.975743211984382,0.05646769042088174,-0.1754153964037598,0.0785774222461221,-0.7484483192846955,-2.0954542448197215,9.622723092864728,0.03883196526923982,-0.134450456933502,0.10000000000000009
8.01,-0.18981922899805898,0.04500598593619156,0.801,-0.48734099935891034,-2.1989373871739404,9.769580163346275,0.04367021371099661,-0.14704128550894618,0.09028529532661592,-0.7403121798183117,-2.0895600908697953,9.624041137403406,0.0395821130040927,-0.13485620660006503,0.10000000000000009
8.02,-0.18941966099894889,0.04365542502424086,0.802,-0.3362248965611778,-2.252750040366266,9.834716124202192,0.07778591121950916,-0.14451216420292934,0.10162442771134941,-0.7320888520104271,-2.083552061606123,9.625355849670319,0.04033069810489842,-0.13524997755859877,0.09999999999999454
8.03,-0.189012615035961,0.042300986385019584,0.8029999999999999,-0.5947605024067975,-2.3620269380041794,9.86344445983,0.03461067869178985,-0.16613149677115296,0.08205472674089585,-0.7237787372058753,-2.0774306183430458,9.626666906780155,0.0410776910187996,-0.13563173483211038,0.10000000000000564
8.040000000000001,-0.1885981071785729,0.04094279032759865,0.8040000000000002,-0.44043421432145,-2.2620956499084355,9.781292356217369,0.05196715277782634,-0.17034610911087786,0.12225034393221526,-0.7153822483823655,-2.0711962331549976,9.627973989401056,0.041823062255796906,-0.13600144451068502,0.10000000000001119
8.05,-0.18817615379084507,0.039580957494805884,0.8050000000000002,-0.6024096317609886,-2.2197069251477384,9.719355819548548,0.04716211704165936,-0.14019894958660487,0.11867773734361171,-0.7068998101537312,-2.06484938883483,9.62927678184616,0.04256678238990369,-0.13635907375456438,0.09999999999999454
8.06,-0.18774677153077482,0.03821560885250736,0.806,-0.47593974176062076,-2.1904018499706432,9.845280881772116,0.04112797181971396,-0.17066814300327335,0.09722799718844718,-0.6983318587710978,-2.058390578849812,9.630574972163567,0.04330882206032838,-0.136704590797097,0.09999999999999454
8.07,-0.1873099773496385,0.036846865678863944,0.807,-0.40058433340793725,-2.2546680109604584,9.837672938828945,0.05499788685464243,-0.16519532968319325,0.12497238919427646,-0.689678842122049,-2.051820307295334,9.631868252224795,0.04404915197262077,-0.13703796494742917,0.10000000000000009
8.08,-0.1868657884913224,0.03547484955355878,0.808,-0.6372691549289563,-2.196363658330272,9.834146516935116,0.046771024711623074,-0.14323909335960772,0.12751967310745269,-0.6809412197277402,-2.045139088846294,9.633156317811615,0.04478774289981419,-0.13735916659334718,0.10000000000000009
8.09,-0.18641422249164222,0.034099682346997,0.809,-0.4791333776077972,-2.2396621385894258,9.883985174880989,0.06054713892170161,-0.1563433376504265,0.10397526085310106,-0.6721194627379721,-2.038347448706185,9.634438868701288,0.04552456568360369,-0.13766816720386377,0.10000000000000009
8.1,-0.18595529717765033,0.0327214862094815,0.81,-0.49832554365227294,-2.1533668338208076,9.981782650452967,0.06142176963419864,-0.1840330667652017,0.09893754596869035,-0.6632140539242605,-2.0314459225538553,9.635715608750138,0.04625959123549378,-0.13796493933175835,0.09999999999999454
8.11,-0.18548903066693234,0.03134038356036183,0.8109999999999999,-0.5006111367969764,-2.221912417978035,9.844074770492051,0.05242636912659324,-0.13106664546942443,0.1396396599076935,-0.654225487670861,-2.024435056487981,9.636986245975475,0.04699279053793637,-0.13824945661602747,0.10000000000000564
8.120000000000001,-0.1850154413668916,0.029956497077160953,0.8120000000000002,-0.40469779564122965,-2.1960317875284647,9.88278511038817,0.057064645067172425,-0.16554091711379876,0.11652009332497144,-0.6451542699638007,-2.0173154069692245,9.638250492635784,0.04772413464546876,-0.1385216937841681,0.10000000000001119
8.13,-0.18453454797402297,0.02856994968467847,0.8130000000000002,-0.33831317682299783,-2.2238366953846307,9.929938339142181,0.059758960011294916,-0.16393494602278513,0.10964401277765551,-0.6360009183778894,-2.0100875407601015,9.639508065309217,0.04845359468587801,-0.13878162665452043,0.09999999999999454
8.14,-0.18404636947317404,0.027180864544070545,0.8140000000000001,-0.4306876369340862,-2.123396806848273,9.916867776254138,0.07622693135932768,-0.15420839785631477,0.12607291299606194,-0.6267659620617321,-2.002752034862538,9.6407586849703,0.049181141861337485,-0.13902923213835044,0.09999999999999454
8.15,-0.18355092513679622,0.025789365041911462,0.8150000000000001,-0.3940069179546485,-2.1726957902604886,9.82439144447155,0.06268671953602752,-0.14908811765202665,0.11023849505393088,-0.6174499417207595,-1.9953094764531576,9.642002077064877,0.049906747449525446,-0.13926448824190077,0.10000000000000009
8.16,-0.18304823452418353,0.02439557477923253,0.8160000000000001,-0.3926883654577993,-2.023978754745698,9.881575198879379,0.07797054356637886,-0.1292003377327862,0.09799198190530826,-0.6080534095982622,-1.9877604628162773,9.643237971583236,0.05063038280477966,-0.1394873740683646,0.10000000000000009
8.17,-0.18253831748070062,0.02299961756054417,0.8170000000000001,-0.3930441272584604,-2.0564657914927036,9.918180586202842,0.07522596552561693,-0.18387491756922342,0.10671184161032407,-0.5985769294544661,-1.9801056012746305,9.644466103131409,0.05135201935921874,-0.13969786981973387,0.10000000000000009
8.18,-0.18202119413699916,0.021601617382837852,0.8180000000000001,-0.4700979138073901,-2.0852746239706867,9.784749348216277,0.07563153102767187,-0.14695812765835536,0.1210987122695601,-0.5890210765436268,-1.9723455091178264,9.6456862110006,0.05207162862385928,-0.1398959567985582,0.09999999999999454
8.19,-0.18149688490822344,0.020201698424573006,0.819,-0.2844008911976157,-2.1351209336039276,9.977784406585927,0.08877442260703279,-0.14812123547030392,0.07564583004323448,-0.5793864375891877,-1.964480813528559,9.646898039234749,0.05278918218975803,-0.14008161740960076,0.09999999999999454
8.2,-0.180965410493204,0.018799985034645837,0.82,-0.3396720477826173,-2.0321691249507663,9.992913944553449,0.05199300752254896,-0.16147386283221865,0.10125804076637784,-0.5696736107569809,-1.9565121515065642,9.64810133669618,0.0535046517291457,-0.14025483516144546,0.10000000000001119
8.21,-0.18042679187364052,0.017396601721344097,0.8210000000000002,-0.32314441532696747,-1.998413540447576,9.822646222971173,0.06236526652636246,-0.14774853556071932,0.12637811070714533,-0.5598832056265031,-1.9484401697903502,9.649295857129328,0.054218008996489986,-0.14041559466784342,0.10000000000000564
8.22,-0.1798810503132742,0.015991673141288968,0.8220000000000001,-0.4101516284871772,-2.0340419557702614,9.89783107596058,0.09656586598575057,-0.14569956712977328,0.09794838070010765,-0.5500158431602814,-1.9402655247767229,9.65048135922251,0.05492922582966547,-0.140563881649213,0.09999999999999454
8.23,-0.17932820735704721,0.014585324088359837,0.8230000000000001,-0.37263411633487203,-1.907811259922623,9.937259854966246,0.06704832512555779,-0.18068552367094984,0.12881288090212634,-0.5400721556713042,-1.931988882438074,9.65165760666773,0.0556382741510722,-0.14069968293387347,0.10000000000000009
8.24,-0.17876828483025275,0.013177679482611499,0.8240000000000001,-0.340753837462517,-1.9923395033165832,9.84369904207264,0.029579269650322766,-0.1337164818179494,0.12697732769094125,-0.5300527867885911,-1.9236109182375114,9.652824368218498,0.05634512596868063,-0.14082298645914917,0.10000000000000009
8.25,-0.1782013048376736,0.011768864359176854,0.8250000000000001,-0.43857711924869797,-1.947774176535265,9.928487592424442,0.06946867044421849,-0.18342310826024433,0.1048734572848801,-0.5199583914208524,-1.9151323170418062,9.653981417745634,0.057049753377189094,-0.14093378127252812,0.10000000000000009
8.26,-0.17762728976270897,0.010359003857160936,0.8260000000000001,-0.44205973988577507,-2.0009060580651665,9.903560190597405,0.07539568927877656,-0.17736485523306872,0.09719676031316882,-0.5097896357183002,-1.9065537730321749,9.65512853429103,0.057752128559127036,-0.1410320575325547,0.09999999999999454
8.27,-0.17704626226649106,0.008948223208525759,0.827,-0.3431150117291398,-1.9468678362750762,9.773436597523514,0.0349459392017854,-0.16437536403164038,0.10134729469533349,-0.4995471970326009,-1.8978759896129325,9.656265502119398,0.05845222378591253,-0.1411178065097697,0.09999999999999454
8.28,-0.17645824528699072,0.007536647726965542,0.828,-0.24348763994094658,-2.0550275929672837,9.92834243501162,0.09478404209595093,-0.13170315697732424,0.14548665825927382,-0.4892317638749758,-1.889099679318027,9.657392110767905,0.059150011418990234,-0.14119102058746644,0.10000000000001119
8.290000000000001,-0.17586326203811126,0.006124402796776431,0.8290000000000002,-0.3271979756661876,-2.0190574593876645,9.802794507601323,0.0649738824588321,-0.1652640304014831,0.1336280125290691,-0.4788440358724981,-1.8802255637154612,9.658508155093774,0.0598454639109014,-0.1412516932623206,0.10000000000000564
8.3,-0.1752613360087727,0.00471161386171913,0.8300000000000001,-0.34600592587521206,-1.9461550434203094,9.96655428643954,0.08135991370760498,-0.16107108067173173,0.10748709921781589,-0.4683847237225665,-1.8712543733096556,9.659613435319743,0.06053855380636075,-0.1412998191450345,0.09999999999999454
8.31,-0.17465249096198404,0.0032984064138757404,0.8310000000000001,-0.3177025557465182,-1.9389251502006677,9.839628699240318,0.07383980593103778,-0.13920955263325452,0.09645414468591855,-0.45785454914558493,-1.862186847441735,9.660707757077448,0.061229253743376455,-0.14133539396080882,0.10000000000000009
8.32,-0.17403675093390517,0.001884905982502953,0.8320000000000001,-0.27863375595974627,-1.9168008098043496,9.882296296825388,0.0586694436996079,-0.1652712633253497,0.10733155283074092,-0.4472542448358698,-1.8530237341877902,9.661790931448646,0.061917536454302036,-0.14135841454968945,0.10000000000000009
8.33,-0.173414140232898,0.0004712381228819511,0.8330000000000001,-0.2595053374140848,-1.8595497673276289,10.007021472810203,0.06266280765718125,-0.17837498768974175,0.10905557310003641,-0.436584554410794,-1.8437657902551277,9.662862775004312,0.06260337476690359,-0.14136887886683455,0.10000000000000009
8.34,-0.1727846834385671,-0.000942471594833738,0.8340000000000001,-0.04754789054253006,-2.052839119811076,9.936924875767483,0.06544902853384493,-0.16697823904605666,0.08681853390772552,-0.42584623235818875,-1.8344137808765355,9.663923109841567,0.06328674160546027,-0.14136678598274965,0.09999999999999454
8.35,-0.1721484054007888,-0.0023560975967730417,0.835,-0.12643917859386677,-2.0044032342754012,9.813149763836844,0.09651891127361391,-0.1399823976048705,0.10680487937485686,-0.41504004398200744,-1.8249684797025791,9.664971763618464,0.06396760999182599,-0.14135213608333683,0.09999999999999454
8.36,-0.17150533123873057,-0.0037695143165004746,0.836,-0.11930469562080916,-1.899865866126775,9.819833023768696,0.07883376003528172,-0.15930972751076822,0.12546946310730214,-0.4041667653462946,-1.815430668691973,9.66600856958656,0.06464595304648962,-0.14132493046989153,0.10000000000001119
8.370000000000001,-0.170855486339859,-0.005182596206170872,0.8370000000000002,-0.0963133485352458,-1.9660023534297366,9.853851967583926,0.07389785956033218,-0.13128578796150886,0.07871625611201685,-0.39322718321744143,-1.805801138000035,9.667033366621316,0.06532174398961033,-0.14128517155896686,0.10000000000000564
8.38,-0.17019889635893837,-0.006595217747679812,0.8380000000000001,-0.25882581327119014,-1.627783471923398,9.934466242977633,0.06834901414859158,-0.14908384693573204,0.11810185616063311,-0.38222209500478843,-1.7960806858652814,9.668045999250298,0.06599495614212081,-0.14123286288215933,0.09999999999999454
8.39,-0.1695355872170166,-0.008007253463814059,0.8390000000000001,-0.26785882699095587,-1.8471665939523663,9.931707613498316,0.10089561465413831,-0.16963110500513104,0.12633058615865464,-0.3711523086995514,-1.7862701184941363,9.669046317679154,0.06666556292676817,-0.14116800908586138,0.10000000000000009
8.4,-0.168865585100403,-0.00941857792939704,0.8400000000000001,-0.24731040380835323,-1.881805503847511,9.836950785732375,0.10578922618723863,-0.15927798246416003,0.09724457855413308,-0.3600186428121119,-1.776370249943861,9.670034177815388,0.0673335378691367,-0.14109061593074881,0.10000000000000009
8.41,-0.16818891645963385,-0.010829065782429035,0.8410000000000001,-0.04111710300036264,-1.90586642833763,9.81248016261798,0.10226594619324636,-0.1726387350540819,0.1311055220406747,-0.3488219263077005,-1.7663819020036613,9.671009441289904,0.06799885459872895,-0.1410006902913292,0.10000000000000009
8.42,-0.16750560800842842,-0.012238591735223623,0.8420000000000001,-0.17997391452029166,-1.892359020623545,9.931402671625222,0.09257502732662798,-0.1698772349849292,0.09522213559135514,-0.337562998540455,-1.756305904074057,9.6719719754763,0.06866148684998019,-0.14089824015531774,0.09999999999999454
8.43,-0.16681568672263425,-0.01364703058553539,0.843,-0.2261176650696238,-1.8408983419565341,9.89435049085682,0.09022808994671727,-0.09268592082680331,0.11214024368095746,-0.3262427091859176,-1.7461430930445154,9.672921653507958,0.06932140846329232,-0.14078327462292792,0.09999999999999454
8.44,-0.16611917983916258,-0.015054257227682182,0.844,-0.14855256284775076,-1.8250209468884209,10.081995901087142,0.06834884870472292,-0.1445635786520452,0.10108294907933868,-0.3148619181719447,-1.7358943131694025,9.673858354292856,0.06997859338608858,-0.14065580390606294,0.10000000000000009
8.45,-0.16541611485491248,-0.01646014666365665,0.845,-0.12201597671772452,-1.859205719127112,9.914188985293608,0.08367744499588795,-0.1469436538886391,0.10098635686754144,-0.3034214956080954,-1.7255604159422568,9.67478196252615,0.07063301567385716,-0.1405158393274159,0.10000000000000564
8.46,-0.16470651952568544,-0.0178645740142305,0.8460000000000001,-0.07120101576680844,-1.834048877188423,10.056601745304194,0.07752988493915101,-0.16913364158164199,0.09640845502626705,-0.2919223217134681,-1.7151422599684565,9.675692368700512,0.07128464949110042,-0.14036339331944292,0.10000000000000564
8.47,-0.16399042186509047,-0.019267414530045508,0.8470000000000001,-0.062299465945672594,-1.6943693993663325,9.818419448865047,0.06101253648167888,-0.13603118223726068,0.11599433985373431,-0.2803652867430554,-1.7046407108363013,9.676589469114187,0.07193346911242987,-0.14019847942326036,0.10000000000000009
8.48,-0.16326785014343684,-0.020668543602695707,0.8480000000000001,-0.13458928039570597,-1.6801347386978716,9.785699180810344,0.10497664674054315,-0.14296185299161562,0.11824900647500403,-0.2687512909125902,-1.694056640986516,9.677473165876828,0.07257944892358481,-0.14002111228750036,0.10000000000000009
8.49,-0.16253883288661877,-0.022067836775795515,0.8490000000000001,-0.0023770512982433864,-1.7590453226134843,9.824908049182334,0.07931737330582068,-0.13116611790966917,0.10443528318220048,-0.2570812443219342,-1.6833909295802658,9.678343366913055,0.07322256342236627,-0.13983130766693722,0.10000000000000009
8.5,-0.1618033988749895,-0.02346516975603445,0.8500000000000001,-0.09822585126667356,-1.877642276357773,10.012372826526732,0.10843095435748383,-0.13165160056249364,0.08510709787492399,-0.2453560668770169,-1.6726444623656862,9.679199985963763,0.07386278721971534,-0.13962908242112199,0.09999999999999454
8.51,-0.16106157714222447,-0.024860418424217955,0.851,-0.04742348265902081,-1.7173032075568626,10.059108156893473,0.10438779540189752,-0.18110572513817363,0.11138157251765728,-0.23357668821034425,-1.661818131542962,9.680042942585175,0.0745000950407082,-0.13941445451284337,0.09999999999999454
8.52,-0.16031339697417535,-0.02625345884629132,0.852,0.02921744278887011,-1.6251321933375635,9.857202714135097,0.10011969905512383,-0.1753427050815498,0.11185954612913465,-0.2217440476001083,-1.6509128356280187,9.680872162145649,0.07513446172550953,-0.1391874430065934,0.10000000000000009
8.53,-0.15955888790771428,-0.027644167284349822,0.853,-0.06426097131518235,-1.6299228401485832,9.883832888906525,0.10166228665018535,-0.1733589489165774,0.10233835933777284,-0.20985909388788287,-1.639929479314854,9.681687575820229,0.0757658622304147,-0.138948068066886,0.10000000000000564
8.540000000000001,-0.15879807972956705,-0.02903242020762904,0.8540000000000001,-0.047452489019278246,-1.6694353703468026,9.827065896910645,0.0837965964183353,-0.17219781180246974,0.1336211761809078,-0.1979227853949755,-1.6288689733365307,9.682489120582945,0.07639427162881296,-0.13869635095636132,0.10000000000000564
8.55,-0.15803100247513802,-0.03041809430347705,0.8550000000000001,0.057007663561055015,-1.6042546785318854,9.77709193681394,0.1214255348451752,-0.15296131850383768,0.08213319120031261,-0.1859360898374235,-1.6177322343249156,9.68327673919689,0.07701966511216435,-0.13843231403396233,0.10000000000000009
8.56,-0.15725768642732377,-0.031801066488308286,0.8560000000000001,-0.04604987782836961,-1.7028003440706296,9.980307939405645,0.09498757890222014,-0.16624689652075844,0.0724534563620905,-0.17389998423965275,-1.6065201846691584,9.684050380202033,0.077642017991017,-0.1381559807530009,0.10000000000000009
8.57,-0.15647816211531768,-0.03318121391853707,0.8570000000000001,0.002421352389899139,-1.6458360926340856,9.941386040902248,0.09939528089614698,-0.12650446945262053,0.09486818273343281,-0.16181545484682636,-1.5952337523729823,9.684809997900834,0.07826130569595496,-0.13786737565901103,0.10000000000000009
8.58,-0.15569246031340467,-0.034558414001488506,0.8580000000000001,0.09241683942359821,-1.7402984610904082,9.926593186958714,0.0858195485053786,-0.12859694619113643,0.11656714443501862,-0.14968349703591433,-1.58387387091082,9.685555552341611,0.0788775037785433,-0.13756652438755185,0.09999999999999454
8.59,-0.1549006120397468,-0.035932544406288104,0.859,0.22546010107894132,-1.6507421510594746,9.816239702814029,0.08240728323119122,-0.15689512522428606,0.09005745912452694,-0.13750511522548364,-1.572441479082848,9.68628700929971,0.07949058791233699,-0.13725345366198577,0.09999999999999454
8.6,-0.15410264855515793,-0.03730348307472822,0.86,0.12216096405893548,-1.555867530624705,10.060104970637113,0.10417844089421642,-0.12701869878707325,0.09110262737562297,-0.12528132278423804,-1.5609375208689311,9.687004340256449,0.08010053389383431,-0.13692819129104,0.10000000000000009
8.61,-0.15329860136187012,-0.038671108232108904,0.861,0.1250315344454358,-1.696713098240124,9.888717401878818,0.10082329809249,-0.133720043497547,0.11987205291631543,-0.11301314193833756,-1.5493629452815678,9.6877075223759,0.0807073176434206,-0.13659076616641014,0.10000000000000564
8.620000000000001,-0.15248850220228952,-0.040035298398056425,0.8620000000000001,0.14067677116631155,-1.70703344125198,9.971565032447243,0.08633771556857897,-0.162641716257942,0.11255025764690262,-0.10070160367748049,-1.5377187062178366,9.688396538479449,0.08131091520628825,-0.13624120826014816,0.10000000000000564
8.63,-0.15167238305774436,-0.04139593239731187,0.8630000000000001,0.024647753990167123,-1.617368469730857,9.812727542926018,0.0772885167982534,-0.18570537603857837,0.1114356640363755,-0.08834774765982722,-1.5260057623104364,9.689071377018205,0.08191130275344155,-0.1358795486219956,0.10000000000000009
8.64,-0.15085027614722069,-0.04275288937049634,0.8640000000000001,0.13210301717272097,-1.6314618528832237,9.915359526083241,0.08026717500921013,-0.15834381633913827,0.11756869788957314,-0.0759526221157184,-1.5142250767777958,9.68973203204325,0.08250845658262229,-0.13550581937669115,0.10000000000000009
8.65,-0.1500222139260919,-0.04410604878484569,0.8650000000000001,0.1306624080428911,-1.5501562996900242,9.954769252574682,0.11768032028724704,-0.16408677744529768,0.09946299526994655,-0.06351728375025889,-1.5023776172733845,9.69037850317372,0.08310235311921044,-0.13512005372098845,0.10000000000000009
8.66,-0.14918822908483648,-0.045455290444916106,0.8660000000000001,0.1724450554015392,-1.6269275203597373,9.956381053202888,0.09104237470690171,-0.15106280202124617,0.10013412665539542,-0.051042797644770266,-1.4904643557341946,9.69101079556279,0.08369296891719835,-0.13472228592082308,0.09999999999999454
8.67,-0.14834835454774795,-0.04680049450326215,0.867,0.16917120830342242,-1.4418488639188816,9.942015376857169,0.09573212479716106,-0.15240196292989305,0.11793579723906726,-0.038530237157102354,-1.4784862682284934,9.691628919861495,0.08428028066008314,-0.1343125513082577,0.09999999999999454
8.68,-0.14750262347163481,-0.04814154147108126,0.868,0.2021517462452371,-1.6706407129360048,9.9692045204166,0.12321816389640655,-0.1524122203028238,0.0854223100272094,-0.025980683820873762,-1.4664443348028593,9.692232892180494,0.08486426516179368,-0.13389088627828935,0.10000000000000009
8.69,-0.14665106924451207,-0.04947831222882794,0.869,0.1572382869800895,-1.4541659805303686,9.841065801480559,0.08519649964899731,-0.1453054038383041,0.07349019110604388,-0.013395227243617192,-1.4543395393285736,9.692822734049713,0.08544489936763155,-0.13345732828563134,0.10000000000000564
8.700000000000001,-0.14579372548428218,-0.05081068803679389,0.8700000000000001,0.20011616019284784,-1.6046237173818312,9.947671493190654,0.09160316665001762,-0.17088675568550943,0.09926313369575673,-0.0007749650038779143,-1.4421728693473843,9.693398472375947,0.08602216035513977,-0.1330119158413856,0.10000000000000564
8.71,-0.14493062603740928,-0.05213855054565565,0.8710000000000001,0.1098486026599374,-1.6742880500637,9.942212306945066,0.09145557671773741,-0.1459651693581586,0.11968215667948576,0.0118789974527439,-1.4299453159167415,9.69396013939839,0.0865960253350409,-0.13255468850968677,0.10000000000000009
8.72,-0.14406180497758136,-0.05346178180698762,0.8720000000000001,0.19443468137131575,-1.4992099807703894,9.952650420650636,0.12800387216095296,-0.158297329472715,0.10946840352975176,0.024565546918574488,-1.4176578734544756,9.694507772642162,0.08716647165214891,-0.13208568690412265,0.10000000000000009
8.73,-0.1431872966043663,-0.054780264283738105,0.8730000000000001,0.34546778539909506,-1.5255577917481578,9.941226922215572,0.13426932643130485,-0.14826619893247145,0.11841023565538204,0.03728356252984244,-1.4053115395830487,9.695041414869793,0.08773347678621563,-0.13160495268412717,0.10000000000000009
8.74,-0.14230713544185705,-0.056093880860670166,0.8740000000000001,0.2725379486869671,-1.5801432185444062,9.834511744873893,0.11615777988515355,-0.136416820772304,0.07544066645030827,0.05003191587365613,-1.3929073149733688,9.69556111403076,0.08829701835283837,-0.13111252855126895,0.09999999999999454
8.75,-0.14142135623730953,-0.057402514854763484,0.875,0.2572760658381691,-1.6120201386941395,9.832148499069037,0.11700174934340676,-0.16863758667744486,0.11048002359097353,0.06280947109593826,-1.3804462031882487,9.696066923209012,0.0888570741043565,-0.13060845824550657,0.09999999999999454
8.76,-0.14052999395976992,-0.0587060500255803,0.876,0.4230021808224358,-1.466141350643308,9.761219577271708,0.09712154612219413,-0.15384433664802707,0.11554810450278652,0.07561508501033959,-1.3679292105255225,9.696558900568588,0.08941362193074925,-0.13009278654130402,0.10000000000000009
8.77,-0.13963308379869455,-0.060004370585589564,0.877,0.17574122745099602,-1.3746363794014473,10.004553310332248,0.13557136125402355,-0.15081648511600274,0.0854881069754857,0.08844760720806633,-1.355357345860915,9.697037109297298,0.08996663986044207,-0.1295655592435916,0.10000000000000009
8.78,-0.13873066116256108,-0.06129736121045213,0.878,0.2104098116145347,-1.3922097827619686,10.006018294165917,0.11088730309281106,-0.15616215571534975,0.11861567934352804,0.1013058801686399,-1.3427316204906812,9.697501617548511,0.09051610606124194,-0.1290268231837706,0.10000000000000564
8.790000000000001,-0.1378227616774697,-0.06258490704926498,0.8790000000000001,0.45000733873602755,-1.4228234816886454,10.00813852456737,0.12015328830890487,-0.13445328113364508,0.10414733895375962,0.11418873937156587,-1.3300530479740562,9.697952498381062,0.0910619988411715,-0.1284766262154433,0.10000000000000564
8.8,-0.13690942118573765,-0.063866893734761,0.8800000000000001,0.3313828811048733,-1.3765398496353103,9.964787395654175,0.1059939564331177,-0.15815538006901353,0.151893600106851,0.1270950134088656,-1.3173226439756063,9.69838982969734,0.09160429664929332,-0.12791501721028664,0.10000000000000009
8.81,-0.13599067574448384,-0.06514320739347071,0.8810000000000001,0.3205757851188468,-1.4053332012521782,9.769233763813865,0.1039269360861863,-0.15507661684414978,0.0732125837484931,0.14002352409853042,-1.3045414261074846,9.698813694179522,0.09214297807663557,-0.1273420460537085,0.10000000000000009
8.82,-0.13506656162420494,-0.06641373465583517,0.8820000000000001,0.2566251364160428,-1.5061085647877333,9.858172565266969,0.1334870664935352,-0.15707529823968733,0.1265444792382453,0.15297308659878428,-1.2917104137716597,9.699224179224048,0.09267802185699281,-0.1267577636402957,0.09999999999999454
8.83,-0.13413711530734398,-0.06767836266627662,0.883,0.40224888383351054,-1.4934301145738424,9.95585911959114,0.11709489913593618,-0.12938148152825518,0.10016949965330116,0.165942509523213,-1.2788306280021762,9.69962137687431,0.09320940686772944,-0.12616222186940182,0.09999999999999454
8.84,-0.13320237348685035,-0.0689369790932232,0.884,0.4234888497061382,-1.3820539607944227,9.952793498730491,0.1312097114103022,-0.15247618016185002,0.08178604606050592,0.17893059505671705,-1.2659030913074816,9.700005383751618,0.09373711213067626,-0.12555547364046654,0.10000000000000009
8.85,-0.13226237306473046,-0.07018947213908595,0.885,0.3062325805197662,-1.3667704114907107,9.925393366188667,0.11358586903475713,-0.1374541626277704,0.09806149012733008,0.19193613907226714,-1.2529288275128627,9.70037630098446,0.09426111681294508,-0.12493757284837634,0.10000000000000009
8.86,-0.13131715115059145,-0.07143573055019073,0.886,0.3957637140585281,-1.272266317171095,9.971908938019487,0.09746528248075402,-0.11413057508968771,0.11015522957340522,0.20495793124847805,-1.239908861603059,9.700734234136085,0.09478140022773779,-0.12430857437868773,0.10000000000000564
8.870000000000001,-0.1303667450601757,-0.07267564362665971,0.8870000000000001,0.3922862484371112,-1.2660987232934262,9.942724409391776,0.10195145110023213,-0.14419358094488707,0.12142109206016602,0.2179947551879488,-1.2268442195650822,9.701079293130437,0.09529794183512907,-0.12366853410264791,0.10000000000000564
8.88,-0.12941119231388887,-0.07390910123224369,0.8880000000000001,0.4531195263537771,-1.2665312664073922,9.952634383279788,0.11268461450115133,-0.12575096891605902,0.13187834506793333,0.23104538853636863,-1.213735928231324,9.701411592176493,0.09581072124294487,-0.12301750887234383,0.10000000000000009
8.89,-0.1284505306353168,-0.07513599380410659,0.8890000000000001,0.35493202651389316,-1.3236613116682052,9.892792807857274,0.1022402483342925,-0.1165910932720508,0.12738113259339426,0.24410860310240634,-1.200585015122926,9.701731249691004,0.09631971820754648,-0.12235555651560134,0.10000000000000009
8.9,-0.12748479794973794,-0.07635621236255571,0.8900000000000001,0.5570056323100672,-1.397916334834397,10.023046494165596,0.09548265900883063,-0.12560538289049863,0.09155516398105326,0.25718316497830584,-1.1873925082935661,9.702038388219705,0.09682491263459381,-0.12168273583084699,0.09999999999999454
8.91,-0.12651403238262493,-0.07756964852072352,0.891,0.5426615663035713,-1.2422739528244184,9.908356007027052,0.13067757213424,-0.1404441856550923,0.12302433276038106,0.270267834661247,-1.1741594361736043,9.70233313435699,0.0973262845798864,-0.12099910658192603,0.09999999999999454
8.92,-0.1255382722581402,-0.07877619449419423,0.892,0.45378480163858953,-1.2215182927411992,9.836743637586428,0.1050995030331895,-0.12996265141502403,0.11189967368232656,0.28336136717539906,-1.1608868274147146,9.702615618664145,0.09782381425011977,-0.12030472949274007,0.10000000000000009
8.93,-0.12455755609762253,-0.07997574311057833,0.893,0.478363046209356,-1.4406240953452327,9.88148395462504,0.115766682812534,-0.15816843898706065,0.0961754581730607,0.2964625121946922,-1.147575710734998,9.702885975586094,0.09831748200366253,-0.11959966624185484,0.10000000000000009
8.94,-0.12357192261806696,-0.08116818781903133,0.894,0.49754082530344673,-1.3022081665990037,9.915880006151335,0.11869855908535741,-0.1499358208486649,0.10282014768217099,0.3095700141662696,-1.1342271147646592,9.703144343366766,0.09880726835136827,-0.11888397945707674,0.10000000000000564
8.950000000000001,-0.12258141073059517,-0.08235342269971986,0.8950000000000001,0.4596186673106942,-1.2768911474016889,10.021988473002923,0.10598882975429498,-0.14678558473116665,0.09556332982339535,0.3226826124346454,-1.1208420678922542,9.703390863963094,0.09929315395729721,-0.11815773270984486,0.10000000000000564
8.96,-0.12158605953892102,-0.08353134247322823,0.8960000000000001,0.5002822157042515,-1.1981058425456472,9.938304945924603,0.13702676912246076,-0.10357203699517908,0.10678316423396518,0.3357990413664982,-1.1074215981116124,9.703625682957641,0.09977511963951136,-0.11742099050958271,0.10000000000000009
8.97,-0.12058590833780494,-0.08470184250991152,0.8970000000000001,0.5270098483850726,-1.258427135302195,9.926883298010075,0.09898902178790507,-0.1486310037380218,0.09538102998179922,0.3489180304761593,-1.0939667328694025,9.703848949469986,0.10025314637085864,-0.11667381829802495,0.10000000000000009
8.98,-0.11958099661150384,-0.08586481883918873,0.8980000000000001,0.6911150814977448,-1.1822894654491385,9.8431757148708,0.12021934056562557,-0.14806706381928936,0.09095100268133854,0.36203830455172403,-1.0804784989134613,9.704060816066795,0.10072721527965567,-0.11591628244329646,0.09999999999999454
8.99,-0.11857136403221183,-0.08702016815877744,0.899,0.6496231365442579,-1.1819388484095232,10.007436951961617,0.12044638373342126,-0.15036834595998624,0.11340978109450595,0.3751585837818039,-1.0669579221418841,9.7042614386707,0.10119730765045798,-0.11514845023411005,0.09999999999999454
9.0,-0.11755705045849468,-0.08816778784387093,0.9,0.6621718570865592,-1.163185135790177,9.89464398069638,0.11642086153659925,-0.12552779200384484,0.11573528044227092,0.38827758388292105,-1.0534060274529449,9.704450976468,0.10166340492482537,-0.1143703898737837,0.10000000000000009
9.01,-0.11653809593371532,-0.08930757595625312,0.901,0.6311336714306727,-1.1939332241104919,9.940021628124219,0.09815868976997062,-0.1311717954033585,0.103506049518612,0.4013940162275062,-1.03982383859586,9.704629591815191,0.10212548870205673,-0.11358217047412952,0.10000000000000009
9.02,-0.11551454068445355,-0.09043943125335352,0.902,0.5254109212539213,-1.1741051213231017,10.0662549470836,0.13116081733402019,-0.11606246327227969,0.12670773787439327,0.41450658797250794,-1.0262123780224803,9.704797450144428,0.10258354073985274,-0.1127838620493607,0.10000000000000009
9.03,-0.11448642511891827,-0.09156325319724033,0.903,0.6261486211771579,-1.1965863991636116,9.990231004865137,0.1298206857030178,-0.12124988496059047,0.10224873302918028,0.4276140021886039,-1.012572666739927,9.704954719867892,0.1030375429551117,-0.11197553550983605,0.10000000000000564
9.040000000000001,-0.11345378982535131,-0.09267894196355024,0.9040000000000001,0.7207078062375505,-1.0674920027343329,9.819784116270238,0.10885533796667987,-0.15124705223518725,0.10161497414646103,0.44071495798999544,-0.9989057241642081,9.70510157228116,0.10348747742461029,-0.11115726265577414,0.10000000000000564
9.05,-0.11241667557042606,-0.09378639845035582,0.9050000000000001,0.5534007252862393,-1.037890523486778,9.809505461846658,0.13010340175220458,-0.14188136407261087,0.11621944691193875,0.45380815066478936,-0.9852125679748873,9.705238181465576,0.10393332638568564,-0.1103291161709194,0.10000000000000009
9.06,-0.1113751232976376,-0.09488552428696863,0.9060000000000001,0.7174779173709969,-1.131386268084089,9.94800214490318,0.1254450015584473,-0.10862824025865764,0.10443639944502642,0.46689227180595483,-0.9714942139708175,9.705364724189689,0.10437507223699793,-0.1094911696160418,0.09999999999999454
9.07,-0.1103291741256861,-0.09597622184267665,0.907,0.8649303897747763,-0.9354019939359239,9.85772605074532,0.10082236728259142,-0.131330385934695,0.10800651726748944,0.4799660094428361,-0.9577516759269864,9.705481379809811,0.10481269753919095,-0.10864349742240251,0.09999999999999454
9.08,-0.10927886934685378,-0.09705839423541668,0.908,0.779091609353857,-1.0684519112663449,10.007747453141222,0.10765489886549579,-0.10972178922356361,0.06892223452643818,0.4930280481732287,-0.9439859654525278,9.70558833016968,0.10524618501554506,-0.10778617488512374,0.10000000000000009
9.09,-0.1082242504253752,-0.09813194534037913,0.909,0.8216591055579331,-0.9078235561971969,9.958856882022097,0.1379623067157204,-0.12889791898995484,0.10704564865500975,0.5060770692959934,-0.9301980918499301,9.705685759499366,0.10567551755271756,-0.10691927815655033,0.10000000000000009
9.1,-0.10716535899579943,-0.09919677979854769,0.91,0.7402694309097428,-1.0661145358542727,9.969357594020964,0.12585057735136476,-0.14012240247296187,0.07941161025030848,0.5191117509442346,-0.9163890619754613,9.705773854313348,0.10610067820141164,-0.10604288423948297,0.10000000000000009
9.11,-0.10610223686134697,-0.10025280302516879,0.911,0.8123760896968223,-1.1610543410894258,9.899135336064434,0.11323844176732063,-0.12933346939442472,0.08863392896109942,0.5321307682189897,-0.9025598801008873,9.705852803307925,0.10652165017701748,-0.1051570709802975,0.10000000000000564
9.120000000000001,-0.10503492599225908,-0.10129992121815364,0.9120000000000001,0.6901801639706013,-0.9525616228095897,10.096609637389452,0.10921690902924504,-0.13838239549306217,0.0868250388370312,0.5451327933234622,-0.8887115477764838,9.705922797257903,0.10693841686025343,-0.10426191706203944,0.10000000000000564
9.13,-0.1039634685241419,-0.10233804136640957,0.9130000000000001,0.8251152044570726,-0.9505724908116304,10.185230963392227,0.11467599220010362,-0.131371704400602,0.09117176893233009,0.5581164956977605,-0.8748450636954173,9.705984028912662,0.10735096179789391,-0.10335750199743365,0.10000000000000009
9.14,-0.1028879067563012,-0.10336707125810231,0.9140000000000001,0.8268047113196871,-0.9532628159460763,9.933059791152127,0.11606263082040781,-0.11902524982473352,0.09864760364801989,0.5710805421541685,-0.8609614235594694,9.70603669289163,0.10775926870338279,-0.10244390612187751,0.09999999999999454
9.15,-0.10180828315007424,-0.10438691948884712,0.915,0.8102930019175215,-0.993251792298041,9.982482987529833,0.11038152724708102,-0.11345412902520899,0.0995845250843501,0.5840235970129206,-0.847061619946225,9.706080985579217,0.10816332145744956,-0.10152121058624938,0.09999999999999454
9.16,-0.10072464032715221,-0.1053974954698273,0.916,0.9056877501153495,-0.9309284655138228,9.963824830240094,0.09715255881351735,-0.1441964746335459,0.11687967017031957,0.5969443222384703,-0.8331466421776743,9.706117105019217,0.10856310410879769,-0.10058949734969916,0.10000000000000009
9.17,-0.09963702106789829,-0.10639870943584111,0.917,0.7717744445730903,-0.9556000836862909,9.935133801797676,0.14070101362505943,-0.11955780422890794,0.1103480400289082,0.6098413775762672,-0.8192174761903276,9.706145250808797,0.10895860087469372,-0.09964884917236724,0.10000000000000009
9.18,-0.09854546830965834,-0.10739047245327464,0.918,0.8127107258311275,-0.9253965800559324,9.889558511621596,0.13862343155174736,-0.12696504340663328,0.07848779745184364,0.6227134206900147,-0.8052751044068316,9.706165623992026,0.10934979614158624,-0.09869934960806404,0.10000000000000009
9.19,-0.09745002514506657,-0.10837269642800239,0.919,0.8473996949982112,-0.8210540508254492,9.869962224226738,0.10541686120224825,-0.12699220299407116,0.10849857043860796,0.6355591072994292,-0.791320505609157,9.706178426953084,0.10973667446577129,-0.09774108299685641,0.10000000000000564
9.200000000000001,-0.09635073482034291,-0.10934529411321177,0.9200000000000002,0.7708413676056602,-0.8604857178880868,9.86681267376991,0.12714127188621904,-0.11430757498988271,0.11206163819714779,0.6483770913184722,-0.7773546548133361,9.706183863309096,0.11011922057394055,-0.09677413445749808,0.10000000000000564
9.21,-0.09524764073358775,-0.11030817911715235,0.9210000000000002,0.8835221567432427,-0.8121976883584239,9.990898275562152,0.11207715796185885,-0.12359379174016094,0.10229364934751647,0.6611660249940482,-0.7633785231458619,9.706182137802754,0.11049741936382043,-0.09579858987996057,0.10000000000000009
9.22,-0.0941407864330665,-0.11126126591081098,0.9220000000000002,0.7405780896893689,-0.8651030935387177,9.916380004009941,0.12214845817026332,-0.09361304584030627,0.10632715688266929,0.6739245590452057,-0.7493930777216754,9.70617345619465,0.11087125590480071,-0.09481453591775255,0.09999999999999454
9.23,-0.09303021561549174,-0.1122044698355074,0.923,0.9743792026540667,-0.8601270639061112,9.750928524869256,0.12118650021989699,-0.09570347889655234,0.11011871265821359,0.6866513428027672,-0.7353992815238697,9.706158025155458,0.11124071543844802,-0.09382205998022808,0.09999999999999454
9.24,-0.09191597212429754,-0.11313770711041554,0.924,0.9068707366086618,-0.9125917087728852,9.99226748378374,0.12039604982705232,-0.09481875355072455,0.11887669769375288,0.6993450243494574,-0.7213980932850704,9.706136052157976,0.11160578337911717,-0.09282125022485738,0.10000000000000009
9.25,-0.0907980999479094,-0.11406089484000455,0.925,0.8738426657887194,-0.8361645891452353,9.953348119303971,0.15714803962685525,-0.11906624666218896,0.08377778088655854,0.712004250660463,-0.7073904673705609,9.706107745369076,0.11196644531454927,-0.09181219554934006,0.10000000000000009
9.26,-0.08967664321800656,-0.11497395102140234,0.926,0.8613258620015543,-1.057758269361401,10.064982947259837,0.12084693052993695,-0.12498586941490586,0.10365872883649842,0.7246276677444666,-0.6933773536631375,9.706073313541586,0.11232268700645323,-0.09079498558375518,0.10000000000000009
9.27,-0.08855164620778033,-0.11587679455167965,0.927,0.9212459164294354,-0.8264724068607379,9.986016506867408,0.11581647523229772,-0.10809597135284271,0.1299446114842567,0.7372139207851214,-0.6793596974497654,9.706032965906209,0.11267449439099353,-0.08976971068255443,0.09999999999999454
9.28,-0.08742315333018669,-0.11676934523505343,0.9279999999999999,1.007133546237416,-0.7721352469096426,9.837056777486369,0.1169740413962973,-0.11065404672906148,0.12867701179198943,0.7497616542829689,-0.6653384393100373,9.705986912063473,0.11302185357942654,-0.08873646191659493,0.10000000000000564
9.290000000000001,-0.0862912091361918,-0.11765152379001155,0.9290000000000002,1.0071036289252309,-0.7069236169166397,9.777106410365194,0.1445170421048207,-0.11640369409150943,0.12018958977527529,0.7622695121978218,-0.6513145150064398,9.705935361875758,0.11336475085861192,-0.0876953310650054,0.10000000000001119
9.3,-0.08515585831301445,-0.11852325185635354,0.9300000000000002,0.9199031302035169,-0.7600435028834163,9.897452916538153,0.10412184972219236,-0.1239226156115611,0.11541531451618862,0.7747361380915538,-0.6372888553764989,9.705878525359498,0.11370317269152816,-0.0866464106070379,0.09999999999999454
9.31,-0.08401714568236124,-0.11938445200215231,0.931,0.9201603310465379,-0.696740359322472,9.904091772213537,0.11770014848359706,-0.10584052725698441,0.13214056913833266,0.7871601752713562,-0.6232623862267765,9.70581661257753,0.11403710571787767,-0.08558979371389927,0.09999999999999454
9.32,-0.0828751161986569,-0.12023504773063153,0.932,1.053348620837616,-0.8866968441072144,10.029126693230769,0.1510888046675219,-0.11032046001306163,0.13601721663785837,0.7995402669334105,-0.6092360282287651,9.705749833531709,0.1143665367545732,-0.08452557424038568,0.10000000000000009
9.33,-0.08172981494726977,-0.12107496348696002,0.933,0.9556448286756104,-0.7026515334441629,9.955585880755631,0.13348332084864128,-0.09292858768540588,0.10526180292241227,0.8118750563069874,-0.5952106968166998,9.70567839805577,0.1146914527962159,-0.08345384671662459,0.10000000000000009
9.34,-0.08058128714273258,-0.12190412466496402,0.934,1.0308633334877388,-0.8194454685681304,10.046819288592364,0.1329770765621769,-0.0921641627398168,0.0927021410426431,0.8241631867989851,-0.581187302087309,9.705602515708545,0.11501184101567682,-0.08237470633966834,0.10000000000000009
9.35,-0.07942957812695624,-0.12272245761375339,0.935,1.0464347919697508,-0.767809572751287,9.849224388190244,0.1620918254837847,-0.0844401355352508,0.1033328797310193,0.8364033021388817,-0.5671667487014945,9.705522395667517,0.11532768876459515,-0.08128824896500367,0.09999999999999454
9.36,-0.07827473336744067,-0.12352988964426409,0.9359999999999999,1.0746055257667317,-0.6726512626887511,10.032231268436385,0.13401112403137533,-0.11884511785231146,0.1537926718632008,0.8485940465241054,-0.5531499357880008,9.705438246622808,0.11563898357385,-0.0801945710980495,0.10000000000000564
9.370000000000001,-0.07711679845547924,-0.12432634903571438,0.9370000000000002,1.1298066500434543,-0.5398258695389578,10.012280037243128,0.11992424149498104,-0.09281661605884342,0.08360724148711177,0.8607340647658221,-0.5391377568490542,9.70535027667163,0.11594571315402258,-0.0790937698855812,0.10000000000001119
9.38,-0.07595581910436022,-0.12511176504197571,0.9380000000000002,0.9740284753923094,-0.5974096385480878,9.793532659323088,0.1265062375433657,-0.10848272976929793,0.09999667753829697,0.8728220024351336,-0.5251310996680227,9.705258693213224,0.11624786539596241,-0.07798594310714363,0.09999999999999454
9.39,-0.07479184114755999,-0.12588606789785725,0.9390000000000001,0.9345760010427383,-0.6112536491075324,10.058778152590236,0.11412781456413237,-0.11472666957758133,0.08568347057238992,0.884856506009698,-0.5111308462190483,9.70516370284436,0.11654542837123208,-0.07687118916632485,0.09999999999999454
9.4,-0.07362491053693558,-0.1266491888253022,0.9400000000000001,1.0537737981821924,-0.5994364284243922,9.960298315858271,0.15035484968065616,-0.10173967461555393,0.10869974909732075,0.8968362230207317,-0.49713787257875475,9.705065511255423,0.11683839033254026,-0.07574960708201378,0.10000000000000009
9.41,-0.07245507334090918,-0.12740106003949753,0.9410000000000001,1.2538102426399373,-0.6410318894351609,9.985788114214445,0.14044706493451395,-0.07810429240833663,0.08885868490293443,0.9087598022004375,-0.4831530488399568,9.704964323127168,0.11712673971426557,-0.07462129647960308,0.10000000000000009
9.42,-0.07128237574265027,-0.12814161475489427,0.9420000000000001,1.284574881165261,-0.6135464452454694,9.886080333088682,0.14909640212438316,-0.09854388992519512,0.10513022158497452,0.9206258936298111,-0.469177239027442,9.704860342028102,0.11741046513286738,-0.07348635758216288,0.10000000000000009
9.43,-0.07010686403825184,-0.12887078719114078,0.9430000000000001,1.2807358722402247,-0.5235756221131781,10.056260745413127,0.1506566745117654,-0.06804152350810791,0.07758250863323003,0.9324331488868619,-0.4552113010158024,9.704753770312646,0.1176895553873375,-0.07234489120154647,0.09999999999999454
9.44,-0.06892858463490352,-0.1295885125789252,0.944,1.1321131530509552,-0.6549133257417779,9.859020452768275,0.12676012667204145,-0.08200272979431797,0.11612242621694785,0.9441802211952103,-0.44125608644934966,9.704644809020037,0.11796399945968594,-0.07119699872939478,0.10000000000000564
9.450000000000001,-0.06774758404905812,-0.13029472716572868,0.9450000000000002,1.0163681620946234,-0.48079237786873813,10.02197080824668,0.11910192336842676,-0.09499670611456945,0.12501951462611863,0.9558657655730847,-0.42731244066408414,9.704533657774054,0.11823378651531352,-0.07004278212814491,0.10000000000001119
9.46,-0.06656390890459725,-0.1309893682214881,0.9460000000000002,0.9853356941643131,-0.5455450744189958,10.021234526247754,0.13276444359235434,-0.07040311683484599,0.10086521744864835,0.9674884389826871,-0.4133812026117918,9.704420514683603,0.11849890590348161,-0.06888234392198045,0.09999999999999454
9.47,-0.06537760593098849,-0.1316723740441683,0.9470000000000001,1.1336975883203593,-0.43302501080819533,9.8763698159306,0.12075036075433539,-0.07987117584790235,0.10450645362953344,0.9790469004799598,-0.399463204786183,9.704305576244188,0.11875934715776387,-0.06771578718774429,0.09999999999999454
9.48,-0.06418872196144197,-0.132343683965243,0.9480000000000001,1.178684437280881,-0.4093754711118178,10.112267692307597,0.13652675249947782,-0.09946973776337774,0.1040000787140359,0.9905398113647148,-0.38555927315117405,9.70418903724034,0.11901509999637724,-0.0665432155457571,0.10000000000000009
9.49,-0.06299730393106094,-0.13300323835508343,0.9490000000000001,1.3091691213126788,-0.6068284978715933,9.971463013476713,0.15115614637874247,-0.05651086985396089,0.10930679287146074,1.001965835331137,-0.3716702270712479,9.704071090649009,0.1192661543226222,-0.06536473315061075,0.10000000000000009
9.5,-0.06180339887498953,-0.1336509786282552,0.9500000000000001,1.2853530604841916,-0.5048015561902219,10.004028117982923,0.13180739667525493,-0.07930379265077073,0.10597030206322185,1.013323638618656,-0.35779687924393866,9.703951927544,0.11951250022530155,-0.06418044468191608,0.10000000000000009
9.51,-0.06060705392655491,-0.13428684724872175,0.9510000000000001,1.2456298230116671,-0.5116425074054546,9.82891365862733,0.13693893206213664,-0.08159292654072901,0.11815100715238702,1.0246118901631833,-0.34394003563440434,9.703831737001464,0.11975412797912595,-0.06299045533501996,0.09999999999999454
9.52,-0.05940831631540701,-0.1349107877349556,0.952,1.1667492877118242,-0.5746095139789626,10.121560416708254,0.13354883499137643,-0.09353538089942949,0.12500565239727168,1.0358292617487093,-0.3301004954121306,9.703710706006483,0.11999102804502206,-0.06179487081166973,0.09999999999999454
9.53,-0.05820723336565447,-0.13552274466495515,0.953,1.172413778769017,-0.49890370864208555,9.854539651255081,0.1474239487349713,-0.06188421063743048,0.0943653616928447,1.0469744281592483,-0.3162790508897445,9.703589019360814,0.12022319107058872,-0.060593797310595776,0.10000000000001119
9.540000000000001,-0.057003852493995234,-0.13612266368116752,0.9540000000000002,1.27957570541638,-0.20651665598784322,10.034781568633077,0.12569967261119072,-0.07066722549830737,0.10204030389133903,1.058046067331142,-0.30247648746392514,9.703466859591826,0.12045060789043563,-0.05938734151808567,0.10000000000000564
9.55,-0.055798221207845757,-0.13671049149531686,0.9550000000000001,1.3256985534612566,-0.34011201380504663,9.872199782925788,0.10306879755727692,-0.06760325690118157,0.12015758837017086,1.069042860505694,-0.28869358355844943,9.70334440686263,0.1206732695265101,-0.058175610598507066,0.09999999999999454
9.56,-0.05459038710346503,-0.13728617589313766,0.9560000000000001,1.3127404253465298,-0.22049831452197377,9.90150254040635,0.14316783563284544,-0.0834884503203508,0.08532914626967321,1.0799634923821526,-0.2749311105693307,9.703221838883499,0.1208911671885294,-0.056958712184816684,0.10000000000000009
9.57,-0.05338039786407517,-0.1378496657390132,0.9570000000000001,1.209923633190781,-0.2958992260703013,10.013414842355413,0.15114126542029732,-0.0621813575626003,0.0769024430169774,1.0908066512710315,-0.26118983281206265,9.70309933082457,0.1211042922742836,-0.05573675436897629,0.10000000000000009
9.58,-0.05216830125797936,-0.13840091098051718,0.9580000000000001,1.3554781993065166,-0.40876491222834377,10.031459953969126,0.1432747551673191,-0.059591519113141596,0.10990442666195044,1.1015710292477388,-0.24747050747097837,9.702977055229896,0.12131263636993433,-0.0545098456923368,0.10000000000000009
9.59,-0.05095414513667648,-0.13893986265285993,0.9590000000000001,1.347514179873597,-0.3659703394329883,9.847243794630531,0.12724015249630635,-0.08201140151149464,0.11399458820151333,1.1122553223065421,-0.23377388455070386,9.702855181932849,0.12151619125041445,-0.05327809513602649,0.09999999999999454
9.6,-0.04973797743297107,-0.1394664728832377,0.96,1.2361526669852472,-0.27680127171146346,10.035456138946476,0.12011035268154815,-0.09195855963208836,0.09568362149918674,1.1228582305148445,-0.22010070682969202,9.702733877972962,0.12171494887974026,-0.052041612111240754,0.09999999999999454
9.61,-0.04851984615908168,-0.13998069489508475,0.961,1.2700382160954111,-0.27797417768173655,10.031196504397656,0.14466735077161347,-0.060766903350635094,0.09786977145634553,1.133378458167761,-0.2064517098158582,9.702613307514197,0.12190890141131061,-0.050800506449558136,0.10000000000001119
9.620000000000001,-0.04729979940474486,-0.14048248301222888,0.9620000000000002,1.397773579603092,-0.34414960932646094,9.872057094518182,0.13952960356968372,-0.09181065156009306,0.09519056745540334,1.1438147139430133,-0.19282762170428142,9.702493631764682,0.12209804118817787,-0.0495548883931593,0.10000000000000564
9.63,-0.04607788533531812,-0.14097179266294793,0.9630000000000001,1.334667284924309,-0.40502198620876073,10.072735985366569,0.13578816735917357,-0.06455191134343471,0.09359737443318711,1.1541657110560863,-0.1792291633369989,9.702375008897997,0.12228236074343576,-0.04830486858503763,0.09999999999999454
9.64,-0.044854152189876144,-0.14144858038392963,0.9640000000000001,1.491592335443154,-0.007414125893688672,9.828686421337084,0.16506072131948657,-0.07232102446664986,0.11700809658916883,1.1644301674157116,-0.1656570481648187,9.702257593975968,0.12246185280048172,-0.04705055805919456,0.10000000000000009
9.65,-0.043628648279308485,-0.14191280382413182,0.9650000000000001,1.4186537694677197,-0.2702660416581254,9.896861866521572,0.12351285035901825,-0.04593501345252969,0.0889124197663863,1.1746068057795913,-0.15211198221123334,9.702141538873065,0.12263651027325795,-0.04579206823072807,0.10000000000000009
9.66,-0.042401421984410985,-0.1423644217485442,0.9660000000000001,1.3494330329388333,-0.2712285322480095,9.98500382415519,0.16454835836545462,-0.06870853998487315,0.10257403986683641,1.184694353910413,-0.1385946640383353,9.702026992202413,0.12280632626660432,-0.044529510885982226,0.10000000000000009
9.67,-0.0411725217539764,-0.14280339404185147,0.9670000000000001,1.3971200344510086,-0.22318361728566172,9.878614927228215,0.13862193362456357,-0.04495126074224526,0.09295843158890671,1.1946915447321196,-0.1251057847147825,9.701914099243433,0.12297129407647725,-0.04326299817260931,0.09999999999999454
9.68,-0.03994199610288144,-0.14322968171199638,0.968,1.4113955519509411,-0.23745832544643403,9.96747846508161,0.11069451177339486,-0.06783658108336281,0.0846715894591037,1.2045971164864318,-0.11164602778577015,9.70180300187116,0.12313140719021169,-0.041992642589593066,0.09999999999999454
9.69,-0.038709893610172165,-0.14364324689364333,0.969,1.3567362825447233,-0.19524178000235512,9.966807010364517,0.13576522763298243,-0.04403698946843406,0.11967159557180913,1.2144098128896084,-0.09821606924501641,9.701693838487286,0.12328665928683369,-0.04071855697725668,0.10000000000001119
9.700000000000001,-0.037476262917144766,-0.1440440528515415,0.9700000000000002,1.3511836870626757,-0.08834636437496789,9.931716931656347,0.15310131466276225,-0.026844285505731005,0.09879885037138515,1.2241283832894503,-0.08481657750871363,9.701586743952912,0.12343704423723907,-0.03944085450724166,0.10000000000000564
9.71,-0.036241152725427384,-0.14443206398378816,0.9710000000000001,1.4906830558046325,-0.18721215378318298,10.01501863074087,0.13341855988949664,-0.07226003083792573,0.10924650624039813,1.2337515828225134,-0.07144821339149149,9.701481849523079,0.1235825561044783,-0.03815964867247834,0.09999999999999454
9.72,-0.0350046117950552,-0.14480724582499108,0.9720000000000001,1.5115447538667803,-0.2562598724425321,9.930153225040556,0.11699154304130148,-0.050665354271287016,0.0837967749974472,1.2432781725715527,-0.05811163008429154,9.70137928278308,0.12372318914402707,-0.03687505327708146,0.10000000000000009
9.73,-0.03376668894254684,-0.1451695650493298,0.9730000000000001,1.502950026601109,-0.16358921629214002,9.967590264074666,0.13675646383092535,-0.012569114833539577,0.09528777487520995,1.2527069197231495,-0.04480747313422273,9.701279167586597,0.12385893780392544,-0.03558718242624159,0.10000000000000009
9.74,-0.03252743303897669,-0.1455189894735159,0.9740000000000001,1.5850079372890542,-0.1746029507158506,10.040778937662127,0.1263840380060699,-0.05140806871487697,0.1175787705408623,1.2620365977255437,-0.03153638042632084,9.701181623995682,0.12398979672503078,-0.034296150516084645,0.10000000000000009
9.75,-0.031286893008046227,-0.14585548805965148,0.9750000000000001,1.4299222599797343,-0.010417724007339688,10.012435941675255,0.14679878009827477,-0.050218652357676245,0.14492943167873057,1.2712659864466296,-0.018298982167228917,9.701086768222604,0.12411576074125782,-0.033002072223531354,0.09999999999999454
9.76,-0.030045117824151535,-0.14617903091798654,0.976,1.6179117840894266,-0.016451582825983357,10.012839527081809,0.15116386379855978,-0.03817667758210319,0.07648109025736821,1.2803938723321409,-0.005095900870745351,9.700994712573593,0.12423682487978822,-0.031705062496108216,0.09999999999999454
9.77,-0.028802156510450462,-0.14648958930957365,0.977,1.4204660700252099,-0.08926019927326836,9.858889929018481,0.12369268223194559,-0.0480419956681184,0.103015278560524,1.2894190485639707,0.008072248654739711,9.700905565394507,0.12435298436119097,-0.030405236541711234,0.10000000000000009
9.78,-0.027558058136927716,-0.14678713564882076,0.978,1.4213222278872621,-0.18555578635530032,9.992117588233889,0.12901582835823622,-0.07293467688599403,0.11213885025083922,1.2983403152186406,0.0212048593169612,9.700819431018433,0.12446423459969765,-0.029102709818401573,0.10000000000000564
9.790000000000001,-0.02631287181845651,-0.14707164350594168,0.9790000000000001,1.3701269779367045,-0.1698713107757574,9.87937878650698,0.15105306636525842,-0.029188247600702252,0.0967762265404571,1.3071564794259039,0.034301331748684716,9.700736409715253,0.12457057120334787,-0.02779759802412768,0.10000000000000564
9.8,-0.025066646712860758,-0.1473430876093033,0.9800000000000001,1.4849665100146248,-0.057996821586930716,9.847706159125448,0.12709867536550587,-0.07462998260680957,0.1187696754586193,1.31586635552745,0.04736107431477962,9.700656597643201,0.12467198997412869,-0.026490017086464035,0.10000000000000009
9.81,-0.023819432018973935,-0.14760144384767096,0.9810000000000001,1.4887442547766918,-0.018954359137025832,9.943258647574309,0.12392428485073917,-0.04970575979905154,0.0931761290264333,1.3244687652357257,0.06038350311752477,9.700580086802434,0.12476848690821783,-0.02518008315231801,0.10000000000000009
9.82,-0.0225712769746964,-0.14784668927234967,0.9820000000000001,1.5796960061501613,-0.06583661931708845,9.876391522374988,0.12264548404956925,-0.024078721564398872,0.10860855206961652,1.332962537792833,0.07336804200014974,9.700506964990604,0.1248600581960994,-0.023867912577595074,0.10000000000000009
9.83,-0.021322230855051947,-0.14807880209922286,0.9830000000000001,1.5638857981523773,-0.06012828544255613,10.012692312936963,0.14566762463979013,-0.0462697560889677,0.0985172920914287,1.3413465101295001,0.08631412254862958,9.70043731576049,0.12494670022266917,-0.022553621916870936,0.09999999999999454
9.84,-0.020072342970243018,-0.1482977617106871,0.984,1.45767634101778,-0.05471058958997876,10.013590718303792,0.1449997851329762,-0.04990861056601977,0.124534237922033,1.3496195270241038,0.09922118409176059,9.700371218379717,0.12502840956744812,-0.021237327913038728,0.09999999999999454
9.85,-0.018821662663702984,-0.14850354865748364,0.985,1.531604389060799,0.004641513416858749,9.795918756739214,0.1300734968428073,-0.025086993154301088,0.0961732541359345,1.3577804412617416,0.11208867369956166,9.700308747792498,0.12510518300470913,-0.019919147486943678,0.10000000000000009
9.86,-0.017570239310148835,-0.14869614466042597,0.986,1.5424888191266093,-0.17238687896145405,9.880981365117089,0.14042062520313303,-0.04985752335280392,0.1009800467371828,1.3658281137933184,0.12491604617999,9.700249974583535,0.12517701750357768,-0.018599197726995587,0.10000000000000564
9.870000000000001,-0.01631812231363143,-0.14887553261202355,0.9870000000000001,1.437451911434759,-0.05761428091121167,9.82935106724748,0.16331501851100516,-0.05422068274430293,0.12032832113303443,1.3737614138946446,0.13770276407402798,9.700194964943975,0.12524391022811446,-0.01727759587876465,0.10000000000000564
9.88,-0.015065361105586546,-0.14904169657800126,0.9880000000000001,1.5100956415286046,-0.007185539070687343,9.90942497953742,0.12607020833771895,-0.0305325071342073,0.09069010144730132,1.381579219325513,0.1504482976491334,9.70014378063955,0.12530585853751855,-0.015954459334566184,0.10000000000000009
9.89,-0.01381200514288106,-0.14919462179871487,0.9890000000000001,1.534037135037387,0.15046200810271199,9.983072130954005,0.11142524930493168,-0.03611164839204328,0.10720406685914476,1.3892804164887664,0.16315212489113956,9.700096478980806,0.12536285998619462,-0.01462990562303701,0.10000000000000009
9.9,-0.012558103905862653,-0.149334294690462,0.9900000000000001,1.7160634561972987,0.0013496337095647987,9.925863348286098,0.1476743887085515,-0.05072763784750256,0.07871115302373291,1.396863900589295,0.17581373149454582,9.70005311279551,0.12541491232380494,-0.013304052398699362,0.10000000000000009
9.91,-0.01130370689640496,-0.14946070284668886,0.9910000000000001,1.6261414630911348,0.09442241848931403,9.898132028285982,0.1393667828086325,-0.021200752176671164,0.08990319848107597,1.404328575792988,0.18843261085130947,9.70001373040322,0.12546201349543043,-0.011977017431503978,0.09999999999999454
9.92,-0.010048863635954045,-0.14957383503909208,0.992,1.6724073924005978,0.10983772442662967,10.049835014251887,0.13019001352134016,-0.022440087035671026,0.11214603013226176,1.4116733553855842,0.20100826403810768,9.699978375592035,0.1255041616415973,-0.01064891859636763,0.09999999999999454
9.93,-0.008793623663573015,-0.1496736812186162,0.993,1.5069666692924242,0.20834358065036712,9.762673383804705,0.15062346042710034,-0.03349723097708773,0.09158314952002082,1.418897161931429,0.21354019980213018,9.6999470875975,0.12554135509835118,-0.009319873862707884,0.10000000000000009
9.94,-0.007538036533987021,-0.14976023251634624,0.994,1.7302289253089254,0.21829291116074329,10.044329635143892,0.1534069917539449,-0.031172220434338826,0.09824123667629384,1.425998927432094,0.22602793454541026,9.699919901083755,0.12557359239737598,-0.007990001283963988,0.10000000000000564
9.950000000000001,-0.006282151815625495,-0.1498334812442955,0.9950000000000001,1.7447985514672286,0.12500682992876525,9.901907137627347,0.10765898208087357,-0.018292881260449884,0.11385223448759943,1.4329775934848688,0.2384709923077533,9.69989684612683,0.12560087226598055,-0.006659418987106647,0.10000000000000564
9.96,-0.00502601908866741,-0.14989342089608837,0.9960000000000001,1.4865671032852492,0.10637787725326586,9.940698976399393,0.1310415679235258,-0.006081320168659771,0.0977417107563505,1.4398321114410608,0.2508689047482376,9.699877948200205,0.12562319362719337,-0.005328245162149192,0.10000000000000009
9.97,-0.0037696879430816274,-0.14994004614753847,0.9970000000000001,1.5973408121870156,0.10373435156080636,9.904531701183238,0.17553322162226317,-0.026907254936541936,0.11877231227591029,1.4465614425641324,0.26322121112539415,9.699863228162538,0.1256405555998409,-0.003996598051649036,0.10000000000000009
9.98,-0.002513207976670592,-0.14997335285712135,0.9980000000000001,1.6990785931049779,0.14993966965874014,10.070399043269223,0.14942803261909834,-0.011563053379988938,0.10961301132576874,1.4531645581876083,0.2755274582760163,9.699852702247643,0.1256529574984933,-0.00266459594019941,0.10000000000000009
9.99,-0.0012566287931117612,-0.14999333806634246,0.9990000000000001,1.7162025446564577,0.14709597784402667,9.848328135841884,0.15103841041459948,-0.011850520216568305,0.11289535422019921,1.459640439872756,0.2877872005926835,9.699846382056679,0.12566039883352714,-0.0013323571439322057,0.09999999999999454
10.0,-4.898587196589413e-17,-0.15,1.0,1.6148117220698,0.23746125333510976,9.947329612126534,0.15866531987653998,-0.005794372491857196,0.1250499332697573,1.465988079566008,0.2999999999999995,9.699844274552575,0.12566287931117123,0.0,0.10000000000000009
10.01,0.0012566287931116632,-0.14999333806634246,1.0010000000000001,1.6527574313119255,0.23951782503940705,9.987252420632585,0.14133544022892958,-0.017128720095529303,0.11100860363443942,1.4722064797561079,0.3121654259296052,9.699846382056679,0.12566039883352714,0.0013323571439322057,0.10000000000000009
10.02,0.002513207976670494,-0.14997335285712135,1.002,1.6359811136368618,0.26380746030761104,9.817266118297821,0.1530427744859778,-0.030148562651869687,0.12921393351164095,1.4782946536309458,0.3242830552939627,9.699852702247643,0.12565295749849334,0.00266459594019941,0.09999999999998899
10.03,0.00376968794308153,-0.14994004614753847,1.003,1.6980908892274655,0.32918184290715985,9.87389080865538,0.15180114211792006,-0.02189467898676188,0.12004064215441576,1.4842516252340663,0.33635247245895844,9.699863228162538,0.12564055559984977,0.003996598051649036,0.10000000000001119
10.040000000000001,0.00502601908866749,-0.14989342089608837,1.0040000000000002,1.789569368806908,0.3880923542755828,9.935059500322536,0.14912019273276755,-0.008529219313928641,0.09840219881958642,1.4900764296208298,0.3483732692153737,9.699877948200205,0.12562319362721108,0.005328245162149192,0.10000000000001119
10.05,0.0062821518156257515,-0.1498334812442955,1.0050000000000001,1.63884177596303,0.2594883254945348,9.873167322556158,0.13622892337713025,0.015114408760034502,0.12562647235369764,1.4957681130141818,0.36034504474921214,9.69989684612683,0.1256008722659716,0.006659418987106647,0.09999999999998899
10.06,0.007538036533986922,-0.14976023251634624,1.006,1.7856972494432364,0.3499464573952384,9.880076500340039,0.14337480729919655,-0.018025263999594674,0.11028578151307886,1.5013257329600274,0.3722674056109571,9.699919901083755,0.1255735923973583,0.007990001283963988,0.10000000000000009
10.07,0.008793623663572918,-0.1496736812186162,1.0070000000000001,1.6480573079940712,0.24531767444254812,9.918515916239457,0.1317776781360554,0.002654362998370678,0.10045271817124074,1.506748358482172,0.38413996568377234,9.6999470875975,0.12554135509835126,0.009319873862707884,0.10000000000000009
10.08,0.010048863635953947,-0.14957383503909208,1.008,1.646197866837004,0.37968490752764267,9.998693147701726,0.1407508119821996,-0.013088327772940497,0.11065029295331788,1.5120350702368,0.39596234615067144,9.699978375592035,0.1255041616415973,0.01064891859636763,0.10000000000000009
10.09,0.011303706896404864,-0.14946070284668886,1.0090000000000001,1.7850947224551668,0.38106710403190125,9.919379014842672,0.12294874791144947,-0.005330869455630706,0.12295446244079161,1.5171849606664698,0.4077341754606946,9.70001373040322,0.12546201349543043,0.011977017431503978,0.10000000000000009
10.1,0.012558103905862556,-0.149334294690462,1.01,1.795885909362035,0.3878823144743846,10.033563423655602,0.12869573520421862,0.01713175180987364,0.1131040338432728,1.5221971341535985,0.41945508929414,9.70005311279551,0.12541491232380494,0.013304052398699362,0.09999999999998899
10.11,0.013812005142880963,-0.14919462179871487,1.011,1.7941350730479877,0.3264632496285671,9.867958944171118,0.13622433464315223,0.007138142675143587,0.13350667625308849,1.527070707173403,0.43112473052685035,9.700096478980806,0.1253628599862033,0.01462990562303701,0.10000000000001119
10.120000000000001,0.015065361105586622,-0.14904169657800126,1.0120000000000002,1.6251500375215335,0.277257491651736,9.846710355039448,0.12620328678744314,-0.021833190147260106,0.12239513576795301,1.5318048084462703,0.44274274919361567,9.70014378063955,0.12530585853752738,0.015954459334566184,0.10000000000001119
10.13,0.01631812231363151,-0.14887553261202355,1.0130000000000001,1.6975249112967823,0.23134013916843618,10.10117992560041,0.13269056713665975,-0.010416701864402108,0.11394058525414358,1.5363985790895278,0.4543088024506936,9.700194964943975,0.1252439102281056,0.01727759587876465,0.09999999999998899
10.14,0.017570239310148734,-0.14869614466042597,1.014,1.804506139312316,0.3514374060871156,9.895205262359674,0.13781953613335543,0.018470259018134413,0.09080798052138728,1.5408511727685958,0.4658225545375321,9.700249974583535,0.12517701750356883,0.018599197726995587,0.10000000000000009
10.15,0.018821662663702887,-0.14850354865748364,1.0150000000000001,1.7442510409974554,0.48990158233381254,9.842691470477424,0.14628757744053217,0.0030762455188062454,0.10340493525151148,1.5451617558474668,0.4772836767376505,9.700308747792498,0.1251051830047093,0.01991914748694229,0.10000000000000009
10.16,0.02007234297024292,-0.14829776171068712,1.016,1.6596255076808313,0.3550784043695333,9.80689091259144,0.15448972276623688,-0.014798371750540548,0.1072100956618911,1.549329507538511,0.48869184733878657,9.700371218379717,0.12502840956744812,0.021237327913038728,0.10000000000000009
10.17,0.02132223085505185,-0.14807880209922286,1.0170000000000001,1.785501042017279,0.4537424788730869,10.03154584809755,0.1334041142378353,-0.008686319797882307,0.11646918974541659,1.553353620051554,0.5000467515922856,9.70043731576049,0.12494670022266917,0.022553621916870936,0.10000000000000009
10.18,0.022571276974696304,-0.1478466892723497,1.018,1.6972656414344238,0.46889302206348016,9.917747313070658,0.1603863271917413,0.015491089399129158,0.11571109106387933,1.5572332987422148,0.5113480816717956,9.700506964990604,0.1248600581960994,0.023867912577593686,0.09999999999998899
10.19,0.023819432018973838,-0.147601443847671,1.019,1.9019510625739564,0.38872731778119884,9.924432336538224,0.15434580566015782,0.0210802138092003,0.10867284227387244,1.56096776225945,0.5225955366312787,9.700580086802434,0.12476848690823553,0.025180083152320787,0.10000000000001119
10.200000000000001,0.025066646712861015,-0.14734308760930329,1.0200000000000002,1.885882325390145,0.5275902277836745,9.931976102398473,0.147578281628744,0.0076289639800047855,0.10803222925104752,1.5645562426923048,0.5337888223624014,9.700656597643201,0.12467198997413736,0.02649001708646681,0.10000000000001119
10.21,0.026312871818456585,-0.14707164350594165,1.0210000000000001,1.8135352134161777,0.19921414010337066,10.026149075382376,0.14230747105967412,0.045834722837952396,0.11686172619441275,1.5679979857158008,0.5449276515512802,9.700736409715253,0.12457057120333036,0.027797598024124903,0.09999999999998899
10.22,0.027558058136927622,-0.1467871356488208,1.022,1.879137153781127,0.3451894710769495,9.931059543311148,0.1446473697870601,0.022249913081153337,0.09329373270921179,1.5712922507359666,0.5560117436346893,9.700819431018433,0.1244642345996888,0.029102709818398798,0.10000000000000009
10.23,0.02880215651045036,-0.14648958930957368,1.0230000000000001,1.7792787084625128,0.37951866029177556,10.134734881370035,0.1574967019671736,0.007429363537058146,0.13160824299892157,1.5744383110339468,0.5670408247556848,9.700905565394507,0.12435298436119097,0.030405236541709846,0.10000000000000009
10.24,0.03004511782415144,-0.1461790309179866,1.024,1.8385298716742964,0.3997977020331954,9.957267539171326,0.1578644546764806,0.0002941892054802303,0.07539452134296824,1.5774354539091768,0.57801462771873,9.700994712573593,0.12423682487978804,0.031705062496108216,0.10000000000000009
10.25,0.03128689300804612,-0.1458554880596515,1.0250000000000001,1.9001780845834197,0.503969359677083,10.032154570338516,0.1592739737413933,-0.0010117662667650674,0.1279300882027594,1.5802829808215775,0.58893289194432,9.701086768222604,0.12411576074125764,0.03300207222353413,0.10000000000000009
10.26,0.032527433038976594,-0.1455189894735159,1.026,1.8045316066683266,0.5108852906872956,10.012926365045756,0.1396875182661814,0.01979400594192544,0.105540085689916,1.5829802075327524,0.5997953634231665,9.701181623995682,0.12398979672503113,0.034296150516084645,0.09999999999998899
10.27,0.033766688942546745,-0.14516956504932982,1.027,1.767163354986871,0.5280408737601708,9.944571747921966,0.1473279888566428,0.008719240583280635,0.12139299845479555,1.5855264642461366,0.6106017946699405,9.701279167586597,0.12385893780392544,0.035587182426240205,0.10000000000000009
10.28,0.0350046117950551,-0.1448072458249911,1.028,1.6534173578015847,0.5552682965066095,9.900573381368556,0.1590871839244445,0.04236263782742529,0.11170798573872284,1.5879210957460694,0.6213519446766151,9.70137928278308,0.12372318914403574,0.036875053277084235,0.10000000000001119
10.290000000000001,0.03624115272542746,-0.14443206398378813,1.0290000000000001,1.786597768977522,0.4403159437691642,9.974334329212022,0.12951941091627314,0.04057539065248543,0.11145787016478166,1.5901634615357634,0.6320455788654595,9.701481849523079,0.12358255610449564,0.03815964867248112,0.10000000000000009
10.3,0.037476262917145016,-0.14404405285154148,1.03,1.8593938010132036,0.43026682642792224,9.98859554913867,0.13386873698669233,0.029418712412634294,0.11450562125320404,1.5922529359741278,0.6426824690416669,9.701586743952912,0.1234370442372304,0.03944085450723889,0.10000000000000009
10.31,0.03870989361017207,-0.14364324689364336,1.0310000000000001,1.8715262028629358,0.5691425276765703,9.903367326257998,0.13872495612179564,0.0036601684904747807,0.11826153502554189,1.5941889084114103,0.6532623933456901,9.701693838487286,0.12328665928681634,0.04071855697725252,0.10000000000000009
10.32,0.03994199610288134,-0.14322968171199643,1.032,1.839048333491281,0.49812467438683916,9.962460965521183,0.15166583622397264,0.012430658889695675,0.10129268817308539,1.5959707833236343,0.6637851362052913,9.70180300187116,0.12313140719021169,0.041992642589593066,0.10000000000000009
10.33,0.0411725217539763,-0.1428033940418515,1.0330000000000001,1.7576022550442736,0.4326636961631699,10.049016907537194,0.15176479741506443,0.04260657270924702,0.12169622814925636,1.5975979804457836,0.6742504882873319,9.701914099243433,0.12297129407647725,0.0432629981726107,0.10000000000000009
10.34,0.04240142198441089,-0.14236442174854422,1.034,1.6458818924776835,0.6474876112779051,10.115099618891172,0.13445782166719883,0.016507019054476484,0.08993774839453422,1.5990699349036976,0.6846582464493318,9.702026992202413,0.12280632626660466,0.044529510885982226,0.09999999999998899
10.35,0.043628648279308395,-0.14191280382413185,1.035,1.7660879899113509,0.6904450467325245,10.018540282375378,0.11504870006924386,0.04295792946641283,0.1060611004048527,1.6003860973446635,0.6950082136908444,9.702141538873065,0.1226365102732576,0.04579206823072668,0.10000000000000009
10.36,0.04485415218987604,-0.14144858038392968,1.036,1.7829680482022563,0.7118319344624975,10.098165782916839,0.14115840283196304,0.034498469148018664,0.11870415344835095,1.6015459340666438,0.7053001991046407,9.702257593975968,0.12246185280049005,0.047050558059197334,0.10000000000001119
10.370000000000001,0.046077885335318196,-0.1409717926629479,1.0370000000000001,1.7830011746941024,0.6121526399805587,9.897703009096508,0.12314257302140941,0.029328724044766226,0.12105071128075842,1.6025489271461186,0.7155340178277578,9.702375008897997,0.12228236074344478,0.04830486858504318,0.10000000000000009
10.38,0.047299799404744935,-0.14048248301222882,1.038,1.8587546267752713,0.6576935367140049,10.004127879892476,0.1145344586603177,0.019152483125810547,0.11305355997225108,1.6033945745645002,0.7257094909924089,9.702493631764682,0.12209804118816954,0.04955488839315514,0.10000000000000009
10.39,0.04851984615908159,-0.1399806948950848,1.0390000000000001,1.9680562553666612,0.728374088715962,10.056833943276837,0.11788579157302159,0.029395638870374993,0.10028023820158048,1.6040823903330954,0.7358264456768289,9.702613307514197,0.12190890141130228,0.05080050644955397,0.10000000000000009
10.4,0.04973797743297098,-0.13946647288323774,1.04,1.8191304314323802,0.5769174699071598,9.878657494076753,0.1414654003867546,0.03484465813382898,0.11955143036305173,1.6046119046165606,0.745884714856009,9.702733877972962,0.12171494887973956,0.05204161211124214,0.10000000000000009
10.41,0.05095414513667638,-0.13893986265285996,1.0410000000000001,1.7919222820111018,0.726944973129108,9.912377908862522,0.15671330232289588,0.04899669652479595,0.09614476568794705,1.6049826638548337,0.7558841373524183,9.702855181932849,0.12151619125041375,0.053278095136025105,0.10000000000000009
10.42,0.052168301257979256,-0.13840091098051724,1.042,1.7868252910444502,0.6713811798953504,10.090452052594319,0.13678777855814767,0.021503528945766757,0.1322957697021107,1.6051942308834997,0.7658245577866788,9.702977055229896,0.12131263636993538,0.05450984569233541,0.09999999999998899
10.43,0.053380397864075085,-0.13784966573901325,1.043,1.8171542784618715,0.7322384479386539,9.873496468134238,0.1392062223356744,0.032181511955472974,0.10466923018598928,1.6052461850525386,0.7757058265282532,9.70309933082457,0.12110429227428395,0.05573675436897629,0.10000000000000009
10.44,0.054590387103464935,-0.1372861758931377,1.044,1.7391007322688474,0.6853458687666666,9.844377807675938,0.15366234418013233,0.03808850300918171,0.08303011223988731,1.6051381223434484,0.785527799646145,9.703221838883499,0.1208911671885464,0.05695871218482362,0.10000000000001119
10.450000000000001,0.05579822120784601,-0.13671049149531678,1.0450000000000002,1.8151546530680924,0.7848730528605217,10.073008141701125,0.11249242049743118,0.04846346871095133,0.08816808282178008,1.60486965548469,0.7952903388596608,9.703344406862628,0.12067326952651877,0.05817561059851262,0.10000000000000009
10.46,0.05700385249399531,-0.13612266368116746,1.046,1.8416479857547081,0.7084897486226556,10.047479897312812,0.14338278592090442,0.025925218614300506,0.10653615182367906,1.6044404140654107,0.8049933114892107,9.703466859591826,0.12045060789041828,0.05938734151808012,0.10000000000000009
10.47,0.05820723336565438,-0.13552274466495517,1.0470000000000002,1.8196402870957977,0.5814337074797182,9.985827797946284,0.1351878155401733,0.020965833647066626,0.10797964912969361,1.6038500446474369,0.814636590407231,9.703589019360814,0.1202231910705804,0.060593797310590225,0.10000000000000009
10.48,0.05940831631540692,-0.13491078773495566,1.048,1.8391491859088844,0.8263596705916127,9.947015378806762,0.14371489233900225,0.05196967438249183,0.13523981975097618,1.603098210875466,0.8242200539891862,9.703710706006483,0.1199910280450224,0.061794870811668345,0.10000000000000009
10.49,0.06060705392655483,-0.1342868472487218,1.0490000000000002,1.8356198487821949,0.6438159474356362,9.914814667497696,0.12793931992028754,0.020186822077248274,0.09001157570029515,1.602184593585452,0.8337435860647137,9.703831737001464,0.11975412797912595,0.06299045533501996,0.10000000000000009
10.5,0.06180339887498944,-0.13365097862825526,1.05,1.6589345864757263,0.8289573461366634,9.969665740174035,0.12279126343749401,0.06338229495767332,0.10617465976885293,1.6011088909111297,0.8432070758689062,9.703951927544,0.11951250022530016,0.06418044468191608,0.09999999999998899
10.51,0.06299730393106083,-0.1330032383550835,1.051,1.8500230391479782,0.7298580571059473,10.071982274150981,0.13696988946790306,0.04306135455300285,0.08965805960375603,1.5998708183886556,0.852610417993773,9.704071090649009,0.11926615432262186,0.06536473315061075,0.10000000000000009
10.52,0.06418872196144187,-0.13234368396524304,1.052,1.7427541028557925,0.8406108692549238,9.966129595069804,0.15950106662798338,0.023152182191402637,0.09823553663548115,1.598470109059321,0.8619535123398742,9.70418903724034,0.11901509999637794,0.0665432155457571,0.10000000000000009
10.53,0.06537760593098839,-0.13167237404416834,1.053,1.7075177464533104,0.8459877279685122,10.120973489557212,0.1473371427516816,0.04046864390812185,0.13089914433260533,1.5969065135702945,0.8712362640681536,9.704305576244188,0.1187593471577729,0.06771578718775123,0.10000000000000009
10.540000000000001,0.06656390890459733,-0.13098936822148802,1.054,1.7046429296581003,0.7981453958390907,9.874741965097417,0.1264803678433834,0.05459464253875114,0.08868383936895723,1.5951798002733864,0.8804585835520068,9.704420514683603,0.11849890590349896,0.06888234392198739,0.10000000000001119
10.55,0.06774758404905837,-0.1302947271657286,1.0550000000000002,1.8240405309659375,0.8131886623750254,9.945274060182745,0.113780248880457,0.04197474031157519,0.11448611736494127,1.593289755321773,0.8896203863295602,9.704533657774054,0.1182337865153045,0.07004278212813797,0.10000000000000009
10.56,0.06892858463490342,-0.12958851257892526,1.056,1.7694010117230143,0.8150013661389699,9.916169232301181,0.10839362582536136,0.05141579349324855,0.11164906593668347,1.5912361827646555,0.8987215930562172,9.704644809020037,0.1179639994596686,0.07119699872938645,0.10000000000000009
10.57,0.07010686403825174,-0.12887078719114087,1.0570000000000002,1.651040471249018,0.6278085007423784,9.86008759146776,0.1528901926630036,0.06339784792407799,0.10536388602065082,1.5890189046398189,0.9077621294574638,9.704753770312646,0.1176895553873375,0.07234489120154647,0.10000000000000009
10.58,0.07128237574265017,-0.12814161475489433,1.058,1.8204576385885518,0.806608260343854,9.933292002804814,0.11845952624710115,0.050331035110526626,0.1134965529974371,1.5866377610640638,0.9167419262819501,9.704860342028102,0.11741046513286807,0.07348635758216565,0.09999999999998899
10.59,0.0724550733409091,-0.12740106003949755,1.059,1.663999410019776,0.7177510141776345,9.979544654765931,0.12725922544516538,0.0403728349347072,0.08821711643795818,1.5840926103214623,0.9256609192548604,9.704964323127168,0.11712673971426488,0.07462129647960308,0.10000000000000009
10.6,0.07362491053693547,-0.12664918882530227,1.06,1.788622909905125,0.8301113920857136,9.987094243328986,0.1517250224704607,0.050991698055279845,0.13044074840414382,1.5813833289494204,0.9345190490316009,9.705065511255425,0.11683839033254026,0.0757496070820124,0.10000000000000009
10.61,0.0747918411475599,-0.1258860678978573,1.061,1.7933128089262667,0.7329980298664771,10.120220769741362,0.10755959944857917,0.07792007729904729,0.13455882035393762,1.5785098118225023,0.9433162611517921,9.70516370284436,0.1165454283712411,0.07687118916633179,0.10000000000000009
10.620000000000001,0.07595581910436029,-0.12511176504197563,1.062,1.84084443317308,0.7392672208102398,9.984729937242655,0.15380453870457778,0.08314249760090459,0.10636931861344025,1.5754719722339825,0.9520525059935944,9.705258693213224,0.11624786539597004,0.07798594310715126,0.10000000000001119
10.63,0.07711679845547931,-0.12432634903571428,1.0630000000000002,1.9111604394976642,0.9707236823907786,10.040387389577127,0.1272942026910409,0.028716435124569673,0.14194964074740066,1.5722697419751062,0.9607277387283646,9.70535027667163,0.11594571315401425,0.07909376988557357,0.10000000000000009
10.64,0.07827473336744058,-0.12352988964426416,1.064,1.6583665317817196,0.9358812521707855,9.952216914690322,0.11371263050111906,0.07646553457008377,0.09967946587157452,1.568903071412014,0.9693419192756823,9.705438246622808,0.11563898357384167,0.08019457109804118,0.10000000000000009
10.65,0.07942957812695614,-0.12272245761375346,1.0650000000000002,1.7579315774830915,0.8592598593372037,10.079374821859263,0.12706538156114636,0.06504917491716196,0.11153047284239848,1.5653719295602944,0.9778950122587066,9.705522395667519,0.11532768876459584,0.08128824896500367,0.10000000000000009
10.66,0.0805812871427325,-0.12190412466496409,1.066,1.7359547179085255,0.8833020460409132,10.137271612247957,0.11966533558794054,0.07632822867754462,0.12709151519337694,1.5616763041571597,0.9863869869599229,9.705602515708545,0.11501184101567752,0.08237470633966834,0.09999999999998899
10.67,0.08172981494726969,-0.12107496348696009,1.067,1.789326858827134,0.8573403921346789,9.989237228039526,0.1366848665896747,0.05522460143998244,0.09882756815700086,1.5578162017311696,0.9948178172772504,9.70567839805577,0.1146914527962152,0.08345384671662459,0.10000000000000009
10.68,0.0828751161986568,-0.1202350477306316,1.068,1.7669035151825532,0.9304564535373105,9.86663647235599,0.11994949101906201,0.03799973061956993,0.08514698675810314,1.553791647669515,1.003187481680538,9.705749833531709,0.1143665367545732,0.08452557424038637,0.10000000000000009
10.69,0.08401714568236116,-0.11938445200215236,1.069,1.7180875445140855,0.839990874211344,9.902662796135084,0.10066263340187569,0.07428255715154199,0.0816067049213256,1.549602686282804,1.0114959631684426,9.70581661257753,0.11403710571789433,0.0855897937139076,0.10000000000000009
10.700000000000001,0.08515585831301468,-0.11852325185635344,1.07,1.707849257095575,0.9806436897545808,9.970851079107188,0.12572816745612647,0.05232386849487952,0.13667012576776977,1.5452493808673424,1.0197432492257148,9.705878525359498,0.11370317269153579,0.08664641060704553,0.10000000000001119
10.71,0.08629120913619187,-0.11765152379001145,1.0710000000000002,1.6508110352889342,0.8898192259964072,9.98665481309586,0.10838333090852169,0.04679297638185311,0.09788911235767411,1.5407318137648447,1.0279293317808609,9.70593536187576,0.11336475085859526,0.08769533106499638,0.10000000000000009
10.72,0.08742315333018659,-0.11676934523505351,1.072,1.8128176797432454,0.8840788408581511,10.00532522775359,0.13138200116167,0.049000314900371184,0.10300847916222354,1.536050086419589,1.036054207164237,9.705986912063473,0.11302185357941891,0.0887364619165873,0.10000000000000009
10.73,0.08855164620778025,-0.11587679455167971,1.0730000000000002,1.7664008000158122,0.9264171701661257,9.987070580493317,0.11003931842696571,0.07880608700374518,0.08924688635879978,1.531204319432957,1.044117876066528,9.706032965906209,0.11267449439099422,0.08976971068255582,0.10000000000000009
10.74,0.08967664321800647,-0.1149739510214024,1.074,1.7994467906378449,0.8860860526244931,9.951137657954426,0.1201907979841005,0.07291069434558406,0.12032715788801261,1.5261946526153443,1.0521203434976476,9.706073313541584,0.11232268700645393,0.09079498558375379,0.09999999999998899
10.75,0.09079809994790933,-0.11406089484000463,1.075,1.695032362975359,0.9667668112605318,9.900967040090569,0.12975042991828672,0.08344454773744582,0.09421708616262042,1.5210212450354113,1.060061618746044,9.706107745369076,0.11196644531454927,0.09181219554933867,0.10000000000000009
10.76,0.09191597212429746,-0.11313770711041563,1.076,1.6627595954329812,0.90532429322875,9.983564373531012,0.12350133486277216,0.0827693902150014,0.09872581227279735,1.5156842750666415,1.0679417153384305,9.706136052157976,0.11160578337911578,0.09282125022485738,0.10000000000000009
10.77,0.09303021561549164,-0.11220446983550748,1.077,1.62151508508964,0.9925432718421364,10.101805693312947,0.13010394955034776,0.0673796519682229,0.11058774346624739,1.5101839404311956,1.0757606509999225,9.706158025155458,0.11124071543844802,0.09382205998022877,0.10000000000000009
10.78,0.09414078643306642,-0.11126126591081105,1.078,1.7295497593580518,1.060289183165434,10.0360238681611,0.13619411399930556,0.07346185163901754,0.090405281430766,1.5045204582410188,1.0835184476145876,9.70617345619465,0.11087125590480904,0.09481453591776157,0.10000000000001119
10.790000000000001,0.09524764073358782,-0.11030817911715225,1.0790000000000002,1.6105715788237076,0.9133443191544796,9.998152492843392,0.1082989515784065,0.06785244710845155,0.10374875269515296,1.4986940650361884,1.0912151311864242,9.706182137802754,0.1104974193638357,0.09579858987996959,0.10000000000000009
10.8,0.09635073482034313,-0.10934529411321166,1.08,1.835671533409495,0.9709480211854988,10.03607465702578,0.12439473627316135,0.07333058267617651,0.1273975064667913,1.4927050168204858,1.0988507318007366,9.706183863309096,0.11011922057393292,0.09677413445748906,0.10000000000000009
10.81,0.09745002514506648,-0.10837269642800247,1.0810000000000002,1.5780743822082162,1.0257022648597462,9.924790664606716,0.075095541380366,0.06298219782285368,0.11270718957708627,1.4865535890941222,1.1064252835859332,9.706178426953084,0.10973667446575672,0.0977410829968467,0.10000000000000009
10.82,0.09854546830965827,-0.10739047245327472,1.082,1.6987063931739361,0.9607076043110917,9.91403076866352,0.12850312310519132,0.08433588511553433,0.10831448993697436,1.4802400768836677,1.113938824675735,9.706165623992026,0.10934979614158555,0.09869934960806404,0.09999999999998899
10.83,0.0996370210678982,-0.10639870943584119,1.083,1.793828776648077,1.0407776575723569,9.89514695728367,0.12002890844620702,0.09555712038856604,0.10961102139321648,1.473764794769104,1.1213913971717828,9.706145250808797,0.10895860087469372,0.09964884917236794,0.10000000000000009
10.84,0.10072464032715214,-0.10539749546982737,1.084,1.7104095231196146,1.0565136898183156,9.945286309862023,0.10947487990761534,0.0680492757754768,0.10055642947789464,1.4671280769079966,1.1287830471066485,9.706117105019217,0.10856310410879838,0.10058949734969985,0.10000000000000009
10.85,0.10180828315007416,-0.1043869194888472,1.085,1.6698865289464384,1.1051924320336646,9.9208004277432,0.12857518990154768,0.10035362328519222,0.13656750439273435,1.4603302770567845,1.1361138244072537,9.706080985579217,0.10816332145744817,0.10152121058624869,0.10000000000000009
10.86,0.1028879067563011,-0.10336707125810239,1.086,1.5725821663426591,0.9787585801004486,10.0509404756082,0.14088508012646814,0.08363028619661103,0.09457428529598094,1.4533717685891219,1.1433837828586688,9.70603669289163,0.10775926870338973,0.10244390612188722,0.10000000000001119
10.870000000000001,0.10396346852414196,-0.10233804136640945,1.0870000000000002,1.5324465016836295,0.9581203474034513,9.917372715807753,0.11581736997430017,0.08635464778932747,0.10998126358494997,1.4462529445113037,1.1505929800683103,9.705984028912662,0.10735096179790224,0.10335750199743365,0.10000000000000009
10.88,0.10503492599225915,-0.10129992121815372,1.088,1.6979787352695674,1.018025890255447,9.890241297192398,0.10851965894150319,0.05814840910796317,0.10880263694064057,1.4389742174747266,1.157741477430504,9.705922797257903,0.10693841686024719,0.10426191706202903,0.10000000000000009
10.89,0.1061022368613469,-0.10025280302516887,1.0890000000000002,1.7490503002297735,0.9725312028402459,10.11044170438459,0.12457808236738482,0.05749545352224431,0.1223253438861176,1.4315360197853622,1.1648293400914456,9.705852803307925,0.10652165017700915,0.1051570709802975,0.10000000000000009
10.9,0.10716535899579933,-0.09919677979854777,1.09,1.5856376377168697,1.1012655820604178,9.919727970125976,0.10173676584567105,0.08763151129394645,0.12371247121281295,1.4239388034102554,1.1718566369145036,9.705773854313348,0.10610067820141095,0.10604288423948297,0.09999999999998899
10.91,0.10822425042537512,-0.09813194534037921,1.091,1.5225860882790954,0.9692161511533375,9.969387613179634,0.11148439915574941,0.09827371708746392,0.10674482740724163,1.4161830399809898,1.1788234404458997,9.705685759499366,0.10567551755271826,0.10691927815655033,0.10000000000000009
10.92,0.1092788693468537,-0.09705839423541676,1.092,1.4103138339668355,1.2558382515597386,9.99319333111177,0.13940082539044618,0.07712203829617555,0.11156232977333108,1.4082692207941467,1.1857298268807248,9.70558833016968,0.10524618501554506,0.10778617488512304,0.10000000000000009
10.93,0.11032917412568602,-0.09597622184267675,1.093,1.5209888947034305,1.1788555131037495,9.866075136737928,0.1214699923433058,0.11306286471926702,0.112231875774526,1.4001978568087075,1.192575876029307,9.705481379809811,0.10481269753919026,0.10864349742240251,0.10000000000000009
10.94,0.1113751232976375,-0.09488552428696871,1.094,1.579976773083607,1.083849596645968,10.054171138969274,0.09191847252682306,0.1001438539343008,0.07324107026898773,1.3919694786404133,1.1993616712838977,9.705364724189689,0.10437507223701181,0.1094911696160529,0.10000000000001119
10.950000000000001,0.11241667557042626,-0.09378639845035569,1.0950000000000002,1.710117757491524,1.1586306027256126,10.005963750935884,0.09271982561356398,0.0763432603916865,0.0834245701960831,1.3835846365530395,1.2060872995856957,9.705238181465576,0.10393332638569328,0.11032911617092911,0.10000000000000009
10.96,0.11345378982535137,-0.09267894196355013,1.096,1.6268701235907053,0.964672407073452,10.080946870814179,0.121654353090122,0.09137203446065398,0.09819485593923295,1.3750439004466064,1.2127528513921586,9.70510157228116,0.10348747742459641,0.11115726265576303,0.10000000000000009
10.97,0.11448642511891818,-0.09156325319724043,1.0970000000000002,1.5862424113279459,1.305368957368846,9.902129565954104,0.1316296458967057,0.1287890058527173,0.0988018109652429,1.3663478598424792,1.2193584206446364,9.704954719867892,0.10303754295510476,0.11197553550982564,0.10000000000000009
10.98,0.11551454068445347,-0.09043943125335362,1.098,1.5197682484223518,1.0617522935794281,9.965916507633386,0.0939828495067365,0.0739242939979539,0.08910250591728619,1.3574971238653732,1.2259041047362718,9.704797450144428,0.10258354073985204,0.11278386204936139,0.09999999999998899
10.99,0.11653809593371522,-0.0893075759562532,1.099,1.4951742544229016,1.1046622186768356,9.962104360847958,0.12450282583299149,0.10129954255038841,0.1181521102406008,1.3484923212222517,1.2323900044801845,9.704629591815191,0.10212548870205604,0.11358217047413022,0.10000000000000009
11.0,0.11755705045849459,-0.08816778784387101,1.1,1.645459651436125,0.9713156428349009,9.980104989624637,0.13716684572736304,0.08925455572149155,0.10686055094787339,1.3393341001780756,1.2388162240779126,9.704450976468,0.10166340492482606,0.1143703898737837,0.10000000000000009
11.01,0.11857136403221175,-0.08702016815877753,1.101,1.5387302025628904,1.1661607585978624,9.843496563358036,0.14508266961453092,0.10546117277549484,0.10355282781154863,1.3300231285284472,1.2451828710881048,9.704261438670699,0.10119730765045798,0.11514845023410936,0.10000000000000009
11.02,0.11958099661150375,-0.08586481883918883,1.102,1.3455320351880131,1.0454190880210104,9.970293219060549,0.12130583008490242,0.11480697278744462,0.08809484255641456,1.3205600935691009,1.251490056395446,9.704060816066795,0.10072721527965567,0.11591628244329646,0.10000000000000009
11.03,0.12058590833780486,-0.0847018425099116,1.103,1.4502422135304487,1.1471250451713917,9.847546803167296,0.12327318151929646,0.09081955483512219,0.10625119638134715,1.310945702062246,1.2577378941797972,9.703848949469986,0.10025314637086696,0.11667381829803675,0.10000000000000009
11.040000000000001,0.12158605953892108,-0.08353134247322809,1.104,1.4277891280075599,1.100624477824715,9.98974591249791,0.083210864989532,0.11410413914960242,0.06753085686803964,1.3011806801997707,1.2639265018855517,9.703625682957641,0.09977511963952523,0.11742099050959312,0.10000000000001119
11.05,0.12258141073059536,-0.08235342269971974,1.1050000000000002,1.443246829216699,1.0640225111208619,9.789570134265748,0.14623809468126622,0.13131735301257996,0.10439714679113757,1.2912657735632753,1.270056000191169,9.703390863963092,0.09929315395729027,0.11815773270983376,0.10000000000000009
11.06,0.12357192261806689,-0.08116818781903141,1.106,1.5230386341476025,1.0942836592840213,9.81168472834668,0.10557869809068675,0.09974309583234164,0.10784914611949885,1.2812017470809445,1.276126512978893,9.703144343366766,0.0988072683513544,0.11888397945706564,0.09999999999998899
11.07,0.12455755609762245,-0.07997574311057842,1.107,1.4582937603918456,1.181158315952552,10.025295180605678,0.0998045324607944,0.1111885728670734,0.11055850030894637,1.2709893849812703,1.282138167304626,9.702885975586094,0.09831748200366183,0.11959966624185484,0.10000000000000009
11.08,0.12553827225814013,-0.07877619449419432,1.108,1.451484101480732,1.06700408920602,9.915791446112026,0.1095810903262303,0.09138025374201185,0.08346236580652153,1.2606294907435935,1.2880910933679461,9.702615618664145,0.09782381425012115,0.12030472949274076,0.10000000000000009
11.09,0.12651403238262487,-0.07756964852072361,1.109,1.551615311597156,1.114420600835223,9.8810621436562,0.13556466071287743,0.10123924444309737,0.1101811725617931,1.2501228870454948,1.2939854244822477,9.70233313435699,0.0973262845798864,0.12099910658192534,0.10000000000000009
11.1,0.12748479794973785,-0.07635621236255581,1.11,1.3810818717910882,1.2316775477943296,10.063053532073718,0.14548951731685164,0.09905831630577451,0.09125164717639722,1.2394704157069953,1.2998212970450005,9.702038388219705,0.09682491263459242,0.12168273583084699,0.10000000000000009
11.11,0.12845053063531672,-0.07513599380410667,1.111,1.5757113141905221,1.3939912153913538,9.985946713496762,0.1137177356083607,0.11435707408614083,0.09460360370595128,1.2286729376316123,1.305598850508092,9.701731249691004,0.09631971820755342,0.12235555651560204,0.10000000000000009
11.120000000000001,0.12941119231388892,-0.07390910123224377,1.112,1.3605633157670571,1.2295703384960441,10.029686958665575,0.12636922025549877,0.12112734445075433,0.11753202683251776,1.2177313327442376,1.3113182273482544,9.701411592176493,0.09581072124295181,0.12301750887235424,0.10000000000001119
11.13,0.13036674506017576,-0.07267564362665958,1.1130000000000002,1.4121153068103005,1.1243497261607187,9.946045396914338,0.11149706660528748,0.10205711852124157,0.13692997413106966,1.2066464999258615,1.316979573037537,9.701079293130437,0.09529794183512214,0.12366853410264722,0.10000000000000009
11.14,0.13131715115059137,-0.07143573055019083,1.114,1.3702296512606766,1.1751949874781387,10.172405293791902,0.09483134647594252,0.1273067958652251,0.10764794607230532,1.1954193569451306,1.32258303601384,9.700734234136085,0.09478140022773224,0.12430857437867662,0.09999999999998899
11.15,0.1322623730647304,-0.07018947213908605,1.115,1.3928594215693626,1.2123525885641275,9.910906538356112,0.1321756712686006,0.12779300892336992,0.09462810323761567,1.184050840386746,1.3281287676514442,9.70037630098446,0.09426111681294508,0.12493757284837634,0.10000000000000009
11.16,0.13320237348685027,-0.0689369790932233,1.116,1.4077232469751757,1.187222631111748,10.097936977545018,0.10010353365702798,0.11813033948341536,0.1099148345766336,1.1725419055767263,1.33361692223157,9.700005383751618,0.09373711213067626,0.12555547364046654,0.10000000000000009
11.17,0.13413711530734393,-0.06767836266627672,1.117,1.394873419626877,1.2932803318752695,9.953161200007145,0.13190994505829365,0.09832990619253394,0.12122434735587165,1.160893526504514,1.3390476569129048,9.699621376874312,0.09320940686772944,0.12616222186940182,0.10000000000000009
11.18,0.13506656162420486,-0.06641373465583526,1.118,1.2875365717994953,1.2436414005563352,9.825391031001573,0.12772365545626532,0.09740290414071429,0.11633327124433468,1.1491066957419576,1.3444211317021049,9.699224179224048,0.09267802185699142,0.1267577636402957,0.10000000000000009
11.19,0.13599067574448376,-0.0651432073934708,1.119,1.2438997785761092,1.3046462585449146,9.9949895559852,0.11683243861535683,0.09469389547395513,0.1482194590832792,1.1371824243591453,1.3497375094242439,9.698813694179522,0.09214297807665084,0.1273420460537203,0.10000000000000009
11.200000000000001,0.13690942118573787,-0.06386689373476086,1.12,1.5207726811191564,1.210434666450156,9.979324904261714,0.13472325395658902,0.12170486007835991,0.09620107557398004,1.1251217418371358,1.3549969556931962,9.69838982969734,0.09160429664930025,0.12791501721029844,0.10000000000001119
11.21,0.13782276167746976,-0.06258490704926484,1.1210000000000002,1.268248697315989,1.3461238494827583,9.87155408202741,0.1401672476641258,0.08980656723307762,0.11061285283145708,1.112925695977582,1.360199638881918,9.697952498381062,0.09106199884115623,0.12847662621543152,0.10000000000000009
11.22,0.138730661162561,-0.06129736121045223,1.122,1.3500482167335452,1.2320888264795251,9.881831885549728,0.10359353220579472,0.11876687812984765,0.12994760475454778,1.10059535280923,1.3653457300926408,9.697501617548511,0.09051610606123639,0.12902682318375844,0.09999999999998899
11.23,0.1396330837986945,-0.06000437058558967,1.123,1.1531674256662836,1.1727247132645595,9.951973814258894,0.09361331277766474,0.09308909042701172,0.12919647982908677,1.0881317964913673,1.370435403126917,9.697037109297298,0.08996663986044345,0.1295655592435916,0.10000000000000009
11.24,0.14052999395976987,-0.058706050025580395,1.124,1.248264973186834,1.4314461612512308,9.979768583502699,0.07751468026767852,0.12209595047477145,0.07793534441858262,1.0755361292141568,1.3754688344555333,9.696558900568588,0.08941362193074925,0.13009278654130435,0.10000000000000009
11.25,0.14142135623730948,-0.05740251485476358,1.125,1.2467073533515087,1.1159598694013013,9.752679180498022,0.13855699319273582,0.11045747757676444,0.10716885625333639,1.0628094710959393,1.380446203188248,9.696066923209012,0.0888570741043565,0.13060845824550657,0.10000000000000009
11.26,0.142307135441857,-0.05609388086067026,1.1260000000000001,1.2823579641993204,1.2070522067864993,10.036241206219833,0.0976732673425764,0.13074773698353048,0.12935502432289286,1.049952960077473,1.3853676910433574,9.69556111403076,0.08829701835283699,0.13111252855126895,0.10000000000000009
11.27,0.14318729660436622,-0.0547802642837382,1.127,1.0149417676557526,1.2210674419687821,9.912938939215083,0.12070663350605154,0.1284859595867465,0.15044115156199522,1.0369677518131435,1.3902334823170455,9.695041414869793,0.08773347678621563,0.13160495268412717,0.09999999999998899
11.28,0.1440618049775813,-0.05346178180698772,1.128,1.2340225161517528,1.4761405060071497,9.844609118896253,0.09200940458149742,0.13341838217243848,0.11775551112522441,1.0238550195591647,1.3950437638525146,9.694507772642162,0.08716647165215585,0.1320856869041348,0.10000000000001119
11.290000000000001,0.14493062603740933,-0.052138550545655506,1.1290000000000002,1.1155910282386199,1.4256413121752098,10.026025668919145,0.1254662509194974,0.1343321357774917,0.1016538095495907,1.01061595405876,1.3997987250088808,9.69396013939839,0.08659602533505201,0.13255468850969926,0.10000000000001119
11.3,0.14579372548428235,-0.050810688036793734,1.1300000000000001,1.2185768144470863,1.4045038611118312,9.948215266563475,0.09133330123819906,0.11513753986162771,0.09191429300331372,0.9972517634243923,1.4044985576297981,9.693398472375947,0.08602216035513421,0.13301191584137276,0.09999999999998899
11.31,0.14665106924451202,-0.04947831222882805,1.131,1.0961590657927194,1.2651543571891535,10.045436240790899,0.08328075267951204,0.09585305080370969,0.14027857475867203,0.9837636730169979,1.409143456011813,9.692822734049713,0.08544489936762045,0.13345732828561815,0.10000000000000009
11.32,0.14750262347163476,-0.04814154147108137,1.1320000000000001,1.0975216274128639,1.4917805644555302,9.984860767562903,0.09758135224807567,0.09786860024894194,0.1177945357031302,0.9701529253222998,1.4137336168724128,9.692232892180494,0.0848642651617923,0.13389088627828935,0.10000000000000009
11.33,0.14834835454774786,-0.04680049450326226,1.133,1.1299334913341639,1.3321815363535363,9.949669214326878,0.09209976082178932,0.08262659699378352,0.09402988939268943,0.9564207798241988,1.4182692393177632,9.691628919861495,0.08428028066008175,0.1343125513082584,0.10000000000000009
11.34,0.1491882290848364,-0.0454552904449162,1.1340000000000001,1.0539805573799634,1.3852768859616105,9.937389830055105,0.10847246326627502,0.09796668471203597,0.1038148112314843,0.9425685128752391,1.4227505248101047,9.69101079556279,0.08369296891719835,0.13472228592082378,0.10000000000000009
11.35,0.15002221392609183,-0.04410604878484579,1.135,1.0836208178131517,1.3265806686406167,9.9877191320126,0.09815931474939943,0.11566035434958555,0.1114871171821497,0.92859741756422,1.4271776771348015,9.69037850317372,0.08310235311921182,0.13512005372098776,0.09999999999998899
11.36,0.15085027614722063,-0.04275288937049645,1.136,1.0118824231884507,1.3146677998741916,9.914698205314101,0.10782916282283926,0.10669726841613159,0.11502492467325433,0.9145088035809341,1.4315509023670132,9.68973203204325,0.08250845658263062,0.13550581937670328,0.10000000000001119
11.370000000000001,0.15167238305774444,-0.04139593239731172,1.1370000000000002,0.946090966044104,1.3047938914391157,9.878082182589235,0.09350762988968968,0.11274256734067473,0.0934277653024366,0.9003039970780854,1.435870408837983,9.689071377018205,0.08191130275344849,0.1358795486220088,0.10000000000001119
11.38,0.1524885022022896,-0.04003529839805627,1.1380000000000001,1.1593113945437152,1.312283958719187,9.995246615444698,0.08726216609597105,0.12319721549908695,0.09768172451878224,0.8859843405303862,1.4401364071009077,9.688396538479449,0.08131091520627992,0.136241208260136,0.09999999999998899
11.39,0.15329860136187004,-0.038671108232109,1.139,0.9599655894912877,1.3806545675353068,9.933673673650098,0.08783604902601384,0.11152615206266835,0.08214733136546722,0.8715511925908686,1.4443491098964005,9.6877075223759,0.08070731764341366,0.13659076616639695,0.10000000000000009
11.4,0.15410264855515787,-0.03730348307472833,1.1400000000000001,1.034202394828934,1.3654336207189637,9.94764077435035,0.12678781605662237,0.09971423424927527,0.12241212761153879,0.8570059279444515,1.4485087321174956,9.687004340256449,0.08010053389383431,0.1369281912910393,0.10000000000000009
11.41,0.15490061203974673,-0.035932544406288215,1.141,1.0944903673272763,1.3358706741032969,10.032452359428019,0.09901027239320435,0.11603660776279758,0.10175148956742688,0.8423499371587643,1.452615490774203,9.68628700929971,0.07949058791233699,0.13725345366198613,0.10000000000000009
11.42,0.1556924603134046,-0.03455841400148861,1.1420000000000001,0.9705508108260028,1.464588949366478,9.935904585285986,0.06517256960100763,0.10368502419160949,0.11390196362502071,0.8275846265322804,1.4566696049575873,9.685555552341611,0.07887750377854469,0.13756652438755185,0.10000000000000009
11.43,0.15647816211531762,-0.03318121391853718,1.143,0.9399611814128507,1.110955020608527,9.946818099263611,0.0863612089792104,0.11346226202660982,0.12837561001668896,0.8127114179397519,1.4606712958033528,9.684809997900834,0.07826130569595496,0.13786737565901103,0.09999999999998899
11.44,0.1572576864273237,-0.03180106648830839,1.144,1.0096160818571756,1.3929378213466086,9.89915624132584,0.09498058216866472,0.13809033585472688,0.1103208151743302,0.7977317486750224,1.4646207864549234,9.684050380202033,0.0776420179910281,0.13815598075301427,0.10000000000001119
11.450000000000001,0.15803100247513818,-0.030418094303476893,1.1450000000000002,1.0667561003204176,1.4140371980377167,9.979537451538782,0.1206711924745301,0.11394557811130517,0.10557008367741634,0.782647071291206,1.4685183020260042,9.68327673919689,0.07701966511217129,0.13843231403397535,0.10000000000001119
11.46,0.15879807972956714,-0.029032420207628883,1.1460000000000001,0.867299647824955,1.4525136139841421,9.972422392418464,0.10794483033527778,0.14480309534491137,0.10997625406722478,0.7674588534382967,1.4723640695625928,9.682489120582945,0.07639427162880186,0.13869635095634814,0.09999999999998899
11.47,0.15955888790771422,-0.02764416728434993,1.147,0.9329286441653764,1.359502100380937,10.01728525211263,0.07808897548813565,0.13982059640458205,0.10805982132548603,0.7521685776982039,1.476158318004458,9.681687575820229,0.07576586223040638,0.13894806806687282,0.10000000000000009
11.48,0.16031339697417527,-0.026253458846291426,1.1480000000000001,0.7916454693230003,1.3839273726877444,9.897966012107112,0.1275998354059707,0.10980171159464723,0.12591648893826324,0.7367777414172687,1.4799012781460326,9.680872162145649,0.07513446172550953,0.1391874430065934,0.10000000000000009
11.49,0.1610615771422244,-0.024860418424218062,1.149,0.8824941052639895,1.4494738424965043,9.906428126274342,0.09030328441584247,0.1021490285670751,0.11188747570354281,0.7212878565362996,1.48359318259674,9.680042942585173,0.07450009504070959,0.13941445451284337,0.10000000000000009
11.5,0.16180339887498946,-0.02346516975603456,1.1500000000000001,0.900621507620845,1.4922772319457451,10.005453864470265,0.10868677682630318,0.11833998777000836,0.09903184730686368,0.7057004494181378,1.4872342657407174,9.679199985963763,0.07386278721971534,0.1396290824211218,0.10000000000000009
11.51,0.16253883288661872,-0.022067836775795626,1.151,0.8132711651352201,1.3496020900542498,9.963456265781451,0.07188750038751213,0.13676564583217746,0.12312553920593278,0.6900170606728114,1.4908247636959402,9.678343366913055,0.07322256342236627,0.13983130766693722,0.09999999999998899
11.52,0.16326785014343678,-0.020668543602695814,1.152,0.8303927437312875,1.398166881370614,9.86993039343052,0.05259294210806782,0.11251858252381725,0.12587420017083403,0.6742392449802753,1.4943649142727233,9.677473165876828,0.07257944892358481,0.14002111228750036,0.10000000000000009
11.53,0.1639904218650904,-0.01926741453004562,1.153,0.7372516205559371,1.516280501404988,10.047965760876828,0.06675489077973985,0.1336071218815277,0.08750568366396218,0.65836857091082,1.4978549569315907,9.676589469114187,0.07193346911243542,0.14019847942326694,0.10000000000001119
11.540000000000001,0.1647065195256855,-0.017864574014230476,1.1540000000000001,0.8402707944916229,1.216536124639881,9.806843576351305,0.0383995269828559,0.13835080807181702,0.13051648495427368,0.6424066207431438,1.5012951327405069,9.675692368700512,0.07128464949110042,0.14036339331944953,0.10000000000000009
11.55,0.16541611485491242,-0.016460146663656628,1.155,0.9011716895898909,1.3342360109470004,10.004683923876836,0.11813820454108025,0.10886929445669988,0.11295739959625045,0.6263549902801553,1.5046856843314487,9.67478196252615,0.070633015673853,0.14051583932741582,0.10000000000000009
11.56,0.16611917983916255,-0.01505425722768216,1.1560000000000001,0.7123503907612161,1.5098264154678418,9.839709172945078,0.0889799565898778,0.11059215793616815,0.11189551197964431,0.610215288662513,1.5080268558563212,9.673858354292856,0.06997859338608997,0.14065580390605634,0.10000000000000009
11.57,0.16681568672263422,-0.013647030585535501,1.157,0.7340011300382381,1.4833068594446392,10.089791911292481,0.07129958658739048,0.13148484848170466,0.12269477135146331,0.5939891381799539,1.511318892942194,9.672921653507958,0.06932140846329093,0.14078327462292134,0.10000000000000009
11.58,0.16750560800842837,-0.012238591735223733,1.1580000000000001,0.8069905908301446,1.4396580150680751,9.815388989339217,0.09130667722687465,0.12321968978300549,0.09899196942143743,0.5776781740804633,1.5145620426458586,9.6719719754763,0.0686614868499788,0.14089824015531116,0.10000000000000009
11.59,0.1681889164596338,-0.010829065782429278,1.159,0.8452543720146231,1.3663227494503587,10.031560834852353,0.08676699886258345,0.11076205510921537,0.12163751216749055,0.5612840443772976,1.5177565534076902,9.671009441289904,0.06799885459872895,0.1410006902913358,0.09999999999998899
11.6,0.16886558510040295,-0.009418577929397017,1.16,0.6120541141817172,1.3322080038895543,9.931513459865151,0.09248277987625389,0.11580978405763126,0.10166612663968586,0.5448084096539078,1.5209026750048174,9.670034177815388,0.0673335378691381,0.1410906159307555,0.10000000000000009
11.61,0.16953558721701656,-0.008007253463814168,1.161,0.7013868692167806,1.3575436195478288,9.90721292454891,0.10083270289627409,0.12013590777424032,0.08510942130111986,0.5282529428668215,1.524000658503577,9.669046317679154,0.06666556292677372,0.14116800908586805,0.10000000000001119
11.620000000000001,0.17019889635893842,-0.006595217747679656,1.1620000000000001,0.722436695474134,1.5323965516227014,9.949447980110193,0.0776923708796354,0.09775052971237226,0.09229981313411316,0.5116193291464737,1.5270507562112625,9.668045999250298,0.06599495614212358,0.14123286288216602,0.10000000000000009
11.63,0.17085548633985903,-0.005182596206170848,1.163,0.6733140557182982,1.3609559269230491,9.983942185317067,0.06822844319968059,0.1328812244254479,0.11576905616469858,0.4949092655961031,1.530053221627143,9.667033366621316,0.06532174398960477,0.1412851715589469,0.10000000000000009
11.64,0.17150533123873052,-0.0037695143165007174,1.1640000000000001,0.46704659629835965,1.421764950247711,9.86052482053858,0.09333076611641482,0.11434675617131776,0.09301095961674907,0.4781244610886604,1.5330083093927722,9.66600856958656,0.06464595304648546,0.14132493046989145,0.10000000000000009
11.65,0.17214840540078874,-0.002356097596773019,1.165,0.6903544914064839,1.3570779683908198,9.866528948236136,0.09249177208101843,0.07983130071321315,0.13126061411411646,0.4612666360618556,1.5359162752415492,9.664971763618464,0.06396760999182599,0.14135213608334346,0.10000000000000009
11.66,0.17278468343856704,-0.0009424715948338484,1.1660000000000001,0.7547019345274628,1.487300929959513,9.983892342594208,0.08145224045332893,0.1214514072034622,0.12494542154149442,0.44433752231133805,1.5387773759475603,9.663923109841567,0.06328674160546027,0.141366785982743,0.10000000000000009
11.67,0.17341414023289795,0.00047123812288184084,1.167,0.6248619935585249,1.3796406211589864,9.794327380157833,0.11187078429712749,0.11067075823304094,0.12717923040313492,0.4273388627820428,1.5415918692736712,9.662862775004312,0.06260337476690497,0.1413688788668279,0.09999999999998899
11.68,0.17403675093390514,0.0018849059825027095,1.168,0.5154723335843542,1.4163268914716791,9.883427619942386,0.07208208697689124,0.1471732444169383,0.1090594939286599,0.4102724113577848,1.544360013918886,9.661790931448646,0.061917536454302036,0.14135841454969614,0.10000000000000009
11.69,0.17465249096198399,0.0032984064138757633,1.169,0.5397171554582195,1.2926861280561142,10.171804129052871,0.0646130677113988,0.11300493198243283,0.11115883142677091,0.39313993264910707,1.5470820694649574,9.660707757077448,0.061229253743383394,0.1413353939608355,0.10000000000001119
11.700000000000001,0.1752613360087728,0.00471161386171942,1.1700000000000002,0.7063844710089611,1.3000866928792343,9.851725854079287,0.08366280248167461,0.10532948432255997,0.0893738730971922,0.3759432017794456,1.5497582963222585,9.659613435319743,0.0605385538063663,0.14129981914504117,0.10000000000000009
11.71,0.1758632620381113,0.006124402796776587,1.171,0.6185815947457265,1.4328354366585483,10.020361265043766,0.06656868810163462,0.12932726029118258,0.12235078896633679,0.35868400416964197,1.5523889556749,9.658508155093774,0.05984546391089307,0.1412516932623006,0.10000000000000009
11.72,0.17645824528699067,0.007536647726965432,1.1720000000000002,0.5788712950308829,1.3292187564650817,9.881824454549774,0.08335675872179127,0.11166686382152959,0.11332363749611524,0.34136413532083765,1.5549743094251136,9.657392110767907,0.05915001141898468,0.14119102058744648,0.10000000000000009
11.73,0.177046262266491,0.008948223208525516,1.173,0.536586618678524,1.6066813155469182,9.965804248161813,0.06282888414541951,0.1095700058753204,0.1160791941760218,0.3239854005958291,1.5575146201368781,9.656265502119398,0.05845222378591253,0.14111780650977634,0.10000000000000009
11.74,0.17762728976270892,0.010359003857160959,1.1740000000000002,0.43678119262002696,1.2774772326380144,9.975710341963978,0.06843907957849113,0.12872355158991342,0.13258043550180773,0.30654961499888317,1.5600101509788136,9.65512853429103,0.057752128559127036,0.14103205753256132,0.10000000000000009
11.75,0.17820130483767355,0.011768864359176743,1.175,0.4549615751336473,1.3806381346723895,10.014599215323683,0.10208924598334956,0.10526155078724804,0.09817230409647039,0.2890586029540962,1.5624611656663219,9.653981417745634,0.057049753377189094,0.14093378127252162,0.09999999999998899
11.76,0.1787682848302527,0.013177679482611391,1.176,0.4453973636128124,1.4473436807719604,9.908602752520071,0.06677568979715019,0.09890695190454449,0.10532813397972235,0.27151419808228705,1.5648679284029998,9.652824368218498,0.05634512596868063,0.14082298645914917,0.10000000000000009
11.77,0.17932820735704716,0.014585324088359726,1.177,0.479858874990032,1.419056320560914,10.081328015512186,0.06032007046701773,0.1466738589698434,0.11219885561131566,0.25391824297653215,1.5672307038213102,9.65165760666773,0.055638274151073586,0.1406996829338667,0.10000000000000009
11.78,0.17988105031327417,0.015991673141288725,1.178,0.541056630747846,1.3638488145444245,9.874573018787526,0.08912131575840601,0.12953910675733046,0.09311195717851856,0.2362725889763403,1.5695497569225223,9.65048135922251,0.054929225829671025,0.1405638816492331,0.10000000000000009
11.790000000000001,0.18042679187364058,0.017396601721344388,1.179,0.49130427476518423,1.377772790670487,9.939111714868076,0.05494393197736931,0.1167268211270335,0.10455490975214977,0.21857909594051791,1.571825353015931,9.649295857129328,0.0542180089964886,0.1404155946678502,0.10000000000001119
11.8,0.18096541049320394,0.01879998503464573,1.1800000000000002,0.27087786274095693,1.3788380977097188,9.93968113296551,0.059581821621429616,0.1204587182256743,0.11461894819268463,0.20083963201880856,1.5740577576573491,9.64810133669618,0.05350465172914154,0.1402548351614255,0.10000000000000009
11.81,0.1814968849082234,0.020201698424572898,1.181,0.38348727404319166,1.4387186637036153,9.829411363470731,0.07800351030041548,0.12802094161655392,0.10242228948522761,0.18305607342226082,1.576247236586892,9.646898039234749,0.05278918218975942,0.14008161740960076,0.10000000000000009
11.82,0.18202119413699913,0.021601617382837744,1.1820000000000002,0.4073700407106158,1.6214240863890534,9.893975624184693,0.08265078921769506,0.13477670670112624,0.12680913747671627,0.16523030419247825,1.5783940556660525,9.6456862110006,0.05207162862385928,0.13989595679855144,0.10000000000000009
11.83,0.1825383174807006,0.022999617560543927,1.183,0.3800358857072882,1.4730777135489839,9.926978517227537,0.08617054171134736,0.10853088787546075,0.08439268625298865,0.14736421596971802,1.5804984808140794,9.644466103131409,0.05135201935921874,0.13969786981974028,0.09999999999998899
11.84,0.1830482345241835,0.02439557477923255,1.184,0.26263055999252227,1.5660486226564967,9.876419544545433,0.05589106273569382,0.12510330376578382,0.12384432543087259,0.12945970775991156,1.5825607779436626,9.643237971583236,0.05063038280477966,0.13948737406837136,0.10000000000000009
11.85,0.1835509251367962,0.025789365041911354,1.185,0.5281246956546773,1.5146356690591025,10.105150328915608,0.07536252941822132,0.11179556218688302,0.11689172334656142,0.1115186857006536,1.5845812128959442,9.642002077064877,0.04990674744952406,0.13926448824189436,0.10000000000000009
11.86,0.184046369473174,0.027180864544070437,1.186,0.17474044247972648,1.5638661753468936,9.841775912439486,0.058723472034915555,0.11622699735469945,0.09845204027336346,0.09354306282617691,1.5865600513748548,9.6407586849703,0.04918114186134165,0.13902923213835702,0.10000000000000009
11.870000000000001,0.18453454797402302,0.028569949684678495,1.187,0.1714870637611346,1.2505076251017881,10.003163736338113,0.055917773599243756,0.12107419886459664,0.09321790993871049,0.07553475883139549,1.5884975588807924,9.639508065309217,0.04845359468588217,0.13878162665452703,0.10000000000001119
11.88,0.18501544136689163,0.029956497077160978,1.1880000000000002,0.25974907281883997,1.4520962303571294,9.976298065953554,0.08223319642534725,0.11831272536639453,0.07599624037756611,0.05749569983504865,1.590394000643654,9.638250492635784,0.0477241346454646,0.13852169378416793,0.10000000000000009
11.89,0.18548903066693231,0.031340383560361854,1.189,0.39341214703463173,1.5831036864694048,9.906312081035761,0.05530291232130956,0.1291776036074332,0.09523660454970717,0.03942781814194274,1.592249641555236,9.636986245975475,0.04699279053793359,0.13824945661602103,0.10000000000000009
11.9,0.1859552971776503,0.0327214862094814,1.1900000000000002,0.13878006624280204,1.4359210750817468,9.837254475988518,0.0670808490879358,0.12523335073314043,0.12281004305895521,0.02133305200442881,1.5940647461010078,9.635715608750138,0.04625959123549378,0.1379649393317521,0.10000000000000009
11.91,0.1864142224916422,0.034099682346996896,1.191,0.16648373036960684,1.6231625651928234,9.844020990470808,0.06442695726949042,0.09480050655975968,0.1062765105238874,0.0032133453830534564,1.5958395782912806,9.634438868701288,0.04552456568360369,0.13766816720385752,0.09999999999998899
11.92,0.18686578849132238,0.03547484955355855,1.192,0.254958840868588,1.6019724648786513,9.86194610564684,0.04528685702766195,0.09686031512132087,0.12459841513330427,-0.014929352293485743,1.5975744015917852,9.633156317811615,0.04478774289981419,0.13735916659335343,0.10000000000000009
11.93,0.18730997734963847,0.036846865678863965,1.193,0.14811640562880754,1.4495506439519368,9.760567460503628,0.07523439749530815,0.11129097488720348,0.09796945090115514,-0.03309308636909286,1.5992694788536714,9.631868252224795,0.04404915197262077,0.13703796494743542,0.10000000000000009
11.94,0.1877467715307748,0.03821560885250726,1.194,0.10651462632698773,1.4472607180881414,9.821927502684067,0.06835399651995173,0.14401048955106766,0.11772823352286879,-0.05127589720165199,1.6009250722429433,9.630574972163567,0.04330882206033532,0.1367045907971036,0.10000000000000009
11.950000000000001,0.18817615379084518,0.039580957494806036,1.195,0.15904013601175374,1.4073460082727094,9.781390298218097,0.029436897796220267,0.10326324729024562,0.09633244834142095,-0.06947582040504313,1.6025414431693572,9.62927678184616,0.04256678238990785,0.13635907375457756,0.10000000000001119
11.96,0.18859810717857295,0.04094279032759881,1.1960000000000002,0.11861546039900142,1.439248116479288,10.007424006589996,0.06269288890810663,0.11250405803454329,0.09250625851665299,-0.08769088709166684,1.604118852214784,9.627973989401056,0.04182306225578997,0.1360014445106656,0.10000000000000009
11.97,0.18901261503596098,0.04230098638501935,1.197,0.16162500789729367,1.3948508754932731,9.946444470882795,0.046276211336980844,0.10720215231683991,0.10533401828753737,-0.105919124115539,1.6056575590610738,9.626666906780155,0.04107769101879405,0.13563173483210345,0.10000000000000009
11.98,0.18941966099894883,0.04365542502424088,1.1980000000000002,0.1655272192110836,1.530409599288175,9.95756097145311,0.07358413912388799,0.10681858660056268,0.09708177916027572,-0.12415855431582162,1.6071578224174212,9.625355849670319,0.040330698104897034,0.13524997755860502,0.10000000000000009
11.99,0.18981922899805892,0.04500598593619145,1.199,0.06952844377778603,1.3814192078786935,9.940247411140366,0.03481468424200304,0.11745263219381238,0.0839305931217752,-0.14240719676079222,1.6086198999472687,9.624041137403406,0.03958211300409409,0.13485620660005845,0.10000000000000009
12.0,0.1902113032590307,0.04635254915624205,1.2000000000000002,0.04922701128922087,1.546906607437661,9.90723003244085,0.050158771300585325,0.13531704747696888,0.10429014740525824,-0.16066306699222116,1.6100440481947529,9.622723092864728,0.03883196526924121,0.13445045693350233,0.10000000000000009
12.01,0.19059586830344374,0.047694995074861496,1.201,0.024756844382946213,1.5510228662119754,10.008615099298101,0.059997124134104546,0.12061148041967384,0.10842331551537909,-0.17892417727007925,1.6114305225107335,9.62140204240005,0.038080284514895035,0.13403276459995478,0.09999999999998899
12.02,0.1909729089493286,0.04903320444824114,1.202,0.027714197838297108,1.3703112573221614,9.840226357378723,0.05462484379906028,0.10137126869847815,0.12596284089323542,-0.19718853681755905,1.6127795769784035,9.620078315721093,0.03732710041611936,0.1336031667012894,0.10000000000001119
12.030000000000001,0.19134241031176613,0.050367058408887284,1.2030000000000003,-0.025683424680639493,1.6285390130143336,9.896406244957005,0.06454093397505802,0.15418487084334942,0.12079634036193831,-0.21545415206636448,1.6140914643385222,9.618752245809631,0.036572442707327735,0.13316170139682607,0.10000000000001119
12.040000000000001,0.19170435780347517,0.051696438476177664,1.2040000000000002,-0.04858972241699552,1.5473130594181466,9.947002157519924,0.02938844193806726,0.11348483474123228,0.1249545172236091,-0.23371902690220409,1.615366435914289,9.617424168820166,0.03581634118112603,0.13270840790006558,0.09999999999998899
12.05,0.19205873713538865,0.053021226566888596,1.205,0.029661627372110685,1.5664526593934331,9.779926812808654,0.07616999643739303,0.10308142423441194,0.11749462930039718,-0.25198116291051975,1.6166047415358715,9.616094423981245,0.03505882568710095,0.13224332647520654,0.10000000000000009
12.06,0.1924055343172172,0.054341305005681795,1.2060000000000002,0.03815811828443012,1.447880136670751,10.130646733111252,0.058486324359489486,0.1324454107297208,0.11179248326401131,-0.2702385596223013,1.6178066294646267,9.61476335349543,0.03429992613066396,0.13176649843344573,0.10000000000000009
12.07,0.19274473565800193,0.05565655653555751,1.207,-0.22163458695203767,1.557551173875052,9.883919766286674,0.07012665084047491,0.10378124399420281,0.0883677209598357,-0.2884892147600442,1.6189723463170314,9.61343130243799,0.033539672471880055,0.13127796612941964,0.10000000000000009
12.08,0.1930763277666548,0.05696686432827019,1.2080000000000002,-0.11657280194908753,1.598054218329017,9.890826654481325,0.06204955380823649,0.13534934054820585,0.1091378789413989,-0.3067311244837592,1.6201021369883495,9.61209861865429,0.032778094724253415,0.13077777295736717,0.10000000000000009
12.09,0.193400297552487,0.058272111994704855,1.209,-0.18993717813561883,1.4996053765033799,9.978052019941064,0.04790427870263136,0.09681596819047984,0.11586982380057928,-0.3249622836369991,1.6211962445760615,9.610765652655969,0.0320152229535714,0.1302659633473386,0.09999999999998899
12.1,0.19371663222572622,0.05957218359521696,1.21,-0.17734130199720716,1.668072225042956,9.949129338920624,0.02802402090412283,0.13086118743593683,0.12880760558297574,-0.34318068599290213,1.6222549103030839,9.609432757515917,0.03125108727670689,0.12974258276124626,0.10000000000000009
12.11,0.19402531929802114,0.06086696364992978,1.211,-0.13772174069643292,1.512888608317378,9.877913503473977,0.03825158305681741,0.11173851358028282,0.11722812086943278,-0.36138432450015445,1.6232783734408034,9.608100288762074,0.030485717860428974,0.12920767768878036,0.10000000000001119
12.120000000000001,0.1943263465829348,0.06215633714899257,1.2120000000000002,-0.13489395705986057,1.601984860466967,9.883822199798038,0.06969090757711582,0.12760261080664825,0.12537782707352124,-0.3795711915288838,1.6242668712319606,9.606768604270108,0.02971914492020944,0.1286612956432908,0.10000000000000009
12.13,0.19461970219642533,0.0634401895627956,1.213,-0.21512942424976209,1.5346195365677804,9.75156685318487,0.06589590937886941,0.13614249761777467,0.09121869099734922,-0.39773927911640605,1.6252206388133974,9.605438064155003,0.02895139871903346,0.1281034851575654,0.10000000000000009
12.14,0.19490537455731546,0.06471840685214388,1.2140000000000002,-0.37836379342766324,1.5589048173309465,9.82524143907565,0.03490680397928968,0.09001120565682859,0.10191084502863548,-0.4158865792128385,1.6261399091387128,9.604109030661572,0.02818250956620888,0.12753429577958136,0.10000000000000009
12.15,0.1951833523877495,0.06599087547838722,1.215,-0.32173876425975034,1.3795001782016023,9.910021095764613,0.0011537187694121362,0.12561914265627003,0.1134138343079726,-0.4340110839264935,1.6270249129008443,9.602781868053961,0.027412507816161613,0.12695377806804173,0.10000000000000009
12.16,0.1954536247136387,0.06725748241350471,1.2160000000000002,-0.19013197230524043,1.5433108986538058,9.903238832892368,0.03949322865743362,0.08470133234115285,0.12443458918571024,-0.45211078576903985,1.6278758784546121,9.601456942504166,0.02664142386724494,0.12636198358788667,0.10000000000000009
12.17,0.1957161808650944,0.06851811515014496,1.217,-0.49860815424313143,1.4560905185884663,9.963272691561878,0.03754146602873219,0.08947366462829401,0.10468987985701503,-0.4701836779003967,1.6286930317392512,9.600134621979581,0.02586928816053491,0.1257589649056999,0.09999999999998899
12.18,0.1959710104768494,0.06977266171161871,1.218,-0.20227458133641982,1.4483243669846007,9.85462717952068,0.03742988893725692,0.09247749848195311,0.1056498299819542,-0.4882277543733108,1.6294765962009647,9.598815276129669,0.025096131178620196,0.12514477558508708,0.10000000000000009
12.19,0.1962181034886668,0.0710210106618467,1.219,-0.2756700878820877,1.6564751723426299,9.75418087418552,0.04822682221827254,0.11150147928132295,0.11711742983543377,-0.5062410103776109,1.6302267927155272,9.597499276171716,0.024321983444419715,0.12451947018193091,0.10000000000001119
12.200000000000001,0.1964574501457378,0.07226305111525733,1.2200000000000002,-0.2304148719864715,1.4998342674379581,9.948763296885815,0.05265264408399378,0.10389358455330779,0.09000133876942437,-0.5242214424840762,1.6309438395109768,9.596186994775774,0.02354687551995721,0.12388310423943685,0.10000000000000009
12.21,0.19668904099906595,0.07349867274663544,1.221,-0.36922772165268547,1.438548588549756,9.976545953135432,0.05358570807861779,0.10006712207745509,0.13129975048095874,-0.5421670488878781,1.6316279520904102,9.594878805948792,0.022770838005164995,0.12323573428332027,0.10000000000000009
12.22,0.1969128669058411,0.07472776580092373,1.2220000000000002,-0.535432021135213,1.4913240179048688,9.932072503701614,0.04481450140269987,0.10418164354112529,0.09392632045883295,-0.5600758296516252,1.6322793431549418,9.593575084917978,0.021993901536682126,0.12257741781672368,0.10000000000000009
12.23,0.1971289190297996,0.07595022110296991,1.223,-0.35362184587119144,1.417666866693305,9.846695682680016,0.010328139805603737,0.1101339116506004,0.07846090609596831,-0.5779457869478775,1.632898222526823,9.59227620801345,0.021216096786626226,0.12190821331510976,0.10000000000000009
12.24,0.1973371888415736,0.07716593006722593,1.2240000000000002,-0.3050507649340394,1.6378203751954827,9.941978916430447,0.03146931230790002,0.11052984019048827,0.10734367706728408,-0.5957749253011991,1.6334847970727904,9.590982552550187,0.02043745446139722,0.12122818022111542,0.10000000000000009
12.25,0.19753766811902754,0.07837478470739222,1.225,-0.35075872284645837,1.4680828287523209,10.131302571691313,0.07048132470485594,0.11638782936836145,0.13282238563141638,-0.61356125182964,1.6340392706276496,9.58969449670932,0.01965800530045886,0.12053737893919989,0.09999999999998899
12.26,0.1977303489475828,0.07957667764600992,1.226,-0.49430160312549326,1.5665201383317788,9.863800295187035,0.040828706954834544,0.1265490784299051,0.11581815066826524,-0.6313027764856655,1.634561843918142,9.588412419418844,0.018877780075132744,0.11983587083033917,0.10000000000000009
12.27,0.1979152237205302,0.080771502123999,1.227,-0.45243366407621943,1.6333342460389038,9.74960267025136,0.03998149497407773,0.09821578515207481,0.11830171006795882,-0.6489975122964765,1.6350527144871239,9.58713670023372,0.018096809587374307,0.11912371820652704,0.10000000000001119
12.280000000000001,0.19809228513933028,0.08195915201014047,1.2280000000000002,-0.5190443202378912,1.4844423212571216,9.80885501056522,0.03908019535991374,0.08986452620926844,0.10771187921318505,-0.6666434756036914,1.6355120766180933,9.585867719215464,0.017315124668557114,0.11840098432525717,0.10000000000000009
12.290000000000001,0.19826152621390133,0.08313952181050414,1.229,-0.5592891712583561,1.5687197657161243,9.904382317715902,0.03919945374200729,0.10621888551591284,0.10490008801986803,-0.6842386863023784,1.6359401212600957,9.584605856811228,0.016532756178265495,0.11766773338395403,0.10000000000000009
12.3,0.1984229402628956,0.08431250667781955,1.2300000000000002,-0.4343258909611325,1.444987469939421,9.725923724452697,-0.0035005393225742074,0.07906731552327415,0.08400502625024735,-0.7017811680793982,1.6363370359530511,9.583351493732438,0.01574973500307053,0.11692403051421635,0.10000000000000009
12.31,0.19857652091396275,0.08547800242078847,1.231,-0.6229899738229655,1.724294085661416,9.866298745686874,0.02787874817900806,0.08530725699229505,0.07338769469117845,-0.7192689486510083,1.636703004753524,9.582105010832999,0.014966092055304636,0.11616994177603146,0.10000000000000009
12.32,0.19872226210400168,0.08663590551334018,1.2320000000000002,-0.616695560758969,1.6042107418194382,9.882868337945645,0.030183353547604166,0.10992185988968746,0.11044322053434266,-0.7367000599997398,1.637038208160987,9.580866788987123,0.01418185827185281,0.11540553415190086,0.10000000000000009
12.33,0.1988601580793998,0.08778611310382649,1.233,-0.6511074963017484,1.5152616027985708,9.975474181830565,0.04919734831265317,0.09191089590571358,0.12731105661943473,-0.7540725386104806,1.6373428230445997,9.579637208966815,0.013397064612918896,0.11463087554093032,0.09999999999998899
12.34,0.19899020339626006,0.08892852302415878,1.234,-0.7002334555022465,1.468280698250467,9.956119098423253,0.029850650557178716,0.07478494547229238,0.11274497974926448,-0.7713844257057724,1.6376170225705446,9.578416651319076,0.012611742060809894,0.11384603475279725,0.10000000000000009
12.35,0.199112392920616,0.09006303379888243,1.235,-0.5862422393972216,1.5207070590400606,9.920611340881642,0.003607401592045454,0.06982706009699799,0.11678102350471109,-0.7886337674802688,1.6378609761299583,9.5772054962428,0.011825921618721646,0.11305108150159934,0.10000000000000009
12.36,0.1992267218286345,0.09118954465419077,1.236,-0.5217959198586226,1.502881405664877,9.675792954399176,0.0338623503498496,0.09213417702187304,0.1312450881865653,-0.805818615334338,1.6380748492674853,9.576004123465507,0.011039634309499557,0.11224608639966993,0.10000000000000009
12.370000000000001,0.199333185606806,0.09230795552687583,1.237,-0.6479405308256743,1.6867806313662506,9.919167718512337,0.01463107431304214,0.10763820580923014,0.11232300120867256,-0.8229370261067829,1.638258803610495,9.574812912119826,0.010252911174415957,0.11143112095130733,0.10000000000001119
12.38,0.1994317800521228,0.09341816707321692,1.2380000000000002,-0.7696476131614125,1.43249832861323,9.903986960622975,0.007598868034620326,0.10663706828807396,0.10570021966935854,-0.8399870623066531,1.6384129967989995,9.573632240619885,0.009465783271953021,0.11060625754647502,0.10000000000000009
12.39,0.19952250127224505,0.09452008067780533,1.239,-0.5966640397237932,1.541268356801694,9.866745348819569,0.012346021636138753,0.09051532820064993,0.09512890624511934,-0.8569667923441454,1.6385375824163027,9.572462486537562,0.008678281676575972,0.10977156945432207,0.10000000000000009
12.4,0.19960534568565433,0.09561359846230336,1.2400000000000002,-0.5449153794827277,1.5308154977218174,9.705055539445354,0.03204290231504183,0.11823801897058203,0.13779442923190155,-0.8738742907605175,1.638632709920421,9.571304026478689,0.007890437477497958,0.10892713081667033,0.10000000000000009
12.41,0.199680310021795,0.09669862329413874,1.241,-0.750090628899139,1.522333498875256,9.780767343865714,0.042043545118030705,0.08577006060375701,0.11531148558493776,-0.8907076384570489,1.6386985245763068,9.570157235959202,0.007102281777458808,0.10807301664142108,0.09999999999998899
12.42,0.1997473913212035,0.09777505879513178,1.242,-0.7529359951802523,1.5241434047753724,9.74722899083173,0.029574375861698164,0.0846187109580893,0.09323458605342771,-0.9074649229229799,1.6387351673889172,9.569022489281343,0.006313845691496844,0.10720930279593532,0.10000000000000009
12.43,0.19980658693562495,0.09884280935005745,1.243,-0.6923942628386033,1.5244126942043412,9.677423611089432,0.031095602903816175,0.047313088021416365,0.08963627092219129,-0.9241442384624509,1.638742775037155,9.567900159409852,0.005525160345717928,0.10633606600028989,0.10000000000000009
12.44,0.19985789452811786,0.09990178011513758,1.244,-0.6225151492447771,1.6036674128380777,9.838074708263491,0.027717567272101472,0.07817360182822587,0.12610535196831052,-0.9407436864203687,1.6387214798087257,9.566790617848309,0.004736256876068656,0.10545338382042663,0.10000000000000009
12.450000000000001,0.19990131207314632,0.10095187702646598,1.245,-0.8104915268445833,1.5820329645919362,9.77322640509635,0.02143153454914022,0.09686363014653776,0.09164906600036943,-0.9572613754072313,1.6386714095359396,9.565694234515552,0.003947166427106796,0.10456133466127046,0.10000000000001119
12.46,0.19993683785666,0.10199300680836298,1.2460000000000002,-0.8923054065444243,1.5654003686669853,10.045279083663045,0.029737927393354482,0.10654499844428228,0.1350394862488835,-0.9736954215228333,1.638592687532501,9.564611377622303,0.0031579201507744847,0.10365999775976548,0.10000000000000009
12.47,0.1999644704761618,0.10302507698166129,1.247,-0.7510231827138241,1.2893827143257264,9.820851977818114,-0.01778807031173173,0.0697041269224673,0.06601889114381909,-0.9900439485788958,1.63848543253131,9.563542413547951,0.0023685492051617185,0.10274945317788678,0.10000000000000009
12.48,0.19998420884076323,0.10404799587192072,1.2480000000000002,-0.7548675135877384,1.555768276160281,9.934622213565662,0.019299911459984703,0.08803679945889317,0.12870676061565006,-1.0063050883205482,1.6383497586233253,9.562487706717633,0.001579084753280946,0.10182978179547886,0.10000000000000009
12.49,0.19999605217122743,0.10506167261757086,1.249,-0.8342958590665337,1.40059841169562,9.703079819750801,0.0011302012062077184,0.0962152218038396,0.11473890556386276,-1.0224769806466631,1.6381857751975109,9.561447619479548,0.0007895579618388826,0.10090106530306342,0.09999999999998899
12.5,0.2,0.10606601717798199,1.25,-0.8961037567296243,1.5848920920231988,9.78642830998336,0.033417123294342835,0.07963686835156195,0.10902637090124065,-1.0385577738290217,1.6379935868819069,9.560422511982612,0.0,0.09996338619461531,0.10000000000000009
12.51,0.19999605217122743,0.10706094034146317,1.2510000000000001,-0.7883388729952481,1.6502337246526635,9.833608613875949,0.012874175257515212,0.04428447493347388,0.10475831089492055,-1.054545624730305,1.6377732934858622,9.559412742054482,-0.0007895579618388826,0.09901682776019827,0.10000000000000009
12.52,0.19998420884076323,0.10804635373318595,1.252,-0.841435927272025,1.4599685787376742,9.752487749392019,0.014868368282582301,0.08131058759157703,0.13571881838288719,-1.0704386990208636,1.6375249899434543,9.558418665079945,-0.001579084753280946,0.09806147407861454,0.10000000000000009
12.530000000000001,0.1999644704761618,0.10902216982303546,1.2530000000000001,-0.9609724003407458,1.5131711085827946,9.79037488729213,-0.008934514371481758,0.08800676909041552,0.11813558992958229,-1.0862351713942842,1.63724876625814,9.55744063387977,-0.0023685492051617185,0.09709741000990188,0.10000000000001119
12.540000000000001,0.19993683785666,0.10998830193338399,1.2540000000000002,-0.9120810492436853,1.4866843310721731,9.805978995810378,0.028085737113777792,0.06139264369630282,0.09376007067761931,-1.1019332257816965,1.6369447074486645,9.556478998590011,-0.0031579201507744847,0.09612472118780413,0.10000000000000009
12.55,0.19990131207314632,0.11094466424679154,1.2550000000000001,-1.0397254468413326,1.632160149557281,9.805061045358032,0.02143440582170757,0.07089409039662455,0.08141770321291401,-1.117531055564852,1.6366128934962667,9.555534106541838,-0.003947166427106796,0.09514349401216829,0.10000000000000009
12.56,0.19985789452811786,0.11189117181362736,1.2560000000000002,-0.8915487132420372,1.5400154232780792,9.972257190490197,0.019514539770296838,0.05646356045867158,0.10971314502820505,-1.133026863787895,1.6362533992932102,9.554606302141902,-0.004736256876068656,0.0941538156412576,0.10000000000000009
12.57,0.19980658693562495,0.1128277405596167,1.2570000000000001,-0.9832882057260722,1.6695104347085712,9.852435728975786,-0.0017181446162381243,0.03419253181566529,0.10699876300587398,-1.148418863367883,1.6358662945926727,9.553695926753278,-0.005525160345717928,0.09315577398404246,0.09999999999998899
12.58,0.1997473913212035,0.1137542872933082,1.258,-1.0142238692554055,1.5644013122468348,9.857814718121997,-0.002028472694069217,0.08718129955553129,0.08446279664681659,-1.1637052773039775,1.6354516439600337,9.552803318577045,-0.006313845691496844,0.09214945769234553,0.10000000000000009
12.59,0.199680310021795,0.1146707297134636,1.2590000000000001,-0.998404466889435,1.5481792652183803,9.861665679298989,0.012219830434675411,0.07061907530615691,0.10654347638376335,-1.1788843388853254,1.6350095067255832,9.551928812534525,-0.007102281777458808,0.09113495615300782,0.10000000000000009
12.6,0.19960534568565433,0.11557698641636836,1.26,-1.007770165603381,1.533443527375658,9.865604757459346,-0.0023714611903651213,0.09375528008879974,0.09884602741010182,-1.193954291897614,1.6345399369386857,9.55107274015019,-0.00789043747749657,0.0901123594799054,0.10000000000000009
12.61,0.19952250127224508,0.11647297690306171,1.2610000000000001,-0.9555317093086408,1.593393768956318,9.808575825915826,0.01348725104788915,0.08151897907961148,0.10768883645310988,-1.2089133908282623,1.6340429833234393,9.550235429435336,-0.008678281676575972,0.0890817585059947,0.10000000000001119
12.620000000000001,0.1994317800521228,0.11735862158648826,1.2620000000000002,-0.9943690236483481,1.3875299623823845,9.78890991298744,-0.02622216830193569,0.06220511045048503,0.11837498065167501,-1.2237599010702787,1.6335186892358444,9.5494172047725,-0.009465783271954409,0.08804324477521344,0.10000000000000009
12.63,0.199333185606806,0.11823384179856598,1.2630000000000001,-1.0675979284749009,1.5334069438707343,9.826703675677189,-0.002099399171004241,0.06521537540428347,0.1300963446615111,-1.2384920991247057,1.6329670926225333,9.548618386800694,-0.010252911174415957,0.08699691053434891,0.10000000000000009
12.64,0.1992267218286345,0.11909855979717524,1.2640000000000002,-1.0083507089006194,1.5201561801148609,9.90513149251427,0.03145884136048165,0.07412072605805343,0.12142877070406885,-1.253108272801724,1.6323882259810678,9.547839292301465,-0.011039634309499557,0.08594284872488131,0.10000000000000009
12.65,0.199112392920616,0.11995269877306361,1.2650000000000001,-1.0522092402535517,1.5830229569206222,9.902139266813561,0.010416287424133933,0.07926702856638242,0.09701155023699959,-1.267606721420317,1.631782116321856,9.547080234085849,-0.011825921618721646,0.08488115297465224,0.09999999999998899
12.66,0.19899020339626006,0.12079618285666828,1.266,-1.1337685847375705,1.508324112260933,9.790681077926113,0.0055213617979234155,0.0686378671428035,0.11351227244061388,-1.2819857560065417,1.631148785131701,9.546341520882216,-0.012611742060809894,0.08381191758961709,0.10000000000000009
12.67,0.1988601580793998,0.12162893712485595,1.2670000000000001,-1.1254762810819452,1.4383636665129422,9.870781850404306,0.031964535848648654,0.07923286790862463,0.10893903793379942,-1.296243699490377,1.6304882483390215,9.545623457225082,-0.013397064612918896,0.08273523754546014,0.10000000000000009
12.68,0.19872226210400168,0.12245088760757748,1.268,-1.1423846344567206,1.5218763576455039,9.793125181656237,-0.033554810240683984,0.05719471971770036,0.08786808003193677,-1.3103788869011295,1.6298005162807625,9.544926343344883,-0.01418185827185281,0.08165120847912904,0.10000000000000009
12.69,0.19857652091396275,0.12326196129443853,1.2690000000000001,-1.106085178769034,1.4346011143169524,9.811536529013717,-0.01133824585723094,0.04553219927430785,0.11379699962210663,-1.324389665561391,1.6290855936710327,9.544250475058778,-0.014966092055306024,0.08055992668034445,0.10000000000001119
12.700000000000001,0.19842294026289556,0.12406208614118437,1.2700000000000002,-1.1907464877936922,1.3668854570627693,9.76943418490086,-0.00600008509538484,0.05868860895897601,0.13569779998750595,-1.3382743952795468,1.6283434795714862,9.543596143662485,-0.01574973500307192,0.07946148908305056,0.10000000000000009
12.71,0.1982615262139013,0.12485119107609954,1.2710000000000001,-1.2062767964141958,1.577042421973653,9.79035883002091,0.012024662292645113,0.06171941765222494,0.10841102755947629,-1.3520314485407994,1.6275741673634865,9.542963635823234,-0.016532756178265495,0.07835599325684353,0.10000000000000009
12.72,0.19809228513933025,0.12562920600632124,1.2720000000000002,-1.0315540560913015,1.564277297682691,9.911188764654334,0.011483098053340978,0.03959021818279014,0.08392935910470714,-1.3656592106967393,1.6267776447220652,9.542353233473799,-0.017315124668554338,0.07724353739826245,0.10000000000000009
12.73,0.19791522372053022,0.1263960618240648,1.2730000000000001,-1.1285567023211303,1.5540959971941175,9.810957325863981,-0.015472824776132689,0.03624207910002545,0.10816373425878437,-1.379156080153397,1.6259538935917102,9.541765213707702,-0.018096809587370144,0.0761242203220644,0.09999999999998899
12.74,0.19773034894758285,0.12715169041276253,1.274,-1.2779928754494492,1.6202944930331884,9.813150754528483,0.011886383283550801,0.0620417688024849,0.08951060007243233,-1.392520468557814,1.625102890164003,9.541199848675609,-0.018877780075131356,0.07499814145245087,0.10000000000000009
12.75,0.1975376681190276,0.1278960246531138,1.2750000000000001,-1.1835281572906253,1.4608032094097834,9.686495848608068,-0.00974658513902435,0.0480868734979785,0.1206460246300686,-1.4057508009830935,1.6242246048571316,9.54065740548293,-0.019658005300461634,0.07386540081426307,0.10000000000000009
12.76,0.1973371888415736,0.1286289984290478,1.276,-1.2316482555894819,1.3990919347453152,9.776811974716761,0.013703932659448347,0.050542818733893505,0.11554339727029521,-1.4188455161119482,1.6233190022973012,9.54013814608867,-0.020437454461398608,0.07272609902408411,0.10000000000000009
12.77,0.19712891902979962,0.1293505466335955,1.2770000000000001,-1.2232780141745017,1.5080818106781777,9.780327501219443,-0.020624604711634072,0.046504294155907795,0.10517801976875162,-1.4318030664186985,1.6223860413020605,9.539642327205573,-0.021216096786627614,0.0715803372812851,0.10000000000001119
12.780000000000001,0.19691286690584106,0.1300606051746735,1.2780000000000002,-1.2574037784215442,1.4845262446443728,9.734066741437063,-0.007659304923325168,0.07359539632519489,0.10267717945043352,-1.4446219183497622,1.6214256748655766,9.539170200201577,-0.0219939015366849,0.0704282173590462,0.10000000000000009
12.790000000000001,0.19668904099906592,0.13075911098077642,1.2790000000000001,-1.1855185392646939,1.4429867408010149,9.801372956304462,-0.01407436372535905,0.06856930250441039,0.10444400328355515,-1.4573005525025633,1.6204378501458616,9.538722011002603,-0.022770838005166383,0.06926984159530414,0.10000000000000009
12.8,0.19645745014573773,0.13144600200657958,1.2800000000000002,-1.2661915577758533,1.502257335179498,9.765860018702673,0.008351303206879022,0.029916445632374174,0.1080099925889398,-1.4698374638029232,1.6194225084539966,9.538297999996756,-0.023546875519954436,0.0681053128837053,0.10000000000000009
12.81,0.19621810348866683,0.13212121723845052,1.2810000000000001,-1.3125737222123204,1.460282713409233,9.807022901973689,-0.016239001165125888,0.03911527994050008,0.09633558753702272,-1.482231161680868,1.6183795852453402,9.537898401939886,-0.02432198344441694,0.0669347346644325,0.09999999999998899
12.82,0.1959710104768494,0.13278469669986823,1.282,-1.2353895270899347,1.3607971877924614,9.809818577543396,-0.00984580084147035,0.05871232519379517,0.0871612049443638,-1.4944801702448705,1.6173090101127734,9.537523445862645,-0.025096131178618808,0.065758210915004,0.10000000000000009
12.83,0.19571618086509446,0.1334363814567506,1.2830000000000001,-1.3136379799857132,1.470760509459637,9.723781552096025,-0.0022516484537437103,0.0536582173748245,0.12500231357001937,-1.5065830284545125,1.6162107067819702,9.537173354978957,-0.025869288160532133,0.06457584614106698,0.10000000000000009
12.84,0.19545362471363875,0.13407621362268957,1.284,-1.3332416957016908,1.412911360896793,9.767655243803286,-0.0024042017541265493,0.0428962499689164,0.10236015967717411,-1.5185382902915665,1.6150845931087363,9.536848346596047,-0.026641423867249103,0.06338774536708558,0.10000000000000009
12.85,0.19518335238774948,0.13470413636409231,1.2850000000000001,-1.3297957077072668,1.5198034187294545,9.806032963694468,0.0020456965607753338,0.02525470622976401,0.11055777731187137,-1.5303445249294745,1.613930581078408,9.53654863202595,-0.02741250781616439,0.062194014127038566,0.10000000000000009
12.86,0.19490537455731546,0.13532009390523034,1.286,-1.3747860200789657,1.4474113977190892,9.893860810666885,-0.008918151633965856,0.030822082657648887,0.112396883379698,-1.5420003169012322,1.6127485768073462,9.536274416498607,-0.028182509566206104,0.060994758455058806,0.10000000000000009
12.870000000000001,0.19461970219642535,0.1359240315331935,1.2870000000000001,-1.3788524266401745,1.5876075550633288,9.819190262997385,-0.019101946424103487,0.03197163130056387,0.11290437116011587,-1.5535042662656684,1.6115384805465298,9.536025899076552,-0.02895139871903485,0.05979008487594917,0.10000000000001119
12.88,0.19432634658293477,0.13651589560274932,1.2880000000000003,-1.4382487335694643,1.6250195670325311,9.745794812945764,-0.01875368532111811,0.04270324153587884,0.09052365847040146,-1.564854988772092,1.610300186687267,9.5358032725712,-0.029719144920210827,0.05858010039578587,0.10000000000000009
12.89,0.19402531929802114,0.1370956335411092,1.2890000000000001,-1.4609490540211714,1.54993407580666,9.831469577183167,-0.013851400181833706,0.06305168905961869,0.08301693026497144,-1.5760511160233308,1.6090335837690337,9.535606723460791,-0.030485717860427586,0.05736491249239278,0.09999999999998899
12.9,0.19371663222572622,0.13766319385259718,1.29,-1.4931717089088123,1.3703642035667567,9.934885447619639,-0.011296569464897124,0.0258807193266089,0.09934910580870135,-1.5870912956371337,1.6077385544894547,9.535436431810002,-0.0312510872767055,0.05614462910577683,0.10000000000000009
12.91,0.19340029755248703,0.13821852612322474,1.2910000000000001,-1.5370045616303183,1.6127990278552666,9.872666092996706,-0.018256237402080048,0.019549694757715282,0.1140945826793434,-1.5979741914059367,1.606414975716435,9.535292571191276,-0.03201522295356862,0.05491935862857317,0.10000000000000009
12.92,0.19307632776665484,0.13876158102516864,1.292,-1.5057975638176886,1.6173317314829239,9.841481734481114,-0.01665993022591404,0.03198845100257911,0.09732062743398923,-1.6086984834549782,1.6050627185024595,9.535175308607846,-0.03277809472425064,0.05368920989639314,0.10000000000000009
12.93,0.19274473565800201,0.1392923103211526,1.2930000000000001,-1.4601222032594594,1.4916979659651588,9.855811858125143,-0.04044529602170352,0.047868593977835466,0.10294668989400863,-1.6192628683987715,1.603681648101059,9.53508480441856,-0.03353967247188283,0.05245429217814873,0.10000000000000009
12.94,0.1924055343172172,0.13981066686873161,1.294,-1.4501784185870725,1.59372847592375,9.912833297482578,-0.00842714974629356,0.009573974013228063,0.140192314323911,-1.629666059495909,1.6022716239854624,9.53502121226444,-0.03429992613066951,0.051214715166376934,0.10000000000000009
12.950000000000001,0.19205873713538862,0.14031660462448015,1.2950000000000002,-1.4898359866313142,1.4401251201160448,9.883488460446863,-0.016625515547582816,0.05200061757534731,0.08063852887234343,-1.6399067868022057,1.600832499869434,9.534984678997079,-0.03505882568709817,0.04997058896747397,0.10000000000001119
12.96,0.19170435780347522,0.1408100786480811,1.2960000000000003,-1.6665225025397776,1.334340692221206,9.84346267061088,-0.005130584544918087,0.026241729833105746,0.0970339686278387,-1.6499837973221705,1.599364123730312,9.53497534460886,-0.03581634118112881,0.04872202409192117,0.10000000000000009
12.97,0.19134241031176605,0.14129104510631857,1.2970000000000002,-1.3614288012264222,1.4205198855166716,9.881723213107719,-0.020924051863628664,0.016711922261305315,0.13677394886702732,-1.6598958551588,1.59786633783424,9.534993342165029,-0.0365724427073319,0.04746913144448306,0.09999999999998899
12.98,0.19097290894932858,0.14175946127697076,1.298,-1.410616239276112,1.619160982644565,9.71113865793955,-0.04784081894031189,0.0025563534862252137,0.10774843594777282,-1.6696417416616716,1.5963389787636169,9.535038797737666,-0.03732710041611381,0.04621202231431115,0.10000000000000009
12.99,0.19059586830344377,0.1422152855526048,1.2990000000000002,-1.4707418258193639,1.3604027589779975,9.677942197705704,-0.02787786706410265,0.03596342614453625,0.0978238698331433,-1.679220255573361,1.594781877446746,9.535111830341531,-0.03808028451489226,0.04495080836511289,0.10000000000000009
13.0,0.19021130325903074,0.142658477444273,1.3,-1.363769436460025,1.4779337768708432,9.812461101000606,-0.026228417315525412,0.021649338962956937,0.1260077129041959,-1.6886302131741526,1.5931948591897078,9.535212551871878,-0.03883196526923982,0.043685601625209625,0.10000000000000009
13.01,0.18981922899805898,0.14308899758510898,1.3010000000000002,-1.6047406129196575,1.4807012490949867,9.805194152738961,-0.012852994065928547,0.02564363823985427,0.10906815015896662,-1.6978704484250349,1.591577743710444,9.53534106704419,-0.039582113004089925,0.04241651447757372,0.10000000000000009
13.02,0.18941966099894894,0.1435068077338245,1.302,-1.3832854064457418,1.433877584565461,9.756929202178746,-0.05559402458480253,0.008127429146177464,0.10295235840361264,-1.7069398131089915,1.5899303451750577,9.535497473335914,-0.0403306981049012,0.04114365964987404,0.10000000000000009
13.030000000000001,0.18901261503596095,0.14391187077810647,1.3030000000000002,-1.6211466762333906,1.4363406559652723,9.866913141682693,-0.024673313330286883,0.015562007235055814,0.11116315933884914,-1.7158371769705685,1.5882524722363376,9.535681860930172,-0.04107769101880099,0.03986715020442011,0.10000000000001119
13.040000000000001,0.18859810717857292,0.1443041507379129,1.3040000000000003,-1.5325452951645737,1.475048829090701,9.65052927695126,-0.018437032746471314,0.01179575505899005,0.09834817208271192,-1.7245614278536998,1.5865439280744942,9.535894312661515,-0.04182306225578997,0.03858709952816175,0.10000000000000009
13.05,0.18817615379084515,0.1446836127686697,1.3050000000000002,-1.6621932039470768,1.422469058033867,9.757565494312479,-0.03677868529877091,0.016295621742113076,0.09296673184538944,-1.733111471837823,1.5848045104401118,9.536134903963703,-0.042566782389900915,0.03730362132261661,0.09999999999998899
13.06,0.1877467715307749,0.14505022316436522,1.306,-1.5665358572558312,1.3518474516931436,9.763675133377538,-0.02653397902597624,0.0064234353032552385,0.10655387112560322,-1.7414862333722279,1.5830340116993171,9.536403702819552,-0.04330882206033532,0.036016829593732425,0.10000000000000009
13.07,0.18730997734963845,0.14540394936054435,1.3070000000000002,-1.5447922523514104,1.480666467577885,9.670252933694,-0.037704905172190634,-0.007895813096774423,0.09300599388452706,-1.7496846554086638,1.5812322188811545,9.536700769712866,-0.044049151972624934,0.03472683864179371,0.10000000000000009
13.08,0.1868657884913224,0.1457447599372011,1.308,-1.5963445023258833,1.5471635466386096,9.922021249749388,-0.039920196443868114,0.05474807151313148,0.10841439777601294,-1.7577056995321851,1.579398913727169,9.53702615758247,-0.04478774289981141,0.033433763051247956,0.10000000000000009
13.09,0.18641422249164222,0.1460726246215693,1.3090000000000002,-1.5342392432418945,1.5278156114296673,9.694232676257087,-0.03593030270266002,-0.008104477639622177,0.11351679620299819,-1.7655483460902388,1.5775338727431834,9.537379911778368,-0.0455245656836023,0.03213771768054846,0.10000000000000009
13.1,0.18595529717765036,0.14638751429081207,1.31,-1.590419999868129,1.393101998415692,9.75717123537463,-0.041276045650513404,0.013761692305967977,0.12093292001021914,-1.7732115943199718,1.5756368672532788,9.537762070020046,-0.04625959123549378,0.03083881765194585,0.09999999999998899
13.11,0.18548903066693234,0.14668940097460823,1.311,-1.646856355596783,1.355913484773947,9.877675724925952,-0.021020488691773587,-0.0168710645614712,0.125070935402097,-1.780694462473756,1.5737076634559477,9.538172662356919,-0.046992790537937756,0.02953717834124764,0.10000000000001119
13.120000000000001,0.1850154413668916,0.14697825785763702,1.3120000000000003,-1.6564602633192382,1.4299822690607902,9.85681058122268,-0.04301462217503477,-0.021531126148806007,0.1020636001838153,-1.7879959879429308,1.571746022482439,9.538611711130976,-0.047724134645467375,0.028232915367580602,0.10000000000001119
13.13,0.184534547974023,0.14725405928195984,1.3130000000000002,-1.5541339042713576,1.576525451510375,9.7181707200159,-0.04621239409958983,0.008505646480405648,0.11578080862002829,-1.7951152273797368,1.5697517004572623,9.539079230941624,-0.048453594685875234,0.026926144583121203,0.09999999999998899
13.14,0.1840463694731741,0.14751678074929944,1.314,-1.6788393721896153,1.4983324207796014,9.861507609401587,-0.006901014905074252,0.008213445485047266,0.11569624852974789,-1.8020512568174605,1.5677244485608477,9.539575228612705,-0.04918114186133471,0.025616982062812155,0.10000000000000009
13.15,0.1835509251367963,0.14776639892321608,1.3150000000000002,-1.5591462134055365,1.501478943042843,9.831043891750303,-0.01981956836674776,0.02327551201523455,0.11344663813149652,-1.8088031717887514,1.5656640130943642,9.540099703161804,-0.049906747449531,0.024305544094037346,0.10000000000000009
13.16,0.18304823452418348,0.1480028916311802,1.316,-1.5414084165730226,1.5129774167582208,9.995572215358129,-0.06295566151840769,0.009065870074018979,0.10116191567112943,-1.8153700874421226,1.563570135546661,9.540652645771745,-0.0506303828047866,0.022991947166299542,0.10000000000000009
13.17,0.18253831748070057,0.14822623786654207,1.3170000000000002,-1.7799378020117949,1.4755066994669255,9.84239650487567,-0.04718073148779291,-0.000578703907811264,0.0928703061865812,-1.8217511386566152,1.5614425526633378,9.541234039764385,-0.05135201935921596,0.02167630796087172,0.10000000000000009
13.18,0.18202119413699916,0.14843641779039762,1.318,-1.5625815718405942,1.4487211168817151,9.799298802510386,-0.03290200047778737,-0.013819896285429796,0.11592208214527748,-1.8279454801546338,1.5592809965179166,9.541843860576662,-0.052071628623855115,0.020358743340435914,0.09999999999998899
13.19,0.18149688490822347,0.1486334127333508,1.319,-1.4946281753294115,1.4909780166471918,9.742902622958349,-0.03239783408959965,0.02150347272678163,0.08294806768001592,-1.8339522866129225,1.5570851945851123,9.54248207573895,-0.05278918218976497,0.01903937033870262,0.10000000000001119
13.200000000000001,0.18096541049320386,0.14881720519717168,1.3200000000000003,-1.6458517882065076,1.393960292494128,9.752599187619719,-0.060402063636281644,0.011413792975341643,0.10457925352538272,-1.8397707527716882,1.5548548698161717,9.543148644855695,-0.0535046517291457,0.017718306150005247,0.10000000000001119
13.21,0.18042679187364055,0.1489877788563509,1.3210000000000002,-1.6229458553732687,1.32162318431493,9.747135119699157,-0.021490022992593522,-0.022437695033385,0.07025426600948886,-1.8454000935418502,1.5525897407162825,9.543843519588394,-0.05421800899648166,0.016395668118908413,0.09999999999998899
13.22,0.17988105031327423,0.14914511855954984,1.322,-1.593040504824757,1.4884301114098144,9.925622951612512,-0.02714098460633336,-0.004357241298484605,0.08839180900739291,-1.8508395441104282,1.5502895214240116,9.54456664364088,-0.05492922582966547,0.015071573729767695,0.10000000000000009
13.23,0.17932820735704724,0.14928921033094625,1.3230000000000002,-1.7019976874612852,1.526876610152423,9.817021679066498,-0.03305646844794586,-0.004098913989479614,0.09543459141295893,-1.8560883600440248,1.547953921792774,9.54531795274696,-0.05563827415106942,0.013746140596300471,0.10000000000000009
13.24,0.17876828483025284,0.14942004137147585,1.324,-1.670086580096531,1.3361144299249454,9.861938946645164,-0.020706755657279925,-0.012830606826211817,0.12509027766166514,-1.8611458173904254,1.5455826474743026,9.546097374660404,-0.05634512596868618,0.012419486451145656,0.10000000000000009
13.25,0.17820130483767352,0.14953760005996916,1.3250000000000002,-1.7944787783410758,1.489425697185802,9.940113744911942,-0.03503568341047887,0.002619450582514936,0.1188058811711931,-1.866011212778286,1.5431754000040987,9.546904829147296,-0.05704975337719603,0.01109172913539569,0.10000000000000009
13.26,0.17762728976270892,0.14964187595418377,1.326,-1.682356561220279,1.554640057049424,9.63249476722305,-0.03557226229793473,0.002054176900338947,0.10014306527708532,-1.8706838635149028,1.5407318768888474,9.547740227980759,-0.057752128559121485,0.009762986588129907,0.09999999999998899
13.27,0.1770462622664911,0.14973285979173176,1.327,-1.6564370334548233,1.4206710553792237,9.92322155269973,-0.019639129739759606,-0.014417446580710772,0.11926014788359414,-1.8751631076820623,1.53825177169576,9.548603474938052,-0.05845222378591808,0.008433376835943751,0.10000000000001119
13.280000000000001,0.17645824528699056,0.14981054349090264,1.3280000000000003,-1.659035265807002,1.3508114804853504,9.826787544484784,-0.026985442325706054,-0.0170278409719699,0.12167565493979615,-1.8794483042299457,1.5357347741438456,9.54949446580009,-0.0591500114189944,0.0071030179824627115,0.10000000000001119
13.290000000000001,0.1758632620381112,0.149874920151381,1.3290000000000002,-1.6197330588906202,1.4254623909948723,9.857303668856565,-0.05692026378089512,0.00839569899460393,0.10587898910120519,-1.8835388330690859,1.5331805701970624,9.55041308835332,-0.05984546391089307,0.005772028197854884,0.09999999999998899
13.3,0.1752613360087727,0.14992598405485974,1.33,-1.7725356561585222,1.3685151878782464,9.755198187654985,-0.03536614798728849,-0.0015247032524114967,0.08751197381418616,-1.8874340951603719,1.5305888421593357,9.551359222394053,-0.060538553806357975,0.004440525708329646,0.10000000000000009
13.31,0.17465249096198404,0.1499637306655476,1.3310000000000002,-1.756108340429754,1.3585248401036152,9.76206246844126,-0.05557432088756436,-0.01586253000815807,0.10523309330809058,-1.8911335126030737,1.5279592687714167,9.552332739735165,-0.06122925374337507,0.0031086287856335604,0.10000000000000009
13.32,0.1740367509339052,0.1499881566305724,1.332,-1.5674400401542383,1.43952993301545,9.864224234138078,-0.03868272148511191,-0.04259734347217211,0.10670540437067945,-1.8946365287208897,1.525291525309553,9.553333504215258,-0.061917536454296485,0.001776455736555993,0.10000000000000009
13.33,0.1734141402328981,0.14999925978027873,1.3330000000000002,-1.734052329268317,1.2730071144027568,10.01688105098558,-0.0396752583864377,-0.0140809922450091,0.0896418104768904,-1.897942608145999,1.5225852836859395,9.554361371710222,-0.06260337476689942,0.00044412489240697184,0.10000000000000009
13.34,0.1727846834385672,0.14999703912842055,1.334,-1.7091139682652976,1.2835187178166036,9.906066252057995,-0.06807032265593438,-0.010128428286915318,0.11349708725952608,-1.9010512369011072,1.5198402125509294,9.555416190147245,-0.06328674160546999,-0.0008882454014827457,0.09999999999998899
13.35,0.1721484054007887,0.14998149487224907,1.335,-1.7327955928928267,1.3950876752603312,9.927494745567937,-0.0498574287693679,-0.06314497568468391,0.11210474553188983,-1.9039619224794797,1.517055977396966,9.556497799521258,-0.0639676099918371,-0.0022205367962782607,0.10000000000000009
13.36,0.17150533123873046,0.14995262839249499,1.336,-1.7963698009451163,1.3895693118107415,9.812023673478766,-0.0447892661665398,-0.019321849744587484,0.11458351422745228,-1.9066741939229337,1.514232240664215,9.557606031913807,-0.06464595304647991,-0.0035526309501571207,0.10000000000001119
13.370000000000001,0.17085548633985911,0.14991044225324593,1.3370000000000002,-1.6046719689980953,1.4149897891447532,9.780700796742964,-0.055929803033038544,-0.030658266905875746,0.11213968271849517,-1.9091876018978027,1.5113686618478543,9.558740711514394,-0.06532174398960894,-0.0048844095388148046,0.10000000000000009
13.38,0.17019889635893828,0.1498549402017187,1.338,-1.7791636030359852,1.5340405657097398,9.766932847923838,-0.04538124330336178,-0.02902887293883813,0.11881074448713869,-1.911501718768835,1.5084648976070005,9.55990165464425,-0.06599495614212497,-0.006215754265972984,0.10000000000000009
13.39,0.16953558721701661,0.14978612716792647,1.3390000000000002,-1.8285485838839242,1.3889216692125,9.791434269968692,-0.038555189206594453,-0.04072099310795091,0.1052860632910734,-1.9136161386710273,1.5055206018752354,9.561088669782547,-0.06666556292676262,-0.007546546873897497,0.10000000000000009
13.4,0.16886558510040303,0.14970400926424074,1.34,-1.7741693664918625,1.4240054598137917,9.66563461837175,-0.05179388746354558,-0.0306430405514794,0.1109532638646441,-1.9155304775793804,1.5025354259726933,9.562301557595086,-0.0673335378691381,-0.008876669153896899,0.10000000000000009
13.41,0.16818891645963385,0.14960859378484853,1.3410000000000002,-1.8991769305780648,1.2944040026235333,9.772783981436643,-0.04873291562216941,-0.009044137394381112,0.10185485057453757,-1.917244373376559,1.499509018719683,9.563540110965409,-0.06799885459873034,-0.010206002956812676,0.10000000000000009
13.42,0.16750560800842842,0.14949988920510449,1.342,-1.7934377165586943,1.430553858245382,9.788811818558248,-0.03204556973101956,-0.03792722784817131,0.09915450453520852,-1.9187574859184453,1.4964410265518058,9.564804115028377,-0.06866148684997464,-0.011534430203533064,0.09999999999998899
13.43,0.16681568672263436,0.14937790518077787,1.343,-1.8192948899087302,1.324759866551821,9.819484422213472,-0.046403479520280934,-0.01816324575240664,0.12785146575237974,-1.9200694970975678,1.493331093636535,9.566093347206195,-0.0693214084632951,-0.012861832895472158,0.10000000000000009
13.44,0.16611917983916252,0.14924265254719504,1.344,-1.6947120791497488,1.3665934920623548,9.844557934164442,-0.051098242484555016,-0.04592975819553972,0.0772478237948579,-1.9211801109044055,1.4901788619912124,9.567407577246875,-0.0699785933860983,-0.014188093125046264,0.10000000000001119
13.450000000000001,0.1654161148549124,0.14909414331827694,1.3450000000000002,-1.797931748184463,1.3494939915773132,9.864131471630035,-0.06906522653722695,-0.023714592651882183,0.12122551653302913,-1.9220890534865298,1.4869839716024429,9.568746567265155,-0.07063301567384744,-0.015513093086150231,0.10000000000000009
13.46,0.16470651952568557,0.14893239068547204,1.346,-1.6737636141761545,1.4369130237777747,9.835509635747655,-0.0452470713428851,-0.03633010673826772,0.09873392517784506,-1.9227960732056009,1.4837460605468245,9.57011007178586,-0.07128464949110042,-0.016836715084626863,0.10000000000000009
13.47,0.16399042186509039,0.1487574090165844,1.3470000000000002,-1.6326481987840085,1.2445797784134138,9.791875632327336,-0.05114523623126479,-0.03246508349489775,0.0967905497410297,-1.9233009406921733,1.4804647651129965,9.571497837789687,-0.07193346911244097,-0.018158841548716886,0.10000000000000009
13.48,0.16326785014343675,0.1485692138544977,1.348,-1.6814029646617368,1.1629786665172115,9.683434855357389,-0.0374812952405109,-0.03876604199057838,0.11197291238341672,-1.9236034488983185,1.4771397199249607,9.572909604761438,-0.07257944892357926,-0.019479355039506152,0.10000000000000009
13.49,0.1625388328866188,0.14836782191579428,1.3490000000000002,-1.7584133644787998,1.3250896368680534,9.79630766517573,-0.056559438750861245,-0.030611253291427446,0.08567393834859405,-1.92370341314804,1.4737705580666203,9.57434510474068,-0.07322256342236072,-0.020798138261353405,0.10000000000000009
13.5,0.16180339887498954,0.14815325108927063,1.35,-1.7305284567546386,1.376414357491,9.766455532092026,-0.0852797389634992,-0.08014057715928483,0.09583043459379133,-1.9236006711854712,1.4703569112075208,9.575804062374809,-0.07386278721971673,-0.022115074072298624,0.09999999999998899
13.51,0.16106157714222447,0.1479255204343483,1.351,-1.863315981397707,1.346635210205697,9.883225417340359,-0.08417410629686109,-0.06414485765234444,0.09535181137013508,-1.9232950832208373,1.4668984097297366,9.577286194974567,-0.07450009504070404,-0.023430045494490792,0.10000000000000009
13.52,0.16031339697417546,0.14768465017938082,1.352,-1.7500487888024903,1.4299749080248472,9.921150073999987,-0.04830669386601459,-0.03768933102405438,0.10475854183819334,-1.922786531974164,1.4633946828558595,9.578791212571916,-0.07513446172551369,-0.024742935724572646,0.10000000000001119
13.530000000000001,0.1595588879077142,0.14743066171985686,1.3530000000000002,-1.8077069191587165,1.3635889591277277,9.925299640875945,-0.06840990969581753,-0.0759494271427443,0.09608841033648668,-1.92207492271673,1.4598453587780558,9.580318817980357,-0.07576586223041887,-0.02605362814403489,0.10000000000000009
13.540000000000001,0.15879807972956708,0.14716357761650012,1.354,-1.6833619025446172,1.2802145056594565,9.911328366615194,-0.053841097296156985,-0.0545425861575188,0.1319318076512164,-1.9211601833102339,1.4562500647881478,9.581868706857618,-0.07639427162880325,-0.02736200632960234,0.10000000000000009
13.55,0.15803100247513813,0.1468834215932648,1.3550000000000002,-1.532602783105322,1.1358364508048786,9.841959194075244,-0.059302692132549045,-0.048581895167538275,0.13492302319739946,-1.9200422642436679,1.4526084274086632,9.583440567770712,-0.0770196651121588,-0.02866795406355621,0.10000000000000009
13.56,0.1572576864273239,0.146590218535229,1.356,-1.6983053502562722,1.3002507152877818,9.813050328444346,-0.06409654580683959,-0.06166451159008628,0.07756582710164169,-1.918721138667888,1.4489200725248268,9.585034082263386,-0.0776420179910281,-0.029971355344064754,0.10000000000000009
13.57,0.15647816211531757,0.14628399448638352,1.3570000000000002,-1.8967626852461188,1.3961993824001848,9.796508491472506,-0.06361752201707278,-0.06087553129005598,0.11618203719236196,-1.9171968024278454,1.4451846255174376,9.586648924925921,-0.0782613056959619,-0.031272094395499994,0.10000000000000009
13.58,0.15569246031340467,0.145964776647319,1.358,-1.7650883041414032,1.2789290659424037,9.736949520317932,-0.07578363006701828,-0.04768575612186877,0.12089878563122157,-1.9154692740924923,1.4414017113965965,9.588284763467277,-0.07887750377853775,-0.032570055678690646,0.09999999999998899
13.59,0.1549006120397468,0.1456325933728097,1.359,-1.726467392428872,1.3083394062513147,9.938248605897913,-0.06375123123228295,-0.03814071214311099,0.11620671305014864,-1.9135385949823223,1.4375709549362183,9.589941258789558,-0.0794905879123356,-0.033865123901216654,0.10000000000000009
13.6,0.15410264855515796,0.14528747416929466,1.36,-1.726510645625453,1.335205431700112,9.848278907771524,-0.0728745186513613,-0.06901075482924686,0.09802831531225506,-1.9114048291945422,1.4336919808093112,9.591618065064822,-0.08010053389383431,-0.035157184027623245,0.10000000000000009
13.61,0.15329860136187012,0.14492944969225724,1.361,-1.791539164676945,1.2176568218280357,9.76402101309472,-0.0702347747594763,-0.06457541632269295,0.10429427174848915,-1.9090680636258608,1.429764413723954,9.593314829814169,-0.0807073176434206,-0.03644612128966135,0.10000000000000009
13.620000000000001,0.15248850220228954,0.14455855174350143,1.362,-1.7100515347119478,1.3448423498191688,9.800464846238578,-0.06992285533805323,-0.0684183009746312,0.09666162527834271,-1.9065284079928624,1.4257878785599376,9.595031193989149,-0.08131091520628686,-0.037731821196472504,0.10000000000001119
13.63,0.1516723830577444,0.1441748132683278,1.3630000000000002,-1.8267198898981234,1.4208287228090999,9.800382382134309,-0.06908984382437694,-0.09490694838374909,0.10141814433069396,-1.9037859948499793,1.4217620005060156,9.596766792055396,-0.081911302753436,-0.039014169544751565,0.10000000000000009
13.64,0.15085027614722082,0.1437782683526064,1.364,-1.800080986160296,1.272179874622818,9.876171429387346,-0.05226041065490254,-0.05772587254483405,0.08956302930189537,-1.9008409796050154,1.4176864051977183,9.598521252078575,-0.08250845658261674,-0.040293052428914955,0.10000000000000009
13.65,0.15002221392609205,0.1433689522197495,1.3650000000000002,-1.6707089931865,1.1921495935833148,9.959309947649272,-0.06865357745350731,-0.04714971333765106,0.10609548408331168,-1.8976935405322273,1.4135607188556876,9.600294195812518,-0.08310235311922293,-0.04156835625117872,0.10000000000000009
13.66,0.14918822908483637,0.14294690122758283,1.366,-1.8004083705915417,1.2730427937023134,9.846364176711619,-0.05204864783998159,-0.04715790147768225,0.08523687257167209,-1.8943438787829416,1.4093845684244757,9.602085238789613,-0.08369296891721084,-0.042839967731685136,0.09999999999998899
13.67,0.14834835454774783,0.1425121528651158,1.367,-1.673325560335338,1.0975442333550747,9.69669560230892,-0.044999883706654,-0.07647825390333522,0.10481878500131252,-1.890792218393684,1.4051575817117754,9.603893990413374,-0.08428028066007759,-0.04410777391855719,0.10000000000000009
13.68,0.14750262347163481,0.14206474574921168,1.368,-1.8222488182226646,1.2984121524366514,9.863295677813083,-0.055766196157952024,-0.08334233958581917,0.08894994298370625,-1.8870388062918184,1.4008793875280006,9.605720054053196,-0.08486426516178674,-0.04537166219791694,0.10000000000000009
13.69,0.1466510692445121,0.14160471962115745,1.369,-1.5661941681678657,1.3031117172508224,9.86800940779823,-0.060978742912697816,-0.06575353946796988,0.11070403710606992,-1.8830839122986711,1.3965496158262087,9.60756302714127,-0.08544489936763017,-0.04663152030389556,0.10000000000000009
13.700000000000001,0.1457937254842822,0.14113211534313377,1.37,-1.7640197193508458,1.3958215810778125,9.865929564646027,-0.06471645195130016,-0.054836061071562844,0.09743237009168075,-1.8789278291301297,1.392167897842286,9.609422501271636,-0.08602216035513977,-0.04788723632860731,0.10000000000001119
13.71,0.1449306260374093,0.1406469748945853,1.3710000000000002,-1.7171449559771046,1.2434467046890283,9.835229175248578,-0.0572291009117729,-0.06620507178335809,0.11188456642157882,-1.874570872394694,1.387733866235364,9.611298062301353,-0.0865960253350409,-0.04913869873209853,0.10000000000000009
13.72,0.1440618049775814,0.1401493413684918,1.372,-1.6684877762877006,1.285268393967925,9.904257628459716,-0.06958924002513818,-0.06536270542782056,0.12381894274018611,-1.870013380588973,1.383247155228396,9.613189290453745,-0.0871664716521503,-0.05038579635224527,0.10000000000000009
13.73,0.1431872966043663,0.1396392589675404,1.3730000000000002,-1.7364469744076816,1.1785391179004379,9.893922950217771,-0.05656965911126785,-0.053896434821951236,0.1315062173773151,-1.865255715090607,1.378707400748872,9.615095760423737,-0.08773347678621007,-0.051628418414631505,0.10000000000000009
13.74,0.1423071354418572,0.13911677300019917,1.374,-1.6738312547654086,1.2145424396214326,9.888874193590588,-0.0627185319607384,-0.08322993575567347,0.06984664077809383,-1.8602982601485987,1.3741142405696003,9.617017041485205,-0.08829701835283144,-0.052866454542369046,0.09999999999998899
13.75,0.14142135623730967,0.13858192987669302,1.375,-1.6352138758007964,1.1155140941207733,9.927606308769676,-0.0778666607634046,-0.07670973190653589,0.09534989142316637,-1.8551414228710466,1.3694673144495133,9.618952697600372,-0.088857074104369,-0.054099794765929965,0.10000000000000009
13.76,0.1405299939597698,0.13803477710488057,1.3760000000000001,-1.5997727665360957,1.2189009174280805,9.861914902734325,-0.05952314802421684,-0.05018807673721347,0.10318373180724497,-1.8497856332102514,1.3647662642744463,9.620902287531168,-0.0894136219307548,-0.05532832953291239,0.10000000000000009
13.77,0.13963308379869457,0.13747536328603477,1.377,-1.607745453057337,1.2063741899328848,9.860609644853433,-0.07217058235585778,-0.07873140506340642,0.11474958895552072,-1.844231343945194,1.360010734197847,9.622865364952562,-0.089966639860449,-0.05655194971775773,0.10000000000000009
13.780000000000001,0.13873066116256083,0.13690373811052542,1.3780000000000001,-1.679168584315837,1.2495362970314547,10.011866554763053,-0.07579546150747299,-0.09612466536171438,0.08321682250245958,-1.8384790306613645,1.3552003707813416,9.624841478567818,-0.09051610606124888,-0.057770546631441544,0.10000000000001119
13.790000000000001,0.1378227616774696,0.13631995235340594,1.3790000000000002,-1.670866492673446,1.1717383213584052,9.948198047890315,-0.08200592516965757,-0.0883174881832914,0.09317914684122955,-1.8325291917279314,1.350334823135145,9.626830172225684,-0.09106199884115762,-0.05898401203112691,0.10000000000000009
13.8,0.13690942118573768,0.13572405786990288,1.3800000000000001,-1.4644415363542285,1.2250109795183708,9.971987422414491,-0.07275324836123216,-0.09363511308645478,0.10998022713611003,-1.8263823482722277,1.3454137430582211,9.628830985039405,-0.09160429664928776,-0.06019223812981228,0.10000000000000009
13.81,0.13599067574448384,0.1351161075908097,1.3810000000000002,-1.5697241385596068,1.185177078286621,10.003301840697187,-0.06081678741009916,-0.07538263652325522,0.10910116186101823,-1.8200390441515517,1.3404367851781822,9.630843451507628,-0.09214297807663696,-0.06139511760587385,0.10000000000000009
13.82,0.13506656162420494,0.1344961555177854,1.3820000000000001,-1.7125335825666474,1.1801995293526624,9.948797875774991,-0.06318496167306643,-0.09539876296335566,0.11351680494075019,-1.8134998459222618,1.3354036070908522,9.63286710163709,-0.09267802185698448,-0.06259254361259681,0.09999999999998899
13.83,0.13413711530734415,0.13386425671855776,1.383,-1.6238106036394908,1.207998325173068,9.984155575336537,-0.07186205958858805,-0.07919477963274331,0.11456381201076425,-1.806765342806153,1.3303138694994512,9.634901461067093,-0.09320940686772111,-0.06378440978768718,0.10000000000000009
13.84,0.13320237348685052,0.13322046732203166,1.3840000000000001,-1.6516058008226804,1.1989176180502175,9.786571624407612,-0.06863973175452018,-0.09550124628480848,0.11306561277629905,-1.7998361466541017,1.3251672363533527,9.636946051195721,-0.09373711213069014,-0.06497061026268514,0.10000000000000009
13.85,0.13226237306473035,0.13256484451330405,1.385,-1.6287149647620902,1.2518923811056692,9.9308284745388,-0.059200359404398176,-0.11752696898410313,0.11105631378961187,-1.7927128919069721,1.3199633749863617,9.639000389307798,-0.09426111681295896,-0.06615103967240743,0.10000000000000009
13.86,0.13131715115059134,0.1318974465285835,1.3860000000000001,-1.7095810091971664,1.176169764749445,9.901955115874172,-0.08103875684657182,-0.08223891634384134,0.10921817529864287,-1.7853962355537525,1.3147019562544695,9.641063988704456,-0.0947814002277253,-0.06732559316430659,0.10000000000001119
13.870000000000001,0.13036674506017584,0.13121833265001792,1.3870000000000002,-1.6361860498292091,1.1522424322152247,10.051023330437506,-0.09617703835595204,-0.08570018813212758,0.1185199236725825,-1.777886857086933,1.3093826546730125,9.643136358834429,-0.09529794183513046,-0.06849416640773154,0.10000000000000009
13.88,0.12941119231388873,0.13052756320042888,1.3880000000000001,-1.4510391044745776,1.1611849768854448,9.992803516223006,-0.06047405572079017,-0.08123730223653758,0.0748604353785326,-1.7701854584551022,1.3040051485532265,9.645217005426895,-0.09581072124295043,-0.06965665560325629,0.10000000000000009
13.89,0.12845053063531683,0.1298251995379528,1.3890000000000002,-1.5419911512202036,1.1140267912359334,9.869532710387038,-0.088515347488074,-0.10021628300665497,0.13169513434887556,-1.762292764012741,1.2985691201381107,9.647305430625902,-0.09631971820753815,-0.070812957491867,0.10000000000000009
13.9,0.12748479794973797,0.12911130405059154,1.3900000000000001,-1.7810697276150838,1.1367515375778057,9.951403386882017,-0.09131684633358683,-0.10280769086314659,0.07545615662523555,-1.7542095204672212,1.2930742557375627,9.649401133126341,-0.09682491263459381,-0.07196296936414076,0.09999999999998899
13.91,0.12651403238262496,0.12838594015066998,1.391,-1.4771321582386414,1.3223077337782845,9.937588341707913,-0.10828675158322326,-0.08627037104512102,0.09242616926604297,-1.7459364968229782,1.287520245862748,9.651503608311387,-0.09732628457988779,-0.07310658906938411,0.10000000000000009
13.92,0.1255382722581402,0.12764917226920386,1.3920000000000001,-1.4788469518672014,1.081494256446333,9.964442497462688,-0.07325132024618036,-0.07059963849896993,0.10525453535726037,-1.7374744843228673,1.2819067853596382,9.653612348391407,-0.09782381425011283,-0.07424371502468274,0.10000000000000009
13.93,0.1245575560976227,0.12690106585017633,1.393,-1.5864528289698092,1.126821187408349,9.848193866050826,-0.10679649366646315,-0.09446035532946653,0.11875539481734193,-1.7288242963866716,1.2762335735416848,9.655726842544293,-0.09831748200366808,-0.07537424622392347,0.10000000000000009
13.94,0.12357192261806685,0.1261416873447254,1.3940000000000001,-1.4923377530026296,1.1117964341835775,9.960143556761183,-0.09438710066922089,-0.08929981394390338,0.06382435368563996,-1.7199867685467753,1.2705003143215616,9.657846577057144,-0.09880726835136897,-0.07649808224679255,0.10000000000001119
13.950000000000001,0.12258141073059532,0.12537110420524047,1.3950000000000002,-1.6090872874073052,1.1195772760726987,9.914498546574938,-0.07476283518674623,-0.10172156007315496,0.10846950608238246,-1.710962758380965,1.2647067163419587,9.659971035469292,-0.09929315395728402,-0.07761512326767556,0.10000000000000009
13.96,0.12158605953892117,0.12458938487937188,1.3960000000000001,-1.5691628202102665,1.1069345140922486,9.95787109773849,-0.0730358129366166,-0.121147641748979,0.12082835007059112,-1.7017531454423782,1.2588524931053395,9.662099698716625,-0.09977511963952593,-0.07872527006452454,0.10000000000000009
13.97,0.1205859083378048,0.12379659880394998,1.3970000000000002,-1.4020007889876014,1.1511418326914629,9.877030257894255,-0.09409804681188336,-0.08453185967784291,0.12384824034411959,-1.6923588311865647,1.252937363102654,9.664232045277148,-0.10025314637087321,-0.07982842402770446,0.10000000000000009
13.98,0.1195809966115037,0.12299281639881779,1.3980000000000001,-1.536431738610071,0.9855164251487176,9.891408823620441,-0.08681230982625446,-0.08642257875978643,0.09870508614240911,-1.6827807388956737,1.2469610499409425,9.666367551317744,-0.10072721527964734,-0.08092448716867928,0.09999999999998899
13.99,0.11857136403221186,0.1221781090605764,1.399,-1.6560765911125763,1.1962587512517597,10.034830557892086,-0.09849902731170454,-0.090486438176994,0.1045344556670334,-1.673019813599751,1.2409232824697747,9.668505690842107,-0.10119730765045104,-0.08201336212878205,0.10000000000000009
14.0,0.11755705045849468,0.12135254915624215,1.4000000000000001,-1.5013758671503539,1.1567019614505063,9.857954096992493,-0.09394295601729741,-0.1050175939857661,0.09966044295859089,-1.6630770219951236,1.234823794906505,9.670645935839783,-0.10166340492482606,-0.08309495218785795,0.10000000000000009
14.01,0.11653809593371534,0.12051621001681924,1.401,-1.4934447548454026,1.0006146779653247,9.865373054896656,-0.08212204037517354,-0.09423234888803737,0.10307890487594512,-1.652953352359896,1.228662326960276,9.67278775643628,-0.1021254887020484,-0.08416916127281793,0.10000000000000009
14.02,0.11551454068445371,0.11966916593078579,1.4020000000000001,-1.3804905960500296,0.9094398933457388,9.940752919145561,-0.09407754170949709,-0.0908075820244183,0.09363311048420352,-1.6426498144665236,1.222438623954736,9.674930621044195,-0.10258354073985967,-0.08523589396621581,0.10000000000001119
14.030000000000001,0.11448642511891814,0.11881149213749492,1.4030000000000002,-1.4658568468117033,1.006257775806935,9.884733517420589,-0.09075748927244633,-0.08098197496972931,0.09572645729320421,-1.6321674394914703,1.2161524369494245,9.677073996515343,-0.10303754295511933,-0.08629505551465133,0.10000000000000009
14.040000000000001,0.11345378982535133,0.11794326482049276,1.4040000000000001,-1.4892723421515783,1.056801979722783,9.877871300109206,-0.10963158489428104,-0.0915407975229324,0.11569166567029174,-1.621507279921957,1.2098035228597903,9.679217348293777,-0.10348747742459641,-0.08734655183727374,0.10000000000000009
14.05,0.11241667557042621,0.11706456110074945,1.4050000000000002,-1.36054605873244,1.2780834176847613,9.958740694691752,-0.07105583094416851,-0.10639067736398694,0.1111648900001227,-1.6106704094597502,1.2033916445757749,9.681360140569728,-0.1039333263856787,-0.08839028953413208,0.10000000000000009
14.06,0.11137512329763775,0.11617545902981012,1.4060000000000001,-1.4231503866087967,1.10684168669806,9.829679088103106,-0.08078858799175483,-0.12808773996535272,0.11653350602628484,-1.5996579229220518,1.196916571078956,9.683501836434356,-0.10437507223701181,-0.08942617589439289,0.09999999999998899
14.07,0.11032917412568598,0.11527603758286159,1.407,-1.4807836585757457,0.9122299037511727,9.872765952153047,-0.0769644311902513,-0.10712925809327811,0.11240194304344357,-1.5884709361394362,1.1903780775581754,9.685641898035295,-0.1048126975391972,-0.09045411890464816,0.10000000000000009
14.08,0.10927886934685381,0.11436637665171716,1.4080000000000001,-1.3183950918075455,0.9955824053986071,10.121737284118193,-0.06994895290309827,-0.1066731223131175,0.12007258334344939,-1.5771105858508532,1.1837759455236398,9.687779786732914,-0.10524618501553742,-0.09147402725703802,0.10000000000000009
14.09,0.10822425042537523,0.11344655703772083,1.409,-1.383349693626013,1.0401084497902153,9.996311374807037,-0.10202217971542454,-0.10085680497385525,0.12265739344873973,-1.5655780295956925,1.1771099629194204,9.689914963257303,-0.10567551755271826,-0.09248581035740597,0.10000000000000009
14.1,0.10716535899579945,0.11251666044456904,1.4100000000000001,-1.3884758549173295,1.0592856632865406,9.901349368876671,-0.09549018635904692,-0.09220052174909113,0.08338771706278192,-1.5538744456028941,1.1703799242343487,9.692046887865857,-0.10610067820141164,-0.09348937833334597,0.10000000000000009
14.11,0.106102236861347,0.11157676947105391,1.411,-1.362099364756603,0.925453742188182,9.995480316290644,-0.11914580015737118,-0.11508835998813177,0.09663513336566415,-1.542001032677128,1.163585630611243,9.694175020501449,-0.10652165017701679,-0.09448464204214607,0.10000000000000009
14.120000000000001,0.10503492599225911,0.11062696760372612,1.4120000000000001,-1.448508395788534,1.0126283898290904,10.010986624114024,-0.04401299373166394,-0.08315709281137065,0.10612695088215006,-1.529959010082021,1.1567268899544403,9.696298820951151,-0.10693841686025413,-0.09547151307871815,0.10000000000001119
14.13,0.10396346852414191,0.10966733920947955,1.4130000000000003,-1.392936066166959,0.9572512063666103,10.048164335216324,-0.09392390172928987,-0.14211473121087512,0.10940943653627852,-1.5177496174204483,1.1498035170355965,9.698417749005431,-0.10735096179788628,-0.09644990378345694,0.10000000000000009
14.14,0.10288790675630138,0.10869796952805698,1.4140000000000001,-1.3386515453352432,0.9200721577428914,9.960577425732437,-0.0764943984738262,-0.11031663703166379,0.09990336550563399,-1.5053741145118666,1.1428153335977025,9.70053126461776,-0.10775926870337446,-0.09741972725005876,0.09999999999998899
14.15,0.10180828315007442,0.10771894466447837,1.415,-1.3435140340666296,1.022251624111966,10.053173510899807,-0.11112116733346301,-0.1295556725182733,0.12360783648764709,-1.4928337812667132,1.1357621684573047,9.70263882806461,-0.10816332145746552,-0.09838089733320426,0.10000000000000009
14.16,0.10072464032715207,0.1067303515813929,1.4160000000000001,-1.2129498176719666,1.056218317646045,9.815154388130528,-0.07819816573558244,-0.1471696676342255,0.13971481316591955,-1.4801299175578666,1.1286438576048798,9.704739900105778,-0.10856310410881365,-0.09933332865620925,0.10000000000000009
14.17,0.09963702106789815,0.10573227809135419,1.417,-1.2842748771452313,1.0546173668562702,9.894727876550066,-0.06562156678217314,-0.12246965292883058,0.11277046607722263,-1.467263843089167,1.1214602443033386,9.70683394214496,-0.1089586008746854,-0.1002769366185978,0.10000000000000009
14.18,0.09854546830965837,0.10472481284902094,1.4180000000000001,-1.2200142376985272,1.0270713510877314,9.993592651220546,-0.09484644615783162,-0.1421084029785258,0.11119342051183403,-1.4542368972610045,1.1142111791846023,9.708920416390564,-0.10934979614157861,-0.10121163740365591,0.10000000000000009
14.19,0.09745002514506658,0.10370804534328107,1.419,-1.2730439690940871,0.9339245154813116,10.008044221820791,-0.10946292749156927,-0.12358160808686328,0.12281632055705154,-1.441050439032967,1.1068965203442587,9.710998786016642,-0.10973667446577129,-0.10213734798588323,0.10000000000000009
14.200000000000001,0.09635073482034294,0.10268206588930327,1.4200000000000002,-1.174950294434155,1.0232108779038458,9.9115602003775,-0.09666705592931032,-0.12168481490942205,0.08196812508576862,-1.427705846783577,1.0995161334342296,9.713068515323979,-0.11011922057394055,-0.1030539861382844,0.10000000000001119
14.21,0.09524764073358777,0.10164696562051538,1.4210000000000003,-1.2144415826237847,0.9832651842107972,10.00781049747359,-0.12830684059755865,-0.10634215055702122,0.11033723834198984,-1.4142045181671108,1.0920698917534484,9.715129069901192,-0.11049741936382043,-0.10396147043976803,0.10000000000000009
14.22,0.09414078643306653,0.10060283648050791,1.4220000000000002,-1.2312226190613371,0.9597484326011986,9.938079281422107,-0.0957459919911087,-0.1466135526228738,0.12460098735610428,-1.4005478699674776,1.0845576763364835,9.717179916785836,-0.11087125590480071,-0.1048597202823312,0.09999999999998899
14.23,0.09303021561549175,0.09954977121486876,1.423,-1.2186189630060995,0.8923871953436265,9.967346650315767,-0.08315466105565031,-0.11129954461211174,0.10042499191463321,-1.3867373379492323,1.0769793760401178,9.71922052462546,-0.11124071543844039,-0.10574865587822044,0.10000000000000009
14.24,0.09191597212429772,0.0984878633629435,1.4240000000000002,-1.2813070187643343,0.8928483301588833,10.071493322480253,-0.09644940551395498,-0.12426886482480119,0.09181727645798637,-1.3727743767056544,1.0693348876278288,9.721250363838532,-0.11160578337912411,-0.10662819826705444,0.10000000000000009
14.25,0.09079809994790927,0.09741720724952767,1.425,-1.1503860345671588,0.9302001658799115,10.063278373223811,-0.10067352565305443,-0.11121173884816883,0.10754282174430775,-1.3586604595039593,1.0616241158521516,9.72326890677519,-0.11196644531456454,-0.10749826932278383,0.10000000000000009
14.26,0.08967664321800643,0.09633789797648783,1.4260000000000002,-1.179960412989807,1.112065996662394,9.914898466318462,-0.08873842782814736,-0.1339984157757112,0.10934615728840792,-1.3443970781276242,1.0538469735349056,9.72527562787778,-0.1123226870064456,-0.10835879176067653,0.10000000000000009
14.27,0.08855164620778036,0.09525003141431414,1.427,-1.204003939049169,0.9342912268644983,9.913050653070258,-0.08784779066790846,-0.1482383594249041,0.09651018822285362,-1.329985742715837,1.046003381645238,9.727270003841106,-0.11267449439100255,-0.10920968914414284,0.10000000000000009
14.280000000000001,0.08742315333018638,0.09415370419360497,1.4280000000000002,-1.061548972193342,0.853589871961998,9.966260775069461,-0.12227449736305844,-0.14733585159588758,0.14164532765570376,-1.3154279816000956,1.0380932693754858,9.729251513772306,-0.11302185357943487,-0.11005088589153833,0.10000000000001119
14.290000000000001,0.08629120913619166,0.09304901369648337,1.4290000000000003,-1.2351948668873387,0.8294262323972136,9.999588674430607,-0.09641637367898227,-0.1492139655170421,0.10295144913912548,-1.300725341137961,1.0301165742148295,9.731219639350389,-0.11336475085859526,-0.11088230728292237,0.10000000000000009
14.3,0.08515585831301448,0.09193605804794652,1.4300000000000002,-1.1536226924831094,0.8482024174681735,9.94956666840841,-0.06175883244255739,-0.12353360370918849,0.09283332779748632,-1.2858793855439545,1.0220732420206848,9.733173864985261,-0.11370317269151983,-0.11170387946665208,0.09999999999998899
14.31,0.08401714568236127,0.09081493610715033,1.431,-1.0228263003304017,1.054823815506634,10.085862588052786,-0.11868537001306459,-0.10947449599542791,0.1085523333852489,-1.2708916967176638,1.01396322708786,9.735113677976274,-0.11403710571787837,-0.11251552946593621,0.10000000000000009
14.32,0.08287511619865691,0.0896857474586278,1.4320000000000002,-1.065729231678675,0.8406493408908299,10.031342615874568,-0.10032224873796351,-0.14081448937068108,0.12370018248081681,-1.255763874069018,1.005786492215424,9.737038568670194,-0.11436653675456487,-0.11331718518530556,0.10000000000000009
14.33,0.08172981494726997,0.08854859240344422,1.433,-1.0803259648834047,0.9364724333094543,10.036582081871998,-0.07012091911792083,-0.1237763681822595,0.11022811601785988,-1.2404975343407916,0.9975430087712768,9.738948030618543,-0.11469145279620757,-0.11410877541706416,0.10000000000000009
14.34,0.08058128714273276,0.08740357195028652,1.4340000000000002,-1.0419878661529005,0.8262417068028394,9.903358327099934,-0.08295520835852915,-0.1567829729575492,0.11729082804406649,-1.2250943114283035,0.9892327567544059,9.74084156073426,-0.11501184101569348,-0.1148902298476126,0.10000000000000009
14.35,0.0794295781269561,0.08625078780649197,1.435,-1.0337744328235776,0.8682036728637884,10.100673745022112,-0.10773603999466731,-0.13208446102238125,0.0969312914493694,-1.2095558561963813,0.98085572485481,9.74271865944763,-0.1153276887646118,-0.1156614790636501,0.09999999999998899
14.36,0.07827473336744052,0.08509034236901351,1.436,-1.153985472115546,0.9017401360602721,9.783581512063446,-0.09720563207844653,-0.12544508527342493,0.13233370241266987,-1.1938838362935718,0.9724119105110819,9.744578830861407,-0.11563898357383404,-0.11642245455835143,0.10000000000001119
14.370000000000001,0.07711679845547942,0.08392233871532494,1.4370000000000003,-1.046535226343425,0.784632401263083,10.078145641065735,-0.10060298917209196,-0.1579375437808983,0.11851260307281566,-1.1780799359636278,0.9639013199656095,9.746421582905088,-0.11594571315402188,-0.117173088737451,0.10000000000001119
14.38,0.07595581910436008,0.0827468805942645,1.4380000000000002,-0.8737477715192467,0.771524269779261,10.086863492415693,-0.1120632567139437,-0.14000757660828853,0.12577562430726721,-1.1621458558542905,0.9553239683174186,9.748246427488285,-0.11624786539597004,-0.11791331492530116,0.09999999999998899
14.39,0.07479184114756002,0.08156407241681891,1.439,-1.038624982638359,0.9470331825887132,9.978996358994747,-0.10224539509426507,-0.12689186077386674,0.11556425780013152,-1.1460833128233832,0.9466798795726276,9.750052880653117,-0.11654542837122445,-0.11864306737074462,0.10000000000000009
14.4,0.0736249105369356,0.0803740192468496,1.4400000000000002,-0.9951737335387577,0.884272980977993,10.118429136325673,-0.10558598479344805,-0.18222211928566268,0.1224866252712104,-1.1298940397422403,0.937969086692481,9.751840462725594,-0.11683839033254026,-0.11936228125295004,0.10000000000000009
14.41,0.07245507334090921,0.07917682679175991,1.441,-0.9978017381568735,0.8592193605889551,10.014353053341933,-0.1000485079639715,-0.11880401440730165,0.09688095647635334,-1.1135797852964968,0.9291916316389952,9.753608698465923,-0.11712673971426557,-0.12007089268715673,0.10000000000000009
14.42,0.07128237574265028,0.07797260139310647,1.4420000000000002,-0.9455913583805358,0.8510041454000371,10.027843248579222,-0.11335735650215564,-0.13419498101123611,0.10265722828794696,-1.0971423137842593,0.9203475654181708,9.75535711721766,-0.11741046513285905,-0.12076883873040276,0.10000000000000009
14.43,0.07010686403825203,0.07676145001715186,1.443,-0.969122853175373,0.8165588260442753,10.050585458862063,-0.12168447717229725,-0.1294747573386448,0.1301649850883978,-1.080583404911662,0.9114369481207816,9.757085253055699,-0.11768955538734582,-0.12145605738710721,0.09999999999998899
14.44,0.06892858463490337,0.07554348024536432,1.444,-0.8661004218729196,0.9324371768593229,10.28052957897407,-0.10347752747414116,-0.1469985316921266,0.13343455591069373,-1.063904853585865,0.9024598489607225,9.758792644933,-0.11796399945968594,-0.12213248761453466,0.10000000000001119
14.450000000000001,0.06774758404905831,0.07431880026486117,1.4450000000000003,-0.8731038572540138,0.7638231898901322,10.135347742633597,-0.0774032418741695,-0.16736875763409256,0.0926974777386261,-1.0471084697055004,0.8934163463109315,9.76047883682602,-0.11823378651529617,-0.12279806932823031,0.10000000000001119
14.46,0.06656390890459744,0.07308751885879972,1.4460000000000002,-0.8121561324242416,0.7970643460496957,10.08648924896318,-0.10202007214723384,-0.13411243875495182,0.11357883584193992,-1.0301960779485888,0.8843065277368366,9.76214337787879,-0.11849890590349896,-0.12345274340735263,0.09999999999998899
14.47,0.06537760593098833,0.07184974539671411,1.447,-0.9408967768014207,0.6275826273214317,9.960041947797425,-0.10841550402966875,-0.14401296863564844,0.1033399268662292,-1.0131695175579627,0.8751304900273773,9.763785822545584,-0.11875934715778122,-0.12409645169998984,0.10000000000000009
14.48,0.06418872196144182,0.07060558982479992,1.4480000000000002,-0.8675637450915133,0.6684439692577017,10.046126030247876,-0.09234254195587682,-0.14299921707617883,0.09931423618108368,-0.9960306421242144,0.865888339223574,9.765405730732123,-0.11901509999636892,-0.12472913702826147,0.10000000000000009
14.49,0.06299730393106096,0.06935516265614888,1.449,-0.8427271709951915,0.6281267567027548,9.970625092997954,-0.10626753144020895,-0.12783839541409214,0.1141092121729151,-0.9787813193662078,0.8565801906446155,9.767002667935252,-0.11926615432261284,-0.12535074319338577,0.10000000000000009
14.5,0.06180339887498956,0.0680985749609322,1.4500000000000002,-0.7728959397049547,0.8167908351060085,10.102768353889454,-0.07593168262921182,-0.13340744368473328,0.12678454819843404,-0.9614234309091736,0.8472061689115223,9.768576205381068,-0.11951250022530086,-0.12596121498072085,0.10000000000000009
14.51,0.06060705392655494,0.06683593835653447,1.451,-0.8570137233411632,0.5016269881851496,10.050502431690639,-0.10445266591358973,-0.11663417053436476,0.11637872485319213,-0.9439588720604201,0.8377664079683381,9.770125920161398,-0.11975412797911832,-0.12656049816460804,0.09999999999998899
14.52,0.059408316315407196,0.06556736499764004,1.452,-0.7025073682673469,0.663815973483919,9.951420256621716,-0.0941026363425968,-0.14371969993905961,0.1046507793205045,-0.9263895515826991,0.8282610511008742,9.771651395368625,-0.11999102804503073,-0.12714853951326377,0.10000000000001119
14.530000000000001,0.05820723336565432,0.06429296756626919,1.4530000000000003,-0.662494044888656,0.44724085051313067,10.04854817027402,-0.11634280943438281,-0.15694285389518411,0.11717992665178942,-0.908717391465226,0.8186902509529983,9.77315222022877,-0.12022319107059705,-0.12772528679345363,0.10000000000001119
14.540000000000001,0.057003852493995255,0.06301285926177097,1.4540000000000002,-0.8184674144026236,0.6117937463257481,9.974983946968647,-0.09774740351809166,-0.1501320363721583,0.10410450547530278,-0.8909443266924494,0.8090541695404917,9.774627990232794,-0.12045060789041828,-0.12829068877515046,0.09999999999998899
14.55,0.05579822120784596,0.06172715379076618,1.455,-0.7586574971621928,0.6287940397737125,10.056517366299593,-0.10126281184552603,-0.14159704129735734,0.11560111520092993,-0.8730723050105125,0.7993529782624396,9.776078307266092,-0.12067326952650143,-0.12884469523608139,0.10000000000000009
14.56,0.05459038710346523,0.06043596535704934,1.4560000000000002,-0.7446456535111122,0.7693167937394754,9.975376134060706,-0.10645024831505832,-0.1332733172387291,0.13047218226819077,-0.8551032866915433,0.7895868579102092,9.777502779736064,-0.1208911671885464,-0.1293872569661753,0.10000000000000009
14.57,0.05338039786407503,0.059139408651442675,1.457,-0.4739822358765285,0.6793343609370983,10.047834911348428,-0.11333396351500893,-0.1712245587921924,0.078337734435798,-0.8370392442957102,0.7797559986739878,9.778901022697807,-0.12110429227429227,-0.1299183257719879,0.10000000000000009
14.58,0.05216830125797938,0.057837598841609585,1.4580000000000002,-0.6998136114272987,0.5717034115931044,10.104673465553496,-0.11554006352685942,-0.1496438187639381,0.1214263242312669,-0.8188821624311585,0.7698606001469133,9.780272657977793,-0.12131263636992635,-0.13043785448090434,0.10000000000000009
14.59,0.0509541451366765,0.05653065156182459,1.459,-0.5109213730658926,0.7139673821584436,10.04095987442191,-0.10206031618357148,-0.12608004650183097,0.08631686900959634,-0.800634037511802,0.7599008713267681,9.781617314295517,-0.1215161912504141,-0.13094579694539338,0.09999999999998899
14.6,0.0497379774329711,0.05521868290270172,1.46,-0.7279676801291662,0.6202692140533128,10.014583436772757,-0.09727592166484582,-0.1543597412611622,0.12792572346288844,-0.782296877513047,0.7498770306153001,9.782934627383097,-0.12171494887974026,-0.13144210804704423,0.10000000000000009
14.61,0.0485198461590817,0.0539018094008837,1.461,-0.6871871053588741,0.6111527852997314,10.06300184655809,-0.1088500957309356,-0.13710226752817736,0.09998832045149456,-0.7638727017254766,0.7397893058151395,9.78422424010273,-0.12190890141131096,-0.1319267437006461,0.10000000000001119
14.620000000000001,0.04729979940474488,0.052580148028688795,1.4620000000000002,-0.6451205085303615,0.5003496730008505,10.103921757466392,-0.1027888988103506,-0.14415643942697878,0.09127180531470268,-0.745363540506502,0.7296379341243378,9.785485802561986,-0.12209804118817787,-0.1323996608580593,0.10000000000000009
14.63,0.04607788533531814,0.05125381618372252,1.463,-0.6386698859852983,0.5076624081106567,9.961625581129956,-0.1078772998379152,-0.13770667683052787,0.12001900110133785,-0.7267714350300893,0.7194231621285593,9.786718972226884,-0.12228236074342709,-0.1328608175120347,0.10000000000000009
14.64,0.04485415218987634,0.0499229316784481,1.4640000000000002,-0.5734493015966589,0.5100450793913822,10.07309684076718,-0.10610376447236751,-0.16474793862324769,0.11494019413705528,-0.7080984370345067,0.7091452457908927,9.78792341403272,-0.1224618528004727,-0.13331017270000847,0.10000000000000009
14.65,0.043628648279308686,0.04858761272972235,1.465,-0.5913253481552567,0.5685282985053111,10.157858800300588,-0.11055842160414159,-0.16506703506767506,0.09452028886566226,-0.6893466085682227,0.6988044504393568,9.789098800492576,-0.1226365102732753,-0.13374768650761815,0.10000000000000009
14.66,0.04240142198441083,0.04724797794829574,1.4660000000000002,-0.5802617764628891,0.5615816436382864,10.0999814083893,-0.10755772563383464,-0.1530452309695281,0.09070143891791589,-0.6705180217339484,0.6884010507520733,9.790244811803499,-0.12280632626662201,-0.13417332007235674,0.10000000000000009
14.67,0.041172521753976246,0.04590414632827521,1.467,-0.40206149615795717,0.6675331957674251,10.06017410232718,-0.06750025838783127,-0.17684401370621228,0.10670023984880322,-0.6516147584308603,0.6779353307401543,9.791361135950277,-0.12297129407646858,-0.1345870355870155,0.09999999999998899
14.68,0.03994199610288146,0.04455623723655543,1.468,-0.3779850921673617,0.5651293312125373,10.107703879753684,-0.10349884722553639,-0.1583851178284606,0.09152456854219633,-0.6326389100950687,0.6674075837282785,9.792447468806799,-0.12313140719020302,-0.13498879630299068,0.10000000000000009
14.69,0.038709893610172186,0.0432043704022154,1.469,-0.3812834723300969,0.30767109940705895,10.094656810301322,-0.09880293020866578,-0.1508791514706885,0.09373222681427626,-0.6135925774383658,0.6568181123330344,9.793503514234944,-0.12328665928683369,-0.13537856653355987,0.10000000000001119
14.700000000000001,0.03747626291714479,0.04184866590588423,1.4700000000000002,-0.3968609136951562,0.5345757543651783,10.118712211858247,-0.10215037982317013,-0.12836254519878126,0.11136633069631444,-0.5944778701852993,0.6461672284390023,9.794528984180939,-0.12343704423723872,-0.13575631165705093,0.10000000000000009
14.71,0.03624115272542741,0.04048924416907438,1.471,-0.4146784825203418,0.38705157120708333,9.898113114191348,-0.11278029449874047,-0.14947227842609467,0.09518730057218569,-0.5752969068086099,0.6354552531726315,9.795523598769208,-0.12358255610447795,-0.13612199811998368,0.10000000000000009
14.72,0.03500461179505523,0.039126225943484555,1.4720000000000002,-0.4423532236813442,0.41305290771506525,9.936363790571226,-0.08939253902420495,-0.14653899119896263,0.11590194643933992,-0.5560518142630622,0.6246825168738881,9.796487086393586,-0.12372318914402707,-0.13647559343998583,0.10000000000000009
14.73,0.03376668894254687,0.037759732300274663,1.473,-0.46175463002323053,0.4158935672454033,10.1408726560532,-0.11322299008156171,-0.13862342186740598,0.13189528786349905,-0.5367447277177627,0.6138493590657554,9.797419183805959,-0.12385893780391677,-0.13681706620867554,0.10000000000000009
14.74,0.03252743303897689,0.036389884619311044,1.4740000000000002,-0.3358400323279434,0.4178526981020197,9.940063852045341,-0.09326934907966938,-0.17090213252867192,0.10720295035331699,-0.5173777902869579,0.6029561284215654,9.79831963620221,-0.12398979672502246,-0.13714638609444196,0.10000000000000009
14.75,0.03128689300804642,0.035016804578385824,1.475,-0.4404782674300095,0.3503052371448049,10.092633514061896,-0.11416995075166098,-0.15936077542182694,0.11135353462791558,-0.49795315275939744,0.5920031827302044,9.799188197305496,-0.12411576074127534,-0.13746352384518823,0.09999999999998899
14.76,0.030045117824151386,0.03364061414240728,1.476,-0.406518846285008,0.46510062732241164,10.031401724448589,-0.12377793148897581,-0.12079559158643369,0.13963608552296145,-0.4784729733262664,0.5809908888592108,9.800024629446774,-0.1242368248797969,-0.13776845129093163,0.10000000000000009
14.77,0.028802156510450483,0.03226143555256719,1.477,-0.21746902345524274,0.3251133023440478,9.980113073732976,-0.10399588384935017,-0.15865406879908495,0.09145195186700762,-0.458939417307793,0.5699196227158121,9.800828703642589,-0.1243529843611998,-0.13806114134625352,0.10000000000001119
14.780000000000001,0.02755805813692739,0.03087939131548221,1.4780000000000002,-0.13861849000149562,0.45607690406047097,10.089725132256563,-0.12609541484657846,-0.14100607746323243,0.12703564365458125,-0.43935465687851394,0.558789769205877,9.801600199670066,-0.1244642345997065,-0.1383415680127174,0.10000000000000009
14.790000000000001,0.026312871818456353,0.029494604192312843,1.479,-0.2398455609201084,0.5949725359235158,10.079074681484204,-0.101373030077801,-0.14351696588915933,0.12521465364021744,-0.41972087079131637,0.5476017221908891,9.802338906139067,-0.12457057120333036,-0.13860970638117953,0.10000000000000009
14.8,0.025066646712860782,0.028107197187858618,1.4800000000000002,-0.16446890866846814,0.29864344035060175,10.233077013748865,-0.12727991161253902,-0.1802163844545189,0.12195201481690557,-0.4000402441002296,0.5363558844428828,9.803044620561518,-0.12467198997411967,-0.13886553263406584,0.10000000000000009
14.81,0.02381943201897396,0.026717293539631527,1.481,-0.2522478398209839,0.3689913711702492,10.014175878804798,-0.11421440941371676,-0.15372978127877118,0.12849875321521148,-0.3803149678820728,0.5250526675974454,9.80371714941784,-0.12476848690821783,-0.13910902404742215,0.10000000000000009
14.82,0.022571276974696425,0.025325016706910175,1.4820000000000002,-0.3207044436402245,0.17861531797812286,10.180489488155622,-0.13101671194774378,-0.15639841059291745,0.11336443599146499,-0.36054723895699387,0.5136924921047696,9.804356308220493,-0.12486005819609056,-0.13934015899292,0.10000000000000009
14.83,0.021322230855052148,0.023930490359773127,1.483,-0.14341208950722015,0.3445054131351769,10.093582552556585,-0.06720892054051851,-0.1538452345396699,0.10029079480542269,-0.34073925960793694,0.5022757871788048,9.804961921574554,-0.12494670022266015,-0.13955891693983052,0.09999999999998899
14.84,0.020072342970243223,0.022533838368113564,1.484,-0.12584697880738377,0.40882138928756606,10.014346522054444,-0.13455637513118396,-0.1703673058330399,0.125425112548539,-0.3208932372990977,0.49080299074453443,9.805533823235388,-0.12502840956746583,-0.1397652784567818,0.10000000000000009
14.85,0.01882166266370283,0.02113518479063749,1.485,-0.14548605944989026,0.4023695976057897,10.130372893752362,-0.10957147163920714,-0.17611965197031038,0.12596340485110682,-0.30101138439342845,0.4792745493834087,9.806071856163285,-0.125105183004727,-0.1399592252135505,0.10000000000000009
14.86,0.017570239310148682,0.019734653863842554,1.486,-0.15224562613356574,0.33998597824827137,10.113384870742244,-0.0925456471792144,-0.16671751180854338,0.125596521762797,-0.28109591786921656,0.4676909182769854,9.806575872575145,-0.1251770175035598,-0.14014073998270346,0.10000000000000009
14.870000000000001,0.016318122313631635,0.01833236999098342,1.487,-0.03408252222387603,0.39414270201036167,10.072625953970055,-0.09423026959420668,-0.16118767509706827,0.10966149722081639,-0.26114905903581,0.45605256114876214,9.807045733993094,-0.12524391022811446,-0.1403098066410105,0.10000000000001119
14.88,0.015065361105586393,0.016928457731022344,1.4880000000000002,-0.17052200172995835,0.5138369641438574,10.092347775526074,-0.09700116815255527,-0.142257092597537,0.09821471708097798,-0.24117303324855283,0.4443599502042964,9.807481311290088,-0.12530585853752757,-0.1404664101710064,0.10000000000000009
14.89,0.013812005142881084,0.015523041787563294,1.489,-0.13314516098916157,0.43549803650310404,10.024073729450173,-0.11455706998946322,-0.13286295398211034,0.11197736385912743,-0.22117006962294078,0.43261356606961754,9.807882484732447,-0.12536285998618577,-0.14061053666225973,0.10000000000000009
14.9,0.012558103905862678,0.01411624699777715,1.4900000000000002,-0.13154038086144315,0.2461961356734992,10.00743136678512,-0.08962346477539172,-0.13915733705881034,0.12317447792830483,-0.20114240074809894,0.42081389772793815,9.808249144019296,-0.12541491232380486,-0.14074217331260935,0.10000000000000009
14.91,0.011303706896404987,0.012708198321311107,1.491,-0.023499664608892867,0.16090283870831543,10.135095817563347,-0.09610316913888502,-0.1472409149945044,0.12431495865471245,-0.18109226239958942,0.40896144245475957,9.80858118831893,-0.12546201349543035,-0.14086130842935327,0.09999999999998899
14.92,0.01004886363595407,0.011299020829190085,1.492,-0.0977197431725888,0.2333508722712645,10.055328132626743,-0.10663098545844353,-0.1753205436751473,0.10256709836007266,-0.1610218932516439,0.39705670575136065,9.808878526302053,-0.12550416164158845,-0.1409679314302214,0.10000000000000009
14.93,0.008793623663573218,0.009888839692706678,1.493,-0.044285426429968314,0.17693333693337887,10.067384999868516,-0.10626628897306689,-0.16651370840215657,0.11387974316637871,-0.14093353458884048,0.3851002012767246,9.809141076171898,-0.1255413550983602,-0.14106203284431593,0.10000000000000009
14.94,0.007538036533986867,0.008477780172303766,1.494,-0.02674754635381647,0.27734540049622136,10.096371131697364,-0.1144759494416578,-0.1572303042274026,0.0894949400086741,-0.12082943001730612,0.3730924507779342,9.809368765691204,-0.1255735923973761,-0.14114360431301853,0.10000000000000009
14.950000000000001,0.006282151815625696,0.0070659676064463075,1.495,0.02738708092132061,0.13510434638486843,10.094823317342554,-0.12342250365758668,-0.1700026483253346,0.12383945176793759,-0.10071182517546488,0.3610339840190933,9.809561532206065,-0.12560087226596273,-0.1412126385906794,0.10000000000001119
14.96,0.005026019088667612,0.005653527400490178,1.4960000000000002,-0.04974420375242963,0.21166671531040315,9.95980734352784,-0.09109032828104713,-0.15195896355994457,0.09747567630257921,-0.080582967444427,0.34892533870876113,9.809719322666593,-0.12562319362721108,-0.14126912954526175,0.10000000000000009
14.97,0.0037696879430814743,0.004240585015541073,1.497,0.09540244415425328,0.2717860237663481,10.17671776046389,-0.08989265092389298,-0.1498691643083961,0.12082280869982664,-0.060445105658028395,0.33676706042600124,9.809842093644429,-0.12564055559985865,-0.14131307215895222,0.10000000000000009
14.98,0.002513207976670439,0.002827265957311133,1.4980000000000002,0.20921165517009307,0.18615924878492773,10.082794711650468,-0.12285174167241775,-0.15265333235789666,0.09192113141873146,-0.040300489812624025,0.3245597025450544,9.809929811347086,-0.12565295749848443,-0.14134446252847385,0.10000000000000009
14.99,0.0012566287931117855,0.0014136957649715956,1.499,0.14149264008289403,0.10408425898633937,10.055746329353566,-0.11174299817391871,-0.14540171965140922,0.12471205685248171,-0.020151370776647477,0.3123038261586413,9.8099824516291,-0.12565791835586534,-0.14135701923395375,0.09999999999998899
